endpoint,strategy,subgroup,model,feature_set,n_folds,harrell_c,uno_c,auc_36m,auc_60m,auc_120m,ibs,brier_5y,auc_roc_5y_binary,pr_auc_5y,accuracy,balanced_accuracy,sensitivity,specificity,ppv,npv,f1,mcc,kappa
OS,global,All,CoxPH,NPI,15,0.632 ± 0.020,0.643 ± 0.024,0.727 ± 0.042,0.719 ± 0.041,0.656 ± 0.031,0.187 ± 0.008,0.158 ± 0.011,0.720 ± 0.041,0.429 ± 0.071,0.661 ± 0.029,0.677 ± 0.031,0.704 ± 0.053,0.649 ± 0.034,0.366 ± 0.046,0.884 ± 0.025,0.480 ± 0.045,0.297 ± 0.054,0.265 ± 0.053
OS,global,TNBC,CoxPH,NPI,15,0.621 ± 0.040,0.628 ± 0.047,0.713 ± 0.062,0.710 ± 0.062,0.630 ± 0.064,0.224 ± 0.010,0.222 ± 0.035,0.711 ± 0.062,0.575 ± 0.110,0.656 ± 0.074,0.644 ± 0.059,0.600 ± 0.145,0.688 ± 0.143,0.524 ± 0.149,0.771 ± 0.073,0.539 ± 0.091,0.290 ± 0.127,0.275 ± 0.121
OS,global,Basal,CoxPH,NPI,15,0.598 ± 0.062,0.604 ± 0.071,0.688 ± 0.086,0.664 ± 0.084,0.600 ± 0.084,0.241 ± 0.013,0.249 ± 0.030,0.668 ± 0.083,0.557 ± 0.137,0.599 ± 0.072,0.614 ± 0.066,0.695 ± 0.160,0.533 ± 0.135,0.498 ± 0.109,0.742 ± 0.083,0.565 ± 0.099,0.233 ± 0.135,0.212 ± 0.124
OS,global,HER2-enriched,CoxPH,NPI,15,0.641 ± 0.039,0.649 ± 0.047,0.713 ± 0.083,0.722 ± 0.053,0.693 ± 0.057,0.218 ± 0.015,0.225 ± 0.023,0.724 ± 0.052,0.600 ± 0.099,0.641 ± 0.064,0.651 ± 0.072,0.697 ± 0.176,0.605 ± 0.121,0.500 ± 0.100,0.794 ± 0.075,0.573 ± 0.108,0.297 ± 0.142,0.276 ± 0.134
OS,global,Claudin-low,CoxPH,NPI,15,0.660 ± 0.039,0.674 ± 0.052,0.814 ± 0.078,0.762 ± 0.118,0.674 ± 0.065,0.178 ± 0.012,0.140 ± 0.025,0.764 ± 0.118,0.560 ± 0.161,0.683 ± 0.090,0.659 ± 0.098,0.619 ± 0.206,0.698 ± 0.129,0.379 ± 0.204,0.885 ± 0.063,0.431 ± 0.118,0.281 ± 0.170,0.247 ± 0.145
OS,global,Aggressive (Basal/HER2/CL),CoxPH,NPI,15,0.637 ± 0.028,0.649 ± 0.035,0.737 ± 0.033,0.724 ± 0.043,0.667 ± 0.042,0.212 ± 0.008,0.205 ± 0.020,0.725 ± 0.043,0.546 ± 0.101,0.624 ± 0.041,0.652 ± 0.042,0.743 ± 0.123,0.561 ± 0.096,0.444 ± 0.052,0.830 ± 0.037,0.553 ± 0.071,0.288 ± 0.076,0.258 ± 0.071
OS,global,LumB,CoxPH,NPI,15,0.632 ± 0.035,0.634 ± 0.044,0.635 ± 0.098,0.692 ± 0.062,0.656 ± 0.058,0.193 ± 0.015,0.173 ± 0.018,0.692 ± 0.062,0.412 ± 0.081,0.632 ± 0.051,0.653 ± 0.068,0.695 ± 0.130,0.612 ± 0.063,0.362 ± 0.058,0.863 ± 0.056,0.474 ± 0.075,0.263 ± 0.112,0.231 ± 0.097
OS,global,LumA,CoxPH,NPI,15,0.582 ± 0.042,0.583 ± 0.052,0.659 ± 0.145,0.646 ± 0.092,0.591 ± 0.063,0.161 ± 0.009,0.109 ± 0.011,0.646 ± 0.092,0.289 ± 0.112,0.699 ± 0.042,0.620 ± 0.065,0.513 ± 0.120,0.728 ± 0.045,0.214 ± 0.052,0.909 ± 0.033,0.297 ± 0.061,0.171 ± 0.086,0.147 ± 0.075
OS,global,All,CoxPH,Clinical,15,0.676 ± 0.026,0.680 ± 0.027,0.683 ± 0.043,0.713 ± 0.040,0.723 ± 0.029,0.173 ± 0.011,0.150 ± 0.011,0.713 ± 0.040,0.451 ± 0.073,0.692 ± 0.050,0.647 ± 0.034,0.562 ± 0.103,0.732 ± 0.085,0.385 ± 0.075,0.854 ± 0.029,0.447 ± 0.054,0.264 ± 0.066,0.251 ± 0.069
OS,global,TNBC,CoxPH,Clinical,15,0.635 ± 0.059,0.634 ± 0.063,0.656 ± 0.068,0.673 ± 0.073,0.677 ± 0.090,0.222 ± 0.024,0.219 ± 0.033,0.675 ± 0.072,0.569 ± 0.132,0.630 ± 0.054,0.619 ± 0.053,0.578 ± 0.193,0.659 ± 0.144,0.479 ± 0.101,0.756 ± 0.074,0.500 ± 0.113,0.235 ± 0.099,0.220 ± 0.098
OS,global,Basal,CoxPH,Clinical,15,0.587 ± 0.038,0.583 ± 0.038,0.595 ± 0.065,0.599 ± 0.068,0.605 ± 0.056,0.249 ± 0.017,0.257 ± 0.029,0.602 ± 0.067,0.547 ± 0.127,0.570 ± 0.065,0.554 ± 0.071,0.516 ± 0.222,0.593 ± 0.172,0.438 ± 0.117,0.666 ± 0.102,0.460 ± 0.151,0.107 ± 0.154,0.103 ± 0.137
OS,global,HER2-enriched,CoxPH,Clinical,15,0.645 ± 0.057,0.654 ± 0.058,0.704 ± 0.085,0.707 ± 0.081,0.715 ± 0.062,0.205 ± 0.024,0.204 ± 0.029,0.708 ± 0.082,0.620 ± 0.098,0.649 ± 0.083,0.612 ± 0.082,0.497 ± 0.215,0.728 ± 0.164,0.527 ± 0.126,0.728 ± 0.080,0.485 ± 0.138,0.238 ± 0.163,0.224 ± 0.157
OS,global,Claudin-low,CoxPH,Clinical,15,0.678 ± 0.064,0.694 ± 0.076,0.723 ± 0.128,0.702 ± 0.114,0.733 ± 0.099,0.160 ± 0.018,0.132 ± 0.025,0.703 ± 0.114,0.530 ± 0.184,0.718 ± 0.118,0.622 ± 0.088,0.464 ± 0.189,0.779 ± 0.172,0.389 ± 0.159,0.857 ± 0.046,0.390 ± 0.144,0.241 ± 0.163,0.230 ± 0.163
OS,global,Aggressive (Basal/HER2/CL),CoxPH,Clinical,15,0.644 ± 0.038,0.651 ± 0.037,0.670 ± 0.045,0.687 ± 0.051,0.702 ± 0.046,0.205 ± 0.015,0.198 ± 0.019,0.688 ± 0.051,0.546 ± 0.092,0.637 ± 0.055,0.611 ± 0.048,0.553 ± 0.166,0.669 ± 0.140,0.449 ± 0.081,0.769 ± 0.045,0.484 ± 0.088,0.220 ± 0.094,0.209 ± 0.091
OS,global,LumB,CoxPH,Clinical,15,0.637 ± 0.040,0.634 ± 0.053,0.629 ± 0.084,0.653 ± 0.063,0.664 ± 0.070,0.190 ± 0.017,0.175 ± 0.020,0.654 ± 0.063,0.408 ± 0.082,0.610 ± 0.044,0.608 ± 0.065,0.605 ± 0.154,0.612 ± 0.075,0.330 ± 0.066,0.832 ± 0.050,0.422 ± 0.083,0.187 ± 0.106,0.166 ± 0.092
OS,global,LumA,CoxPH,Clinical,15,0.715 ± 0.028,0.718 ± 0.031,0.717 ± 0.111,0.769 ± 0.060,0.750 ± 0.030,0.135 ± 0.010,0.093 ± 0.012,0.769 ± 0.060,0.460 ± 0.106,0.806 ± 0.069,0.697 ± 0.075,0.549 ± 0.168,0.844 ± 0.088,0.364 ± 0.138,0.928 ± 0.030,0.417 ± 0.102,0.334 ± 0.123,0.314 ± 0.122
OS,global,All,CoxNet,Clinical,15,0.677 ± 0.027,0.680 ± 0.029,0.688 ± 0.047,0.712 ± 0.044,0.723 ± 0.029,0.172 ± 0.011,0.150 ± 0.011,0.712 ± 0.044,0.454 ± 0.075,0.698 ± 0.048,0.645 ± 0.039,0.547 ± 0.086,0.742 ± 0.072,0.385 ± 0.070,0.851 ± 0.025,0.447 ± 0.061,0.261 ± 0.074,0.252 ± 0.077
OS,global,TNBC,CoxNet,Clinical,15,0.635 ± 0.062,0.636 ± 0.065,0.659 ± 0.069,0.670 ± 0.081,0.685 ± 0.089,0.218 ± 0.023,0.218 ± 0.034,0.672 ± 0.080,0.573 ± 0.147,0.628 ± 0.064,0.611 ± 0.065,0.569 ± 0.121,0.653 ± 0.112,0.475 ± 0.146,0.748 ± 0.048,0.508 ± 0.114,0.222 ± 0.136,0.215 ± 0.131
OS,global,Basal,CoxNet,Clinical,15,0.592 ± 0.048,0.590 ± 0.049,0.619 ± 0.081,0.604 ± 0.081,0.609 ± 0.059,0.246 ± 0.017,0.256 ± 0.032,0.606 ± 0.080,0.548 ± 0.134,0.577 ± 0.075,0.580 ± 0.073,0.611 ± 0.157,0.549 ± 0.143,0.468 ± 0.103,0.693 ± 0.102,0.522 ± 0.103,0.161 ± 0.150,0.152 ± 0.139
OS,global,HER2-enriched,CoxNet,Clinical,15,0.634 ± 0.063,0.642 ± 0.064,0.681 ± 0.090,0.688 ± 0.093,0.696 ± 0.074,0.206 ± 0.023,0.206 ± 0.030,0.690 ± 0.093,0.619 ± 0.109,0.662 ± 0.066,0.612 ± 0.071,0.429 ± 0.223,0.794 ± 0.155,0.556 ± 0.187,0.728 ± 0.091,0.455 ± 0.145,0.250 ± 0.164,0.228 ± 0.148
OS,global,Claudin-low,CoxNet,Clinical,15,0.691 ± 0.066,0.707 ± 0.075,0.725 ± 0.136,0.712 ± 0.110,0.750 ± 0.092,0.158 ± 0.015,0.131 ± 0.025,0.712 ± 0.110,0.545 ± 0.182,0.756 ± 0.082,0.663 ± 0.088,0.514 ± 0.172,0.811 ± 0.116,0.451 ± 0.191,0.876 ± 0.036,0.458 ± 0.145,0.323 ± 0.174,0.311 ± 0.169
OS,global,Aggressive (Basal/HER2/CL),CoxNet,Clinical,15,0.642 ± 0.040,0.648 ± 0.040,0.668 ± 0.057,0.678 ± 0.056,0.699 ± 0.045,0.204 ± 0.014,0.198 ± 0.020,0.679 ± 0.056,0.550 ± 0.098,0.608 ± 0.055,0.607 ± 0.048,0.616 ± 0.154,0.598 ± 0.118,0.424 ± 0.068,0.777 ± 0.046,0.494 ± 0.083,0.207 ± 0.092,0.192 ± 0.085
OS,global,LumB,CoxNet,Clinical,15,0.640 ± 0.034,0.637 ± 0.051,0.642 ± 0.087,0.656 ± 0.063,0.668 ± 0.065,0.188 ± 0.015,0.174 ± 0.019,0.657 ± 0.063,0.410 ± 0.086,0.637 ± 0.057,0.602 ± 0.059,0.540 ± 0.145,0.664 ± 0.088,0.342 ± 0.076,0.823 ± 0.040,0.414 ± 0.089,0.183 ± 0.104,0.170 ± 0.098
OS,global,LumA,CoxNet,Clinical,15,0.716 ± 0.028,0.717 ± 0.031,0.723 ± 0.111,0.771 ± 0.060,0.748 ± 0.028,0.136 ± 0.009,0.094 ± 0.013,0.771 ± 0.060,0.460 ± 0.112,0.804 ± 0.058,0.706 ± 0.084,0.574 ± 0.155,0.839 ± 0.063,0.355 ± 0.124,0.930 ± 0.031,0.425 ± 0.107,0.339 ± 0.135,0.319 ± 0.130
OS,global,All,RSF,Clinical,15,0.690 ± 0.026,0.696 ± 0.028,0.730 ± 0.044,0.748 ± 0.040,0.734 ± 0.030,0.169 ± 0.010,0.143 ± 0.010,0.748 ± 0.040,0.473 ± 0.073,0.692 ± 0.041,0.678 ± 0.039,0.655 ± 0.096,0.702 ± 0.064,0.390 ± 0.052,0.877 ± 0.030,0.485 ± 0.053,0.309 ± 0.066,0.286 ± 0.064
OS,global,TNBC,RSF,Clinical,15,0.660 ± 0.060,0.665 ± 0.061,0.719 ± 0.073,0.719 ± 0.078,0.703 ± 0.082,0.208 ± 0.015,0.201 ± 0.026,0.721 ± 0.078,0.623 ± 0.138,0.671 ± 0.071,0.665 ± 0.066,0.641 ± 0.107,0.689 ± 0.100,0.526 ± 0.137,0.789 ± 0.056,0.567 ± 0.111,0.322 ± 0.135,0.313 ± 0.137
OS,global,Basal,RSF,Clinical,15,0.602 ± 0.044,0.603 ± 0.050,0.664 ± 0.075,0.633 ± 0.089,0.623 ± 0.066,0.232 ± 0.013,0.234 ± 0.020,0.637 ± 0.088,0.549 ± 0.148,0.600 ± 0.094,0.604 ± 0.095,0.613 ± 0.134,0.595 ± 0.117,0.493 ± 0.127,0.706 ± 0.094,0.540 ± 0.115,0.203 ± 0.187,0.196 ± 0.184
OS,global,HER2-enriched,RSF,Clinical,15,0.667 ± 0.052,0.676 ± 0.060,0.737 ± 0.066,0.761 ± 0.066,0.725 ± 0.089,0.199 ± 0.016,0.189 ± 0.016,0.762 ± 0.066,0.660 ± 0.104,0.686 ± 0.081,0.683 ± 0.077,0.684 ± 0.130,0.683 ± 0.125,0.558 ± 0.101,0.796 ± 0.064,0.608 ± 0.095,0.360 ± 0.146,0.350 ± 0.147
OS,global,Claudin-low,RSF,Clinical,15,0.707 ± 0.045,0.725 ± 0.054,0.790 ± 0.124,0.752 ± 0.114,0.751 ± 0.063,0.157 ± 0.010,0.124 ± 0.017,0.753 ± 0.114,0.607 ± 0.190,0.809 ± 0.065,0.711 ± 0.092,0.553 ± 0.177,0.869 ± 0.083,0.536 ± 0.209,0.892 ± 0.038,0.524 ± 0.167,0.421 ± 0.188,0.410 ± 0.187
OS,global,Aggressive (Basal/HER2/CL),RSF,Clinical,15,0.667 ± 0.032,0.675 ± 0.033,0.720 ± 0.046,0.729 ± 0.043,0.718 ± 0.041,0.196 ± 0.009,0.183 ± 0.014,0.729 ± 0.043,0.581 ± 0.098,0.686 ± 0.051,0.672 ± 0.044,0.638 ± 0.082,0.706 ± 0.085,0.511 ± 0.083,0.807 ± 0.037,0.563 ± 0.065,0.331 ± 0.088,0.323 ± 0.091
OS,global,LumB,RSF,Clinical,15,0.655 ± 0.031,0.651 ± 0.043,0.662 ± 0.066,0.689 ± 0.056,0.684 ± 0.056,0.181 ± 0.015,0.163 ± 0.017,0.690 ± 0.055,0.432 ± 0.078,0.621 ± 0.046,0.647 ± 0.071,0.699 ± 0.143,0.595 ± 0.061,0.353 ± 0.056,0.863 ± 0.059,0.467 ± 0.075,0.252 ± 0.114,0.217 ± 0.095
OS,global,LumA,RSF,Clinical,15,0.718 ± 0.033,0.722 ± 0.036,0.751 ± 0.098,0.779 ± 0.057,0.755 ± 0.040,0.138 ± 0.010,0.095 ± 0.014,0.780 ± 0.057,0.424 ± 0.113,0.779 ± 0.085,0.687 ± 0.076,0.562 ± 0.193,0.812 ± 0.112,0.327 ± 0.105,0.928 ± 0.035,0.391 ± 0.092,0.304 ± 0.114,0.278 ± 0.115
OS,global,All,ExtraSurvTrees,Clinical,15,0.671 ± 0.028,0.680 ± 0.032,0.707 ± 0.044,0.729 ± 0.042,0.713 ± 0.037,0.177 ± 0.010,0.149 ± 0.011,0.730 ± 0.042,0.447 ± 0.060,0.692 ± 0.047,0.670 ± 0.037,0.629 ± 0.095,0.711 ± 0.075,0.389 ± 0.052,0.870 ± 0.030,0.476 ± 0.051,0.296 ± 0.066,0.278 ± 0.066
OS,global,TNBC,ExtraSurvTrees,Clinical,15,0.637 ± 0.065,0.641 ± 0.066,0.702 ± 0.082,0.696 ± 0.082,0.655 ± 0.097,0.220 ± 0.014,0.213 ± 0.028,0.696 ± 0.082,0.588 ± 0.135,0.657 ± 0.085,0.651 ± 0.070,0.638 ± 0.115,0.664 ± 0.146,0.521 ± 0.131,0.775 ± 0.082,0.559 ± 0.092,0.298 ± 0.144,0.286 ± 0.143
OS,global,Basal,ExtraSurvTrees,Clinical,15,0.583 ± 0.047,0.581 ± 0.052,0.656 ± 0.067,0.604 ± 0.085,0.578 ± 0.086,0.237 ± 0.012,0.241 ± 0.022,0.607 ± 0.084,0.533 ± 0.113,0.601 ± 0.069,0.578 ± 0.053,0.481 ± 0.157,0.675 ± 0.177,0.504 ± 0.098,0.668 ± 0.083,0.474 ± 0.085,0.163 ± 0.111,0.156 ± 0.109
OS,global,HER2-enriched,ExtraSurvTrees,Clinical,15,0.651 ± 0.064,0.659 ± 0.070,0.713 ± 0.113,0.746 ± 0.072,0.702 ± 0.097,0.207 ± 0.017,0.198 ± 0.018,0.746 ± 0.073,0.632 ± 0.090,0.688 ± 0.070,0.686 ± 0.064,0.679 ± 0.127,0.693 ± 0.120,0.564 ± 0.095,0.796 ± 0.071,0.607 ± 0.078,0.366 ± 0.127,0.354 ± 0.127
OS,global,Claudin-low,ExtraSurvTrees,Clinical,15,0.675 ± 0.047,0.699 ± 0.063,0.771 ± 0.120,0.729 ± 0.116,0.705 ± 0.082,0.171 ± 0.011,0.136 ± 0.021,0.730 ± 0.116,0.565 ± 0.174,0.752 ± 0.083,0.699 ± 0.090,0.616 ± 0.194,0.782 ± 0.112,0.434 ± 0.145,0.898 ± 0.049,0.491 ± 0.133,0.361 ± 0.156,0.342 ± 0.150
OS,global,Aggressive (Basal/HER2/CL),ExtraSurvTrees,Clinical,15,0.643 ± 0.036,0.651 ± 0.038,0.692 ± 0.057,0.705 ± 0.051,0.681 ± 0.056,0.205 ± 0.010,0.192 ± 0.017,0.705 ± 0.051,0.543 ± 0.070,0.678 ± 0.044,0.659 ± 0.043,0.605 ± 0.103,0.712 ± 0.075,0.499 ± 0.054,0.795 ± 0.059,0.542 ± 0.051,0.305 ± 0.080,0.298 ± 0.076
OS,global,LumB,ExtraSurvTrees,Clinical,15,0.633 ± 0.036,0.635 ± 0.049,0.608 ± 0.089,0.664 ± 0.066,0.668 ± 0.067,0.189 ± 0.012,0.169 ± 0.017,0.665 ± 0.066,0.404 ± 0.081,0.608 ± 0.056,0.624 ± 0.047,0.651 ± 0.103,0.596 ± 0.083,0.342 ± 0.055,0.843 ± 0.046,0.444 ± 0.055,0.213 ± 0.077,0.188 ± 0.071
OS,global,LumA,ExtraSurvTrees,Clinical,15,0.701 ± 0.036,0.707 ± 0.039,0.700 ± 0.112,0.753 ± 0.068,0.736 ± 0.041,0.143 ± 0.011,0.098 ± 0.013,0.753 ± 0.068,0.396 ± 0.115,0.714 ± 0.099,0.678 ± 0.077,0.625 ± 0.174,0.730 ± 0.127,0.274 ± 0.091,0.929 ± 0.039,0.360 ± 0.075,0.264 ± 0.109,0.225 ± 0.108
OS,global,All,GBSA,Clinical,15,0.686 ± 0.023,0.691 ± 0.026,0.715 ± 0.040,0.733 ± 0.039,0.733 ± 0.027,0.172 ± 0.011,0.149 ± 0.009,0.733 ± 0.039,0.447 ± 0.075,0.672 ± 0.050,0.666 ± 0.028,0.656 ± 0.089,0.676 ± 0.084,0.375 ± 0.058,0.874 ± 0.023,0.471 ± 0.047,0.287 ± 0.054,0.262 ± 0.058
OS,global,TNBC,GBSA,Clinical,15,0.650 ± 0.057,0.651 ± 0.061,0.690 ± 0.076,0.692 ± 0.085,0.687 ± 0.081,0.218 ± 0.023,0.217 ± 0.031,0.695 ± 0.084,0.573 ± 0.137,0.655 ± 0.079,0.635 ± 0.092,0.589 ± 0.171,0.682 ± 0.087,0.489 ± 0.143,0.772 ± 0.072,0.528 ± 0.149,0.266 ± 0.183,0.259 ± 0.179
OS,global,Basal,GBSA,Clinical,15,0.594 ± 0.043,0.592 ± 0.049,0.633 ± 0.072,0.613 ± 0.084,0.605 ± 0.058,0.256 ± 0.025,0.265 ± 0.033,0.616 ± 0.083,0.529 ± 0.139,0.585 ± 0.090,0.570 ± 0.094,0.531 ± 0.185,0.609 ± 0.137,0.462 ± 0.133,0.677 ± 0.082,0.487 ± 0.145,0.140 ± 0.187,0.136 ± 0.183
OS,global,HER2-enriched,GBSA,Clinical,15,0.657 ± 0.046,0.667 ± 0.051,0.731 ± 0.060,0.734 ± 0.056,0.720 ± 0.078,0.204 ± 0.020,0.202 ± 0.021,0.735 ± 0.056,0.621 ± 0.091,0.699 ± 0.072,0.668 ± 0.088,0.582 ± 0.185,0.755 ± 0.119,0.575 ± 0.126,0.770 ± 0.065,0.569 ± 0.139,0.340 ± 0.171,0.334 ± 0.169
OS,global,Claudin-low,GBSA,Clinical,15,0.704 ± 0.053,0.714 ± 0.054,0.753 ± 0.127,0.738 ± 0.103,0.750 ± 0.060,0.152 ± 0.014,0.123 ± 0.021,0.739 ± 0.103,0.580 ± 0.195,0.832 ± 0.062,0.706 ± 0.095,0.498 ± 0.179,0.914 ± 0.073,0.634 ± 0.267,0.884 ± 0.044,0.529 ± 0.186,0.454 ± 0.212,0.434 ± 0.210
OS,global,Aggressive (Basal/HER2/CL),GBSA,Clinical,15,0.653 ± 0.030,0.659 ± 0.031,0.691 ± 0.047,0.701 ± 0.044,0.706 ± 0.036,0.205 ± 0.014,0.197 ± 0.017,0.701 ± 0.044,0.541 ± 0.092,0.708 ± 0.040,0.652 ± 0.047,0.502 ± 0.094,0.803 ± 0.064,0.548 ± 0.100,0.776 ± 0.032,0.519 ± 0.083,0.314 ± 0.097,0.310 ± 0.097
OS,global,LumB,GBSA,Clinical,15,0.652 ± 0.036,0.649 ± 0.051,0.671 ± 0.061,0.678 ± 0.067,0.678 ± 0.067,0.185 ± 0.017,0.170 ± 0.019,0.679 ± 0.067,0.422 ± 0.088,0.599 ± 0.070,0.622 ± 0.046,0.672 ± 0.156,0.572 ± 0.131,0.339 ± 0.059,0.856 ± 0.049,0.444 ± 0.068,0.217 ± 0.082,0.184 ± 0.072
OS,global,LumA,GBSA,Clinical,15,0.726 ± 0.027,0.730 ± 0.030,0.766 ± 0.086,0.788 ± 0.054,0.765 ± 0.032,0.136 ± 0.010,0.095 ± 0.014,0.788 ± 0.054,0.436 ± 0.116,0.777 ± 0.069,0.691 ± 0.068,0.576 ± 0.181,0.807 ± 0.096,0.327 ± 0.116,0.929 ± 0.032,0.392 ± 0.072,0.307 ± 0.096,0.277 ± 0.091
OS,global,All,CW-GBSA,Clinical,15,0.672 ± 0.029,0.674 ± 0.031,0.681 ± 0.048,0.701 ± 0.047,0.716 ± 0.031,0.174 ± 0.010,0.152 ± 0.011,0.702 ± 0.047,0.440 ± 0.073,0.685 ± 0.045,0.631 ± 0.036,0.538 ± 0.126,0.725 ± 0.081,0.364 ± 0.048,0.848 ± 0.030,0.429 ± 0.055,0.236 ± 0.062,0.223 ± 0.056
OS,global,TNBC,CW-GBSA,Clinical,15,0.633 ± 0.056,0.633 ± 0.059,0.654 ± 0.069,0.665 ± 0.078,0.678 ± 0.082,0.221 ± 0.022,0.222 ± 0.036,0.667 ± 0.077,0.564 ± 0.141,0.657 ± 0.061,0.627 ± 0.068,0.535 ± 0.120,0.719 ± 0.095,0.509 ± 0.150,0.750 ± 0.054,0.512 ± 0.119,0.256 ± 0.141,0.252 ± 0.138
OS,global,Basal,CW-GBSA,Clinical,15,0.589 ± 0.048,0.586 ± 0.050,0.621 ± 0.085,0.601 ± 0.077,0.593 ± 0.055,0.249 ± 0.018,0.258 ± 0.034,0.604 ± 0.076,0.542 ± 0.118,0.601 ± 0.066,0.594 ± 0.064,0.558 ± 0.137,0.629 ± 0.108,0.493 ± 0.096,0.692 ± 0.079,0.514 ± 0.095,0.186 ± 0.124,0.181 ± 0.123
OS,global,HER2-enriched,CW-GBSA,Clinical,15,0.621 ± 0.059,0.626 ± 0.059,0.659 ± 0.094,0.664 ± 0.088,0.673 ± 0.078,0.211 ± 0.021,0.212 ± 0.027,0.666 ± 0.088,0.587 ± 0.105,0.648 ± 0.075,0.601 ± 0.073,0.436 ± 0.234,0.766 ± 0.177,0.534 ± 0.168,0.722 ± 0.091,0.448 ± 0.142,0.226 ± 0.167,0.205 ± 0.152
OS,global,Claudin-low,CW-GBSA,Clinical,15,0.686 ± 0.069,0.697 ± 0.077,0.708 ± 0.143,0.698 ± 0.114,0.740 ± 0.091,0.159 ± 0.015,0.134 ± 0.025,0.699 ± 0.114,0.519 ± 0.180,0.727 ± 0.085,0.636 ± 0.084,0.487 ± 0.221,0.784 ± 0.144,0.423 ± 0.224,0.869 ± 0.047,0.403 ± 0.134,0.272 ± 0.161,0.247 ± 0.147
OS,global,Aggressive (Basal/HER2/CL),CW-GBSA,Clinical,15,0.633 ± 0.043,0.637 ± 0.042,0.655 ± 0.061,0.663 ± 0.059,0.684 ± 0.048,0.207 ± 0.014,0.202 ± 0.021,0.663 ± 0.059,0.527 ± 0.100,0.616 ± 0.038,0.608 ± 0.047,0.597 ± 0.137,0.619 ± 0.085,0.423 ± 0.060,0.772 ± 0.045,0.491 ± 0.084,0.205 ± 0.087,0.194 ± 0.081
OS,global,LumB,CW-GBSA,Clinical,15,0.645 ± 0.031,0.640 ± 0.047,0.645 ± 0.085,0.660 ± 0.063,0.673 ± 0.062,0.186 ± 0.014,0.173 ± 0.018,0.662 ± 0.063,0.411 ± 0.083,0.628 ± 0.064,0.605 ± 0.046,0.568 ± 0.150,0.642 ± 0.109,0.344 ± 0.070,0.828 ± 0.037,0.420 ± 0.075,0.189 ± 0.085,0.172 ± 0.079
OS,global,LumA,CW-GBSA,Clinical,15,0.715 ± 0.027,0.716 ± 0.029,0.726 ± 0.108,0.770 ± 0.059,0.747 ± 0.025,0.138 ± 0.009,0.096 ± 0.012,0.770 ± 0.059,0.455 ± 0.105,0.801 ± 0.063,0.690 ± 0.081,0.539 ± 0.155,0.840 ± 0.074,0.357 ± 0.159,0.926 ± 0.030,0.409 ± 0.116,0.322 ± 0.143,0.302 ± 0.140
OS,global,All,SurvSVM,Clinical,15,0.685 ± 0.024,0.695 ± 0.025,0.735 ± 0.043,0.747 ± 0.039,0.729 ± 0.027,,,0.748 ± 0.038,0.476 ± 0.084,0.715 ± 0.034,0.690 ± 0.030,0.645 ± 0.047,0.734 ± 0.042,0.413 ± 0.054,0.878 ± 0.020,0.502 ± 0.049,0.332 ± 0.058,0.316 ± 0.061
OS,global,TNBC,SurvSVM,Clinical,15,0.641 ± 0.065,0.642 ± 0.067,0.690 ± 0.064,0.694 ± 0.073,0.670 ± 0.097,,,0.696 ± 0.072,0.582 ± 0.134,0.652 ± 0.070,0.652 ± 0.065,0.664 ± 0.086,0.641 ± 0.094,0.497 ± 0.116,0.784 ± 0.063,0.564 ± 0.100,0.292 ± 0.132,0.282 ± 0.134
OS,global,Basal,SurvSVM,Clinical,15,0.594 ± 0.042,0.593 ± 0.044,0.623 ± 0.067,0.611 ± 0.065,0.608 ± 0.072,,,0.615 ± 0.063,0.554 ± 0.133,0.582 ± 0.058,0.585 ± 0.052,0.633 ± 0.156,0.537 ± 0.149,0.470 ± 0.070,0.698 ± 0.082,0.531 ± 0.097,0.168 ± 0.102,0.158 ± 0.098
OS,global,HER2-enriched,SurvSVM,Clinical,15,0.659 ± 0.056,0.671 ± 0.057,0.741 ± 0.080,0.736 ± 0.071,0.729 ± 0.067,,,0.737 ± 0.072,0.648 ± 0.093,0.629 ± 0.062,0.634 ± 0.054,0.650 ± 0.199,0.617 ± 0.171,0.502 ± 0.084,0.773 ± 0.076,0.545 ± 0.087,0.270 ± 0.100,0.247 ± 0.097
OS,global,Claudin-low,SurvSVM,Clinical,15,0.679 ± 0.066,0.693 ± 0.078,0.768 ± 0.113,0.719 ± 0.117,0.721 ± 0.105,,,0.721 ± 0.117,0.565 ± 0.171,0.778 ± 0.092,0.694 ± 0.085,0.556 ± 0.138,0.832 ± 0.111,0.487 ± 0.188,0.884 ± 0.045,0.502 ± 0.151,0.377 ± 0.182,0.368 ± 0.186
OS,global,Aggressive (Basal/HER2/CL),SurvSVM,Clinical,15,0.658 ± 0.035,0.667 ± 0.034,0.717 ± 0.039,0.719 ± 0.044,0.705 ± 0.049,,,0.720 ± 0.044,0.569 ± 0.092,0.663 ± 0.042,0.662 ± 0.036,0.668 ± 0.087,0.656 ± 0.079,0.481 ± 0.064,0.811 ± 0.032,0.556 ± 0.060,0.308 ± 0.071,0.295 ± 0.072
OS,global,LumB,SurvSVM,Clinical,15,0.645 ± 0.035,0.645 ± 0.050,0.636 ± 0.085,0.676 ± 0.069,0.674 ± 0.068,,,0.677 ± 0.069,0.420 ± 0.096,0.630 ± 0.057,0.635 ± 0.065,0.648 ± 0.138,0.623 ± 0.090,0.356 ± 0.070,0.850 ± 0.048,0.455 ± 0.078,0.235 ± 0.106,0.210 ± 0.097
OS,global,LumA,SurvSVM,Clinical,15,0.706 ± 0.028,0.711 ± 0.030,0.713 ± 0.108,0.758 ± 0.057,0.741 ± 0.032,,,0.758 ± 0.057,0.432 ± 0.103,0.805 ± 0.076,0.678 ± 0.054,0.505 ± 0.156,0.850 ± 0.099,0.359 ± 0.115,0.923 ± 0.028,0.398 ± 0.087,0.312 ± 0.094,0.296 ± 0.102
OS,global,All,XGB-Cox,Clinical,15,0.690 ± 0.022,0.695 ± 0.025,0.717 ± 0.040,0.738 ± 0.036,0.737 ± 0.026,0.170 ± 0.011,0.147 ± 0.009,0.738 ± 0.036,0.473 ± 0.078,0.699 ± 0.038,0.665 ± 0.034,0.602 ± 0.092,0.727 ± 0.065,0.393 ± 0.061,0.865 ± 0.026,0.470 ± 0.054,0.291 ± 0.061,0.276 ± 0.062
OS,global,TNBC,XGB-Cox,Clinical,15,0.655 ± 0.059,0.657 ± 0.063,0.695 ± 0.085,0.700 ± 0.085,0.690 ± 0.082,0.217 ± 0.026,0.212 ± 0.030,0.702 ± 0.085,0.591 ± 0.145,0.670 ± 0.072,0.649 ± 0.086,0.584 ± 0.153,0.714 ± 0.088,0.518 ± 0.150,0.775 ± 0.064,0.539 ± 0.140,0.296 ± 0.168,0.290 ± 0.164
OS,global,Basal,XGB-Cox,Clinical,15,0.603 ± 0.039,0.603 ± 0.042,0.639 ± 0.070,0.619 ± 0.085,0.620 ± 0.056,0.256 ± 0.027,0.264 ± 0.033,0.620 ± 0.085,0.547 ± 0.146,0.602 ± 0.067,0.590 ± 0.069,0.542 ± 0.144,0.638 ± 0.097,0.487 ± 0.110,0.691 ± 0.060,0.505 ± 0.114,0.179 ± 0.135,0.176 ± 0.133
OS,global,HER2-enriched,XGB-Cox,Clinical,15,0.664 ± 0.043,0.674 ± 0.045,0.742 ± 0.063,0.734 ± 0.048,0.726 ± 0.061,0.200 ± 0.019,0.195 ± 0.022,0.735 ± 0.049,0.635 ± 0.091,0.675 ± 0.054,0.660 ± 0.056,0.611 ± 0.159,0.709 ± 0.119,0.548 ± 0.071,0.771 ± 0.077,0.566 ± 0.080,0.319 ± 0.106,0.308 ± 0.103
OS,global,Claudin-low,XGB-Cox,Clinical,15,0.704 ± 0.049,0.716 ± 0.052,0.757 ± 0.132,0.744 ± 0.097,0.745 ± 0.061,0.150 ± 0.016,0.118 ± 0.020,0.745 ± 0.097,0.625 ± 0.174,0.823 ± 0.072,0.692 ± 0.094,0.478 ± 0.183,0.906 ± 0.096,0.646 ± 0.270,0.880 ± 0.041,0.510 ± 0.172,0.440 ± 0.198,0.413 ± 0.193
OS,global,Aggressive (Basal/HER2/CL),XGB-Cox,Clinical,15,0.660 ± 0.027,0.668 ± 0.028,0.699 ± 0.047,0.709 ± 0.041,0.713 ± 0.034,0.202 ± 0.015,0.193 ± 0.015,0.709 ± 0.041,0.566 ± 0.097,0.691 ± 0.038,0.658 ± 0.042,0.572 ± 0.088,0.744 ± 0.058,0.514 ± 0.075,0.790 ± 0.032,0.539 ± 0.071,0.309 ± 0.082,0.307 ± 0.082
OS,global,LumB,XGB-Cox,Clinical,15,0.657 ± 0.033,0.654 ± 0.047,0.664 ± 0.062,0.685 ± 0.067,0.683 ± 0.062,0.183 ± 0.017,0.169 ± 0.019,0.685 ± 0.066,0.430 ± 0.093,0.611 ± 0.064,0.622 ± 0.067,0.642 ± 0.171,0.601 ± 0.106,0.340 ± 0.063,0.845 ± 0.059,0.438 ± 0.081,0.212 ± 0.112,0.184 ± 0.096
OS,global,LumA,XGB-Cox,Clinical,15,0.727 ± 0.027,0.732 ± 0.030,0.760 ± 0.093,0.785 ± 0.055,0.767 ± 0.031,0.134 ± 0.010,0.093 ± 0.014,0.786 ± 0.055,0.451 ± 0.106,0.775 ± 0.087,0.688 ± 0.049,0.569 ± 0.150,0.806 ± 0.115,0.332 ± 0.111,0.928 ± 0.029,0.397 ± 0.072,0.308 ± 0.088,0.282 ± 0.099
OS,global,All,CoxPH,Genes,15,0.589 ± 0.014,0.593 ± 0.016,0.598 ± 0.042,0.600 ± 0.028,0.613 ± 0.022,0.195 ± 0.008,0.167 ± 0.011,0.599 ± 0.028,0.310 ± 0.041,0.564 ± 0.046,0.573 ± 0.026,0.585 ± 0.120,0.560 ± 0.092,0.277 ± 0.035,0.826 ± 0.035,0.371 ± 0.036,0.123 ± 0.042,0.103 ± 0.034
OS,global,TNBC,CoxPH,Genes,15,0.531 ± 0.055,0.529 ± 0.058,0.522 ± 0.062,0.542 ± 0.067,0.538 ± 0.078,0.248 ± 0.018,0.243 ± 0.036,0.542 ± 0.067,0.436 ± 0.112,0.519 ± 0.081,0.526 ± 0.075,0.565 ± 0.193,0.488 ± 0.190,0.380 ± 0.111,0.677 ± 0.116,0.433 ± 0.117,0.054 ± 0.146,0.047 ± 0.134
OS,global,Basal,CoxPH,Genes,15,0.528 ± 0.064,0.528 ± 0.065,0.506 ± 0.099,0.528 ± 0.084,0.551 ± 0.087,0.258 ± 0.025,0.266 ± 0.038,0.530 ± 0.086,0.478 ± 0.102,0.552 ± 0.104,0.510 ± 0.083,0.347 ± 0.149,0.672 ± 0.241,0.474 ± 0.226,0.604 ± 0.110,0.367 ± 0.101,0.043 ± 0.201,0.026 ± 0.172
OS,global,HER2-enriched,CoxPH,Genes,15,0.502 ± 0.058,0.508 ± 0.061,0.508 ± 0.099,0.479 ± 0.093,0.500 ± 0.103,0.247 ± 0.019,0.247 ± 0.018,0.479 ± 0.093,0.401 ± 0.107,0.525 ± 0.109,0.490 ± 0.092,0.379 ± 0.185,0.602 ± 0.207,0.365 ± 0.133,0.628 ± 0.080,0.351 ± 0.135,-0.013 ± 0.183,-0.012 ± 0.172
OS,global,Claudin-low,CoxPH,Genes,15,0.557 ± 0.098,0.555 ± 0.110,0.616 ± 0.137,0.591 ± 0.136,0.561 ± 0.118,0.186 ± 0.022,0.151 ± 0.034,0.589 ± 0.133,0.347 ± 0.133,0.640 ± 0.102,0.599 ± 0.096,0.534 ± 0.205,0.665 ± 0.146,0.291 ± 0.124,0.852 ± 0.075,0.360 ± 0.120,0.166 ± 0.164,0.146 ± 0.150
OS,global,Aggressive (Basal/HER2/CL),CoxPH,Genes,15,0.556 ± 0.034,0.561 ± 0.035,0.556 ± 0.059,0.566 ± 0.049,0.577 ± 0.045,0.231 ± 0.013,0.222 ± 0.022,0.566 ± 0.050,0.397 ± 0.069,0.529 ± 0.051,0.547 ± 0.049,0.603 ± 0.130,0.491 ± 0.103,0.357 ± 0.051,0.728 ± 0.067,0.445 ± 0.066,0.089 ± 0.093,0.077 ± 0.084
OS,global,LumB,CoxPH,Genes,15,0.554 ± 0.040,0.546 ± 0.047,0.527 ± 0.086,0.538 ± 0.071,0.559 ± 0.067,0.205 ± 0.011,0.183 ± 0.019,0.539 ± 0.071,0.314 ± 0.072,0.581 ± 0.100,0.529 ± 0.051,0.425 ± 0.232,0.633 ± 0.199,0.276 ± 0.079,0.782 ± 0.043,0.310 ± 0.096,0.058 ± 0.095,0.050 ± 0.083
OS,global,LumA,CoxPH,Genes,15,0.607 ± 0.035,0.609 ± 0.045,0.594 ± 0.122,0.608 ± 0.087,0.630 ± 0.055,0.158 ± 0.011,0.110 ± 0.010,0.609 ± 0.087,0.237 ± 0.075,0.552 ± 0.079,0.570 ± 0.067,0.595 ± 0.175,0.545 ± 0.109,0.158 ± 0.035,0.904 ± 0.036,0.246 ± 0.051,0.092 ± 0.082,0.060 ± 0.055
OS,global,All,CoxNet,Genes,15,0.601 ± 0.011,0.610 ± 0.014,0.633 ± 0.042,0.635 ± 0.030,0.626 ± 0.019,0.192 ± 0.008,0.164 ± 0.011,0.635 ± 0.030,0.328 ± 0.046,0.611 ± 0.044,0.590 ± 0.032,0.555 ± 0.099,0.626 ± 0.078,0.301 ± 0.043,0.832 ± 0.028,0.387 ± 0.046,0.155 ± 0.054,0.139 ± 0.048
OS,global,TNBC,CoxNet,Genes,15,0.551 ± 0.032,0.552 ± 0.034,0.564 ± 0.065,0.563 ± 0.044,0.565 ± 0.044,0.236 ± 0.013,0.236 ± 0.036,0.564 ± 0.044,0.432 ± 0.104,0.575 ± 0.046,0.560 ± 0.032,0.513 ± 0.099,0.606 ± 0.133,0.416 ± 0.097,0.700 ± 0.066,0.447 ± 0.064,0.117 ± 0.064,0.112 ± 0.062
OS,global,Basal,CoxNet,Genes,15,0.511 ± 0.054,0.512 ± 0.059,0.503 ± 0.109,0.505 ± 0.086,0.520 ± 0.065,0.250 ± 0.017,0.259 ± 0.034,0.507 ± 0.087,0.439 ± 0.085,0.520 ± 0.066,0.513 ± 0.066,0.470 ± 0.194,0.556 ± 0.194,0.439 ± 0.198,0.618 ± 0.088,0.409 ± 0.143,0.033 ± 0.144,0.024 ± 0.132
OS,global,HER2-enriched,CoxNet,Genes,15,0.513 ± 0.042,0.522 ± 0.046,0.556 ± 0.091,0.526 ± 0.063,0.490 ± 0.099,0.235 ± 0.016,0.238 ± 0.020,0.524 ± 0.063,0.430 ± 0.098,0.550 ± 0.048,0.520 ± 0.046,0.427 ± 0.181,0.614 ± 0.156,0.384 ± 0.111,0.659 ± 0.051,0.389 ± 0.111,0.042 ± 0.101,0.038 ± 0.095
OS,global,Claudin-low,CoxNet,Genes,15,0.587 ± 0.098,0.585 ± 0.106,0.657 ± 0.144,0.631 ± 0.140,0.586 ± 0.112,0.183 ± 0.019,0.150 ± 0.033,0.629 ± 0.138,0.360 ± 0.124,0.588 ± 0.106,0.596 ± 0.107,0.610 ± 0.228,0.581 ± 0.136,0.262 ± 0.111,0.860 ± 0.072,0.359 ± 0.138,0.153 ± 0.179,0.125 ± 0.160
OS,global,Aggressive (Basal/HER2/CL),CoxNet,Genes,15,0.569 ± 0.025,0.575 ± 0.027,0.588 ± 0.056,0.594 ± 0.040,0.579 ± 0.039,0.223 ± 0.011,0.217 ± 0.023,0.593 ± 0.040,0.401 ± 0.059,0.536 ± 0.049,0.566 ± 0.041,0.655 ± 0.088,0.476 ± 0.086,0.371 ± 0.058,0.748 ± 0.042,0.472 ± 0.064,0.125 ± 0.078,0.110 ± 0.073
OS,global,LumB,CoxNet,Genes,15,0.568 ± 0.024,0.568 ± 0.031,0.556 ± 0.061,0.578 ± 0.059,0.583 ± 0.053,0.199 ± 0.010,0.178 ± 0.017,0.577 ± 0.059,0.323 ± 0.056,0.500 ± 0.076,0.546 ± 0.065,0.626 ± 0.233,0.466 ± 0.154,0.265 ± 0.054,0.809 ± 0.088,0.361 ± 0.088,0.082 ± 0.122,0.055 ± 0.093
OS,global,LumA,CoxNet,Genes,15,0.601 ± 0.032,0.611 ± 0.041,0.601 ± 0.111,0.619 ± 0.081,0.632 ± 0.049,0.159 ± 0.009,0.111 ± 0.009,0.619 ± 0.082,0.246 ± 0.111,0.559 ± 0.096,0.566 ± 0.083,0.581 ± 0.244,0.550 ± 0.129,0.153 ± 0.056,0.907 ± 0.039,0.241 ± 0.091,0.089 ± 0.117,0.055 ± 0.086
OS,global,All,RSF,Genes,15,0.613 ± 0.009,0.624 ± 0.012,0.665 ± 0.030,0.660 ± 0.023,0.639 ± 0.018,0.187 ± 0.007,0.158 ± 0.010,0.660 ± 0.023,0.348 ± 0.043,0.669 ± 0.029,0.603 ± 0.025,0.484 ± 0.085,0.722 ± 0.055,0.335 ± 0.042,0.830 ± 0.027,0.392 ± 0.042,0.184 ± 0.042,0.177 ± 0.040
OS,global,TNBC,RSF,Genes,15,0.569 ± 0.030,0.574 ± 0.031,0.584 ± 0.060,0.589 ± 0.032,0.591 ± 0.049,0.227 ± 0.008,0.224 ± 0.027,0.587 ± 0.032,0.442 ± 0.101,0.569 ± 0.040,0.555 ± 0.033,0.509 ± 0.127,0.602 ± 0.112,0.410 ± 0.093,0.700 ± 0.079,0.437 ± 0.073,0.109 ± 0.065,0.101 ± 0.057
OS,global,Basal,RSF,Genes,15,0.522 ± 0.042,0.527 ± 0.047,0.516 ± 0.080,0.512 ± 0.061,0.530 ± 0.072,0.242 ± 0.013,0.247 ± 0.027,0.509 ± 0.061,0.446 ± 0.070,0.477 ± 0.065,0.474 ± 0.070,0.420 ± 0.173,0.528 ± 0.131,0.360 ± 0.104,0.590 ± 0.096,0.371 ± 0.097,-0.051 ± 0.143,-0.053 ± 0.137
OS,global,HER2-enriched,RSF,Genes,15,0.515 ± 0.045,0.521 ± 0.047,0.542 ± 0.085,0.528 ± 0.077,0.498 ± 0.115,0.230 ± 0.018,0.228 ± 0.016,0.528 ± 0.078,0.444 ± 0.110,0.556 ± 0.064,0.529 ± 0.060,0.437 ± 0.172,0.622 ± 0.158,0.400 ± 0.125,0.667 ± 0.046,0.403 ± 0.105,0.063 ± 0.125,0.058 ± 0.118
OS,global,Claudin-low,RSF,Genes,15,0.604 ± 0.077,0.610 ± 0.092,0.682 ± 0.123,0.651 ± 0.112,0.625 ± 0.101,0.178 ± 0.019,0.147 ± 0.031,0.648 ± 0.111,0.392 ± 0.109,0.687 ± 0.080,0.615 ± 0.093,0.491 ± 0.199,0.740 ± 0.114,0.335 ± 0.154,0.854 ± 0.063,0.372 ± 0.116,0.204 ± 0.159,0.186 ± 0.147
OS,global,Aggressive (Basal/HER2/CL),RSF,Genes,15,0.575 ± 0.020,0.579 ± 0.023,0.591 ± 0.046,0.597 ± 0.031,0.583 ± 0.046,0.218 ± 0.009,0.209 ± 0.017,0.597 ± 0.031,0.412 ± 0.063,0.569 ± 0.038,0.551 ± 0.021,0.493 ± 0.095,0.609 ± 0.098,0.378 ± 0.066,0.719 ± 0.043,0.417 ± 0.042,0.099 ± 0.046,0.094 ± 0.045
OS,global,LumB,RSF,Genes,15,0.565 ± 0.033,0.566 ± 0.043,0.560 ± 0.089,0.593 ± 0.075,0.575 ± 0.058,0.198 ± 0.011,0.175 ± 0.017,0.593 ± 0.075,0.344 ± 0.079,0.618 ± 0.068,0.552 ± 0.064,0.420 ± 0.135,0.685 ± 0.099,0.300 ± 0.091,0.786 ± 0.056,0.340 ± 0.091,0.095 ± 0.124,0.090 ± 0.120
OS,global,LumA,RSF,Genes,15,0.618 ± 0.029,0.631 ± 0.038,0.640 ± 0.101,0.636 ± 0.060,0.656 ± 0.039,0.153 ± 0.010,0.105 ± 0.011,0.636 ± 0.060,0.253 ± 0.094,0.694 ± 0.062,0.598 ± 0.064,0.472 ± 0.163,0.724 ± 0.081,0.199 ± 0.051,0.906 ± 0.030,0.275 ± 0.072,0.143 ± 0.087,0.121 ± 0.071
OS,global,All,ExtraSurvTrees,Genes,15,0.611 ± 0.010,0.624 ± 0.015,0.678 ± 0.032,0.664 ± 0.025,0.636 ± 0.022,0.188 ± 0.008,0.159 ± 0.011,0.664 ± 0.025,0.354 ± 0.042,0.648 ± 0.034,0.614 ± 0.027,0.553 ± 0.066,0.675 ± 0.050,0.330 ± 0.038,0.840 ± 0.027,0.411 ± 0.038,0.197 ± 0.047,0.184 ± 0.045
OS,global,TNBC,ExtraSurvTrees,Genes,15,0.561 ± 0.029,0.570 ± 0.032,0.585 ± 0.061,0.574 ± 0.038,0.586 ± 0.054,0.229 ± 0.010,0.227 ± 0.029,0.572 ± 0.038,0.437 ± 0.084,0.583 ± 0.052,0.556 ± 0.043,0.487 ± 0.114,0.624 ± 0.094,0.408 ± 0.104,0.700 ± 0.061,0.439 ± 0.098,0.110 ± 0.086,0.108 ± 0.085
OS,global,Basal,ExtraSurvTrees,Genes,15,0.496 ± 0.062,0.504 ± 0.070,0.483 ± 0.108,0.481 ± 0.090,0.511 ± 0.092,0.242 ± 0.013,0.248 ± 0.027,0.478 ± 0.090,0.421 ± 0.069,0.462 ± 0.075,0.464 ± 0.064,0.438 ± 0.176,0.490 ± 0.158,0.351 ± 0.078,0.578 ± 0.087,0.372 ± 0.107,-0.072 ± 0.130,-0.065 ± 0.119
OS,global,HER2-enriched,ExtraSurvTrees,Genes,15,0.526 ± 0.045,0.535 ± 0.051,0.558 ± 0.085,0.554 ± 0.068,0.531 ± 0.124,0.227 ± 0.017,0.226 ± 0.018,0.555 ± 0.068,0.478 ± 0.095,0.591 ± 0.047,0.532 ± 0.048,0.313 ± 0.134,0.751 ± 0.112,0.410 ± 0.125,0.662 ± 0.047,0.340 ± 0.109,0.068 ± 0.110,0.064 ± 0.101
OS,global,Claudin-low,ExtraSurvTrees,Genes,15,0.597 ± 0.089,0.601 ± 0.101,0.700 ± 0.131,0.649 ± 0.120,0.596 ± 0.109,0.181 ± 0.018,0.148 ± 0.030,0.646 ± 0.120,0.394 ± 0.107,0.650 ± 0.104,0.583 ± 0.104,0.472 ± 0.199,0.694 ± 0.132,0.288 ± 0.129,0.842 ± 0.063,0.343 ± 0.138,0.146 ± 0.179,0.136 ± 0.168
OS,global,Aggressive (Basal/HER2/CL),ExtraSurvTrees,Genes,15,0.570 ± 0.023,0.576 ± 0.028,0.587 ± 0.046,0.595 ± 0.030,0.584 ± 0.054,0.218 ± 0.009,0.208 ± 0.018,0.595 ± 0.030,0.413 ± 0.057,0.557 ± 0.026,0.555 ± 0.031,0.553 ± 0.066,0.557 ± 0.039,0.369 ± 0.052,0.727 ± 0.043,0.441 ± 0.054,0.103 ± 0.058,0.097 ± 0.054
OS,global,LumB,ExtraSurvTrees,Genes,15,0.563 ± 0.036,0.566 ± 0.045,0.570 ± 0.079,0.593 ± 0.068,0.577 ± 0.068,0.200 ± 0.011,0.176 ± 0.017,0.593 ± 0.068,0.349 ± 0.079,0.579 ± 0.069,0.565 ± 0.063,0.534 ± 0.120,0.596 ± 0.098,0.301 ± 0.072,0.800 ± 0.055,0.378 ± 0.072,0.114 ± 0.109,0.104 ± 0.098
OS,global,LumA,ExtraSurvTrees,Genes,15,0.610 ± 0.030,0.623 ± 0.044,0.636 ± 0.105,0.629 ± 0.062,0.643 ± 0.049,0.155 ± 0.010,0.106 ± 0.012,0.628 ± 0.062,0.239 ± 0.092,0.671 ± 0.067,0.592 ± 0.069,0.483 ± 0.153,0.701 ± 0.087,0.193 ± 0.064,0.903 ± 0.033,0.268 ± 0.074,0.131 ± 0.097,0.110 ± 0.086
OS,global,All,GBSA,Genes,15,0.602 ± 0.013,0.610 ± 0.016,0.630 ± 0.029,0.633 ± 0.021,0.629 ± 0.021,0.193 ± 0.006,0.165 ± 0.010,0.632 ± 0.021,0.317 ± 0.041,0.652 ± 0.033,0.585 ± 0.020,0.462 ± 0.086,0.707 ± 0.067,0.316 ± 0.051,0.822 ± 0.020,0.370 ± 0.045,0.152 ± 0.038,0.145 ± 0.037
OS,global,TNBC,GBSA,Genes,15,0.544 ± 0.026,0.546 ± 0.029,0.534 ± 0.046,0.562 ± 0.036,0.571 ± 0.051,0.241 ± 0.010,0.239 ± 0.033,0.561 ± 0.037,0.419 ± 0.102,0.580 ± 0.065,0.564 ± 0.049,0.500 ± 0.143,0.628 ± 0.147,0.429 ± 0.109,0.704 ± 0.083,0.439 ± 0.077,0.129 ± 0.097,0.121 ± 0.092
OS,global,Basal,GBSA,Genes,15,0.495 ± 0.040,0.500 ± 0.048,0.473 ± 0.073,0.491 ± 0.067,0.512 ± 0.068,0.263 ± 0.020,0.268 ± 0.036,0.488 ± 0.066,0.426 ± 0.081,0.516 ± 0.078,0.510 ± 0.061,0.464 ± 0.125,0.557 ± 0.165,0.411 ± 0.100,0.613 ± 0.084,0.421 ± 0.079,0.022 ± 0.124,0.024 ± 0.119
OS,global,HER2-enriched,GBSA,Genes,15,0.502 ± 0.049,0.503 ± 0.056,0.511 ± 0.085,0.497 ± 0.093,0.478 ± 0.108,0.246 ± 0.027,0.244 ± 0.022,0.498 ± 0.092,0.396 ± 0.105,0.525 ± 0.046,0.516 ± 0.053,0.484 ± 0.141,0.548 ± 0.096,0.371 ± 0.078,0.657 ± 0.063,0.414 ± 0.094,0.031 ± 0.104,0.029 ± 0.100
OS,global,Claudin-low,GBSA,Genes,15,0.622 ± 0.074,0.634 ± 0.094,0.689 ± 0.132,0.676 ± 0.118,0.648 ± 0.104,0.177 ± 0.022,0.145 ± 0.032,0.672 ± 0.115,0.398 ± 0.122,0.704 ± 0.065,0.623 ± 0.092,0.489 ± 0.237,0.757 ± 0.110,0.354 ± 0.206,0.863 ± 0.061,0.372 ± 0.135,0.221 ± 0.163,0.196 ± 0.146
OS,global,Aggressive (Basal/HER2/CL),GBSA,Genes,15,0.560 ± 0.021,0.564 ± 0.024,0.557 ± 0.038,0.575 ± 0.027,0.576 ± 0.044,0.231 ± 0.012,0.220 ± 0.020,0.575 ± 0.027,0.378 ± 0.050,0.586 ± 0.043,0.568 ± 0.033,0.518 ± 0.107,0.619 ± 0.098,0.393 ± 0.058,0.733 ± 0.051,0.439 ± 0.052,0.131 ± 0.064,0.125 ± 0.061
OS,global,LumB,GBSA,Genes,15,0.567 ± 0.043,0.569 ± 0.048,0.560 ± 0.112,0.577 ± 0.088,0.580 ± 0.064,0.200 ± 0.010,0.179 ± 0.015,0.578 ± 0.088,0.328 ± 0.094,0.596 ± 0.080,0.544 ± 0.064,0.440 ± 0.103,0.647 ± 0.125,0.300 ± 0.102,0.783 ± 0.032,0.346 ± 0.089,0.085 ± 0.118,0.085 ± 0.113
OS,global,LumA,GBSA,Genes,15,0.608 ± 0.034,0.617 ± 0.039,0.640 ± 0.091,0.626 ± 0.065,0.640 ± 0.039,0.157 ± 0.010,0.109 ± 0.010,0.626 ± 0.065,0.230 ± 0.081,0.595 ± 0.093,0.575 ± 0.071,0.552 ± 0.205,0.597 ± 0.125,0.168 ± 0.055,0.907 ± 0.031,0.254 ± 0.078,0.106 ± 0.098,0.077 ± 0.074
OS,global,All,CW-GBSA,Genes,15,0.597 ± 0.011,0.606 ± 0.013,0.618 ± 0.035,0.625 ± 0.023,0.623 ± 0.020,0.192 ± 0.008,0.164 ± 0.012,0.625 ± 0.023,0.320 ± 0.041,0.586 ± 0.043,0.585 ± 0.022,0.583 ± 0.079,0.587 ± 0.075,0.291 ± 0.043,0.831 ± 0.025,0.384 ± 0.038,0.144 ± 0.039,0.125 ± 0.038
OS,global,TNBC,CW-GBSA,Genes,15,0.540 ± 0.039,0.542 ± 0.041,0.545 ± 0.060,0.550 ± 0.051,0.552 ± 0.054,0.239 ± 0.015,0.238 ± 0.037,0.551 ± 0.051,0.419 ± 0.100,0.554 ± 0.049,0.539 ± 0.035,0.487 ± 0.115,0.592 ± 0.129,0.394 ± 0.094,0.685 ± 0.072,0.420 ± 0.078,0.078 ± 0.070,0.075 ± 0.068
OS,global,Basal,CW-GBSA,Genes,15,0.507 ± 0.057,0.510 ± 0.062,0.496 ± 0.111,0.502 ± 0.084,0.513 ± 0.075,0.253 ± 0.020,0.262 ± 0.037,0.502 ± 0.084,0.436 ± 0.079,0.504 ± 0.051,0.504 ± 0.042,0.500 ± 0.207,0.508 ± 0.235,0.404 ± 0.068,0.600 ± 0.117,0.410 ± 0.139,0.005 ± 0.089,0.006 ± 0.081
OS,global,HER2-enriched,CW-GBSA,Genes,15,0.513 ± 0.045,0.521 ± 0.049,0.550 ± 0.082,0.512 ± 0.061,0.493 ± 0.105,0.236 ± 0.017,0.238 ± 0.019,0.511 ± 0.061,0.415 ± 0.087,0.513 ± 0.065,0.493 ± 0.048,0.433 ± 0.145,0.552 ± 0.158,0.356 ± 0.094,0.633 ± 0.045,0.381 ± 0.094,-0.013 ± 0.096,-0.011 ± 0.093
OS,global,Claudin-low,CW-GBSA,Genes,15,0.581 ± 0.100,0.582 ± 0.107,0.636 ± 0.148,0.618 ± 0.144,0.585 ± 0.117,0.183 ± 0.020,0.150 ± 0.033,0.615 ± 0.142,0.348 ± 0.114,0.629 ± 0.113,0.620 ± 0.117,0.596 ± 0.198,0.643 ± 0.135,0.300 ± 0.132,0.863 ± 0.069,0.386 ± 0.138,0.196 ± 0.193,0.175 ± 0.177
OS,global,Aggressive (Basal/HER2/CL),CW-GBSA,Genes,15,0.566 ± 0.027,0.572 ± 0.028,0.576 ± 0.052,0.585 ± 0.040,0.579 ± 0.040,0.225 ± 0.012,0.218 ± 0.023,0.584 ± 0.040,0.393 ± 0.058,0.528 ± 0.050,0.559 ± 0.039,0.652 ± 0.098,0.466 ± 0.103,0.366 ± 0.052,0.741 ± 0.052,0.466 ± 0.057,0.112 ± 0.074,0.098 ± 0.067
OS,global,LumB,CW-GBSA,Genes,15,0.565 ± 0.026,0.562 ± 0.031,0.545 ± 0.062,0.569 ± 0.054,0.574 ± 0.054,0.200 ± 0.010,0.178 ± 0.018,0.568 ± 0.055,0.322 ± 0.061,0.509 ± 0.074,0.541 ± 0.055,0.599 ± 0.166,0.484 ± 0.127,0.270 ± 0.063,0.795 ± 0.048,0.365 ± 0.080,0.074 ± 0.097,0.059 ± 0.085
OS,global,LumA,CW-GBSA,Genes,15,0.602 ± 0.033,0.611 ± 0.044,0.587 ± 0.112,0.618 ± 0.075,0.632 ± 0.052,0.158 ± 0.010,0.110 ± 0.009,0.619 ± 0.075,0.249 ± 0.094,0.537 ± 0.095,0.571 ± 0.051,0.616 ± 0.170,0.526 ± 0.129,0.160 ± 0.045,0.908 ± 0.028,0.249 ± 0.059,0.098 ± 0.071,0.065 ± 0.052
OS,global,All,SurvSVM,Genes,15,0.601 ± 0.009,0.610 ± 0.010,0.654 ± 0.038,0.639 ± 0.022,0.623 ± 0.018,,,0.639 ± 0.022,0.344 ± 0.045,0.620 ± 0.048,0.600 ± 0.020,0.563 ± 0.090,0.636 ± 0.084,0.312 ± 0.039,0.836 ± 0.026,0.396 ± 0.032,0.171 ± 0.035,0.154 ± 0.034
OS,global,TNBC,SurvSVM,Genes,15,0.537 ± 0.051,0.537 ± 0.055,0.532 ± 0.063,0.543 ± 0.065,0.543 ± 0.078,,,0.543 ± 0.066,0.434 ± 0.115,0.543 ± 0.087,0.516 ± 0.065,0.444 ± 0.161,0.589 ± 0.194,0.391 ± 0.151,0.664 ± 0.084,0.389 ± 0.108,0.042 ± 0.137,0.037 ± 0.125
OS,global,Basal,SurvSVM,Genes,15,0.524 ± 0.054,0.524 ± 0.058,0.510 ± 0.107,0.526 ± 0.082,0.542 ± 0.083,,,0.528 ± 0.082,0.478 ± 0.112,0.533 ± 0.090,0.507 ± 0.071,0.411 ± 0.171,0.604 ± 0.225,0.427 ± 0.182,0.605 ± 0.102,0.392 ± 0.114,0.022 ± 0.168,0.018 ± 0.146
OS,global,HER2-enriched,SurvSVM,Genes,15,0.513 ± 0.064,0.519 ± 0.068,0.531 ± 0.100,0.506 ± 0.096,0.519 ± 0.122,,,0.506 ± 0.096,0.433 ± 0.106,0.545 ± 0.079,0.513 ± 0.064,0.442 ± 0.220,0.584 ± 0.190,0.381 ± 0.099,0.661 ± 0.068,0.388 ± 0.143,0.032 ± 0.132,0.026 ± 0.124
OS,global,Claudin-low,SurvSVM,Genes,15,0.578 ± 0.087,0.580 ± 0.102,0.668 ± 0.124,0.624 ± 0.117,0.581 ± 0.114,,,0.621 ± 0.115,0.355 ± 0.125,0.637 ± 0.108,0.599 ± 0.093,0.537 ± 0.223,0.661 ± 0.154,0.281 ± 0.104,0.855 ± 0.064,0.356 ± 0.123,0.163 ± 0.154,0.143 ± 0.144
OS,global,Aggressive (Basal/HER2/CL),SurvSVM,Genes,15,0.566 ± 0.028,0.571 ± 0.030,0.581 ± 0.049,0.583 ± 0.044,0.583 ± 0.045,,,0.582 ± 0.044,0.412 ± 0.072,0.529 ± 0.046,0.541 ± 0.036,0.591 ± 0.124,0.491 ± 0.106,0.352 ± 0.056,0.721 ± 0.043,0.440 ± 0.077,0.078 ± 0.068,0.070 ± 0.063
OS,global,LumB,SurvSVM,Genes,15,0.555 ± 0.036,0.551 ± 0.043,0.547 ± 0.083,0.569 ± 0.072,0.555 ± 0.061,,,0.570 ± 0.072,0.342 ± 0.078,0.554 ± 0.086,0.535 ± 0.060,0.497 ± 0.185,0.573 ± 0.157,0.279 ± 0.089,0.785 ± 0.046,0.342 ± 0.087,0.067 ± 0.108,0.058 ± 0.097
OS,global,LumA,SurvSVM,Genes,15,0.600 ± 0.030,0.606 ± 0.038,0.599 ± 0.117,0.599 ± 0.077,0.627 ± 0.046,,,0.600 ± 0.077,0.245 ± 0.082,0.498 ± 0.081,0.552 ± 0.058,0.628 ± 0.151,0.476 ± 0.108,0.148 ± 0.035,0.900 ± 0.034,0.238 ± 0.055,0.070 ± 0.077,0.043 ± 0.050
OS,global,All,XGB-Cox,Genes,15,0.599 ± 0.015,0.608 ± 0.019,0.640 ± 0.035,0.635 ± 0.025,0.623 ± 0.025,0.196 ± 0.008,0.165 ± 0.011,0.635 ± 0.025,0.329 ± 0.038,0.650 ± 0.032,0.583 ± 0.024,0.461 ± 0.075,0.706 ± 0.058,0.312 ± 0.042,0.820 ± 0.029,0.367 ± 0.034,0.148 ± 0.041,0.141 ± 0.040
OS,global,TNBC,XGB-Cox,Genes,15,0.548 ± 0.034,0.552 ± 0.038,0.549 ± 0.074,0.580 ± 0.054,0.568 ± 0.067,0.245 ± 0.018,0.236 ± 0.034,0.578 ± 0.055,0.444 ± 0.104,0.585 ± 0.064,0.559 ± 0.048,0.469 ± 0.108,0.649 ± 0.121,0.420 ± 0.104,0.697 ± 0.068,0.430 ± 0.076,0.117 ± 0.096,0.113 ± 0.094
OS,global,Basal,XGB-Cox,Genes,15,0.505 ± 0.058,0.508 ± 0.060,0.471 ± 0.088,0.508 ± 0.088,0.520 ± 0.083,0.268 ± 0.029,0.266 ± 0.040,0.505 ± 0.087,0.461 ± 0.097,0.508 ± 0.088,0.492 ± 0.084,0.415 ± 0.146,0.570 ± 0.154,0.388 ± 0.121,0.599 ± 0.091,0.389 ± 0.108,-0.014 ± 0.166,-0.013 ± 0.155
OS,global,HER2-enriched,XGB-Cox,Genes,15,0.498 ± 0.039,0.500 ± 0.043,0.520 ± 0.080,0.495 ± 0.062,0.464 ± 0.096,0.254 ± 0.026,0.247 ± 0.019,0.498 ± 0.062,0.406 ± 0.095,0.535 ± 0.072,0.506 ± 0.070,0.412 ± 0.158,0.600 ± 0.140,0.365 ± 0.124,0.645 ± 0.053,0.380 ± 0.123,0.012 ± 0.141,0.013 ± 0.138
OS,global,Claudin-low,XGB-Cox,Genes,15,0.611 ± 0.065,0.616 ± 0.089,0.698 ± 0.132,0.675 ± 0.105,0.623 ± 0.111,0.181 ± 0.024,0.144 ± 0.035,0.673 ± 0.104,0.431 ± 0.124,0.682 ± 0.074,0.580 ± 0.083,0.401 ± 0.183,0.759 ± 0.097,0.284 ± 0.086,0.835 ± 0.070,0.315 ± 0.107,0.136 ± 0.140,0.128 ± 0.132
OS,global,Aggressive (Basal/HER2/CL),XGB-Cox,Genes,15,0.560 ± 0.028,0.564 ± 0.031,0.566 ± 0.053,0.583 ± 0.036,0.567 ± 0.049,0.237 ± 0.017,0.221 ± 0.022,0.583 ± 0.036,0.402 ± 0.052,0.572 ± 0.043,0.548 ± 0.038,0.476 ± 0.134,0.620 ± 0.105,0.369 ± 0.062,0.717 ± 0.053,0.406 ± 0.071,0.091 ± 0.073,0.086 ± 0.070
OS,global,LumB,XGB-Cox,Genes,15,0.553 ± 0.039,0.555 ± 0.043,0.558 ± 0.113,0.570 ± 0.077,0.559 ± 0.061,0.205 ± 0.011,0.181 ± 0.017,0.571 ± 0.078,0.328 ± 0.093,0.599 ± 0.051,0.533 ± 0.054,0.407 ± 0.142,0.660 ± 0.086,0.272 ± 0.082,0.779 ± 0.043,0.320 ± 0.096,0.058 ± 0.103,0.054 ± 0.101
OS,global,LumA,XGB-Cox,Genes,15,0.609 ± 0.034,0.618 ± 0.039,0.633 ± 0.076,0.617 ± 0.070,0.642 ± 0.039,0.158 ± 0.010,0.109 ± 0.010,0.617 ± 0.071,0.219 ± 0.084,0.681 ± 0.073,0.555 ± 0.067,0.387 ± 0.145,0.722 ± 0.087,0.171 ± 0.058,0.891 ± 0.033,0.233 ± 0.074,0.082 ± 0.096,0.072 ± 0.082
OS,global,All,CoxPH,Mutations,15,0.555 ± 0.017,0.565 ± 0.019,0.583 ± 0.050,0.586 ± 0.024,0.581 ± 0.030,0.199 ± 0.009,0.168 ± 0.012,0.586 ± 0.024,0.289 ± 0.032,0.598 ± 0.032,0.574 ± 0.019,0.532 ± 0.040,0.616 ± 0.045,0.286 ± 0.029,0.820 ± 0.024,0.371 ± 0.031,0.125 ± 0.032,0.113 ± 0.030
OS,global,TNBC,CoxPH,Mutations,15,0.541 ± 0.030,0.541 ± 0.030,0.523 ± 0.059,0.559 ± 0.054,0.550 ± 0.041,0.236 ± 0.015,0.238 ± 0.037,0.557 ± 0.055,0.408 ± 0.088,0.523 ± 0.071,0.520 ± 0.056,0.516 ± 0.173,0.523 ± 0.156,0.364 ± 0.103,0.675 ± 0.083,0.415 ± 0.103,0.039 ± 0.112,0.035 ± 0.104
OS,global,Basal,CoxPH,Mutations,15,0.526 ± 0.059,0.525 ± 0.059,0.490 ± 0.089,0.532 ± 0.088,0.535 ± 0.085,0.252 ± 0.014,0.263 ± 0.033,0.534 ± 0.087,0.440 ± 0.098,0.491 ± 0.077,0.499 ± 0.067,0.508 ± 0.182,0.489 ± 0.183,0.396 ± 0.112,0.610 ± 0.106,0.426 ± 0.088,0.001 ± 0.141,-0.002 ± 0.122
OS,global,HER2-enriched,CoxPH,Mutations,15,0.530 ± 0.056,0.540 ± 0.058,0.551 ± 0.141,0.541 ± 0.087,0.581 ± 0.084,0.236 ± 0.020,0.241 ± 0.021,0.544 ± 0.085,0.432 ± 0.098,0.507 ± 0.090,0.489 ± 0.073,0.431 ± 0.245,0.547 ± 0.224,0.329 ± 0.150,0.632 ± 0.078,0.355 ± 0.162,-0.027 ± 0.160,-0.019 ± 0.133
OS,global,Claudin-low,CoxPH,Mutations,15,0.573 ± 0.094,0.557 ± 0.111,0.634 ± 0.159,0.610 ± 0.143,0.548 ± 0.131,0.186 ± 0.016,0.151 ± 0.031,0.605 ± 0.137,0.377 ± 0.094,0.631 ± 0.112,0.578 ± 0.066,0.500 ± 0.129,0.657 ± 0.151,0.283 ± 0.097,0.841 ± 0.050,0.352 ± 0.096,0.139 ± 0.121,0.130 ± 0.120
OS,global,Aggressive (Basal/HER2/CL),CoxPH,Mutations,15,0.555 ± 0.024,0.559 ± 0.026,0.559 ± 0.066,0.575 ± 0.033,0.576 ± 0.038,0.226 ± 0.011,0.219 ± 0.022,0.576 ± 0.033,0.391 ± 0.060,0.549 ± 0.048,0.553 ± 0.040,0.566 ± 0.114,0.540 ± 0.098,0.366 ± 0.044,0.727 ± 0.057,0.440 ± 0.057,0.099 ± 0.075,0.091 ± 0.069
OS,global,LumB,CoxPH,Mutations,15,0.539 ± 0.056,0.543 ± 0.064,0.553 ± 0.104,0.568 ± 0.068,0.558 ± 0.088,0.210 ± 0.014,0.181 ± 0.019,0.569 ± 0.068,0.330 ± 0.066,0.636 ± 0.051,0.571 ± 0.065,0.445 ± 0.105,0.698 ± 0.052,0.321 ± 0.080,0.797 ± 0.047,0.370 ± 0.081,0.130 ± 0.113,0.126 ± 0.107
OS,global,LumA,CoxPH,Mutations,15,0.539 ± 0.040,0.552 ± 0.055,0.549 ± 0.121,0.554 ± 0.076,0.567 ± 0.075,0.168 ± 0.011,0.115 ± 0.012,0.554 ± 0.076,0.186 ± 0.049,0.612 ± 0.120,0.539 ± 0.065,0.442 ± 0.139,0.637 ± 0.146,0.156 ± 0.047,0.884 ± 0.037,0.225 ± 0.057,0.056 ± 0.090,0.048 ± 0.075
OS,global,All,CoxNet,Mutations,15,0.568 ± 0.021,0.579 ± 0.026,0.634 ± 0.048,0.627 ± 0.032,0.585 ± 0.033,0.196 ± 0.008,0.167 ± 0.012,0.627 ± 0.032,0.313 ± 0.038,0.661 ± 0.036,0.612 ± 0.020,0.525 ± 0.064,0.700 ± 0.057,0.337 ± 0.041,0.837 ± 0.022,0.408 ± 0.036,0.197 ± 0.037,0.187 ± 0.038
OS,global,TNBC,CoxNet,Mutations,15,0.528 ± 0.043,0.531 ± 0.044,0.532 ± 0.069,0.552 ± 0.077,0.525 ± 0.063,0.237 ± 0.015,0.239 ± 0.040,0.551 ± 0.077,0.390 ± 0.078,0.572 ± 0.129,0.539 ± 0.068,0.473 ± 0.262,0.606 ± 0.320,0.425 ± 0.117,0.669 ± 0.101,0.400 ± 0.144,0.085 ± 0.149,0.085 ± 0.129
OS,global,Basal,CoxNet,Mutations,15,0.502 ± 0.046,0.496 ± 0.045,0.478 ± 0.070,0.496 ± 0.060,0.505 ± 0.076,0.251 ± 0.015,0.263 ± 0.036,0.500 ± 0.060,0.410 ± 0.057,0.507 ± 0.116,0.497 ± 0.046,0.423 ± 0.421,0.571 ± 0.423,0.290 ± 0.197,0.585 ± 0.229,0.294 ± 0.233,-0.004 ± 0.126,-0.008 ± 0.093
OS,global,HER2-enriched,CoxNet,Mutations,15,0.534 ± 0.064,0.547 ± 0.074,0.509 ± 0.101,0.565 ± 0.082,0.602 ± 0.112,0.237 ± 0.019,0.244 ± 0.027,0.565 ± 0.082,0.414 ± 0.060,0.459 ± 0.098,0.510 ± 0.058,0.687 ± 0.246,0.332 ± 0.245,0.376 ± 0.065,0.691 ± 0.159,0.460 ± 0.097,0.036 ± 0.138,0.016 ± 0.110
OS,global,Claudin-low,CoxNet,Mutations,15,0.540 ± 0.087,0.540 ± 0.104,0.644 ± 0.136,0.574 ± 0.107,0.517 ± 0.121,0.192 ± 0.016,0.155 ± 0.029,0.572 ± 0.105,0.272 ± 0.083,0.597 ± 0.155,0.547 ± 0.082,0.476 ± 0.246,0.618 ± 0.224,0.273 ± 0.150,0.824 ± 0.079,0.302 ± 0.111,0.089 ± 0.152,0.072 ± 0.129
OS,global,Aggressive (Basal/HER2/CL),CoxNet,Mutations,15,0.541 ± 0.032,0.547 ± 0.036,0.549 ± 0.056,0.566 ± 0.044,0.557 ± 0.053,0.227 ± 0.010,0.221 ± 0.023,0.566 ± 0.045,0.366 ± 0.045,0.512 ± 0.082,0.545 ± 0.038,0.642 ± 0.224,0.448 ± 0.218,0.360 ± 0.045,0.734 ± 0.068,0.439 ± 0.089,0.092 ± 0.075,0.073 ± 0.059
OS,global,LumB,CoxNet,Mutations,15,0.563 ± 0.055,0.564 ± 0.065,0.537 ± 0.124,0.612 ± 0.078,0.580 ± 0.079,0.205 ± 0.013,0.179 ± 0.019,0.612 ± 0.078,0.350 ± 0.070,0.687 ± 0.046,0.591 ± 0.043,0.403 ± 0.085,0.780 ± 0.064,0.374 ± 0.079,0.803 ± 0.041,0.381 ± 0.061,0.179 ± 0.083,0.177 ± 0.082
OS,global,LumA,CoxNet,Mutations,15,0.535 ± 0.042,0.540 ± 0.053,0.611 ± 0.099,0.552 ± 0.094,0.546 ± 0.063,0.164 ± 0.009,0.113 ± 0.010,0.553 ± 0.094,0.187 ± 0.056,0.732 ± 0.150,0.535 ± 0.066,0.273 ± 0.178,0.798 ± 0.191,0.187 ± 0.110,0.879 ± 0.038,0.202 ± 0.100,0.067 ± 0.128,0.068 ± 0.123
OS,global,All,RSF,Mutations,15,0.579 ± 0.018,0.593 ± 0.019,0.637 ± 0.042,0.637 ± 0.025,0.606 ± 0.026,0.193 ± 0.008,0.163 ± 0.012,0.637 ± 0.025,0.339 ± 0.034,0.643 ± 0.019,0.605 ± 0.022,0.535 ± 0.060,0.675 ± 0.033,0.321 ± 0.038,0.835 ± 0.026,0.399 ± 0.035,0.181 ± 0.036,0.169 ± 0.034
OS,global,TNBC,RSF,Mutations,15,0.548 ± 0.030,0.550 ± 0.029,0.538 ± 0.071,0.573 ± 0.059,0.546 ± 0.042,0.232 ± 0.012,0.231 ± 0.033,0.572 ± 0.060,0.454 ± 0.085,0.563 ± 0.068,0.531 ± 0.042,0.445 ± 0.168,0.617 ± 0.157,0.381 ± 0.081,0.680 ± 0.073,0.397 ± 0.100,0.061 ± 0.086,0.059 ± 0.084
OS,global,Basal,RSF,Mutations,15,0.517 ± 0.071,0.511 ± 0.067,0.476 ± 0.098,0.519 ± 0.087,0.500 ± 0.102,0.245 ± 0.012,0.253 ± 0.029,0.522 ± 0.085,0.463 ± 0.085,0.504 ± 0.078,0.503 ± 0.066,0.505 ± 0.184,0.500 ± 0.164,0.392 ± 0.093,0.614 ± 0.088,0.430 ± 0.109,0.006 ± 0.133,0.005 ± 0.127
OS,global,HER2-enriched,RSF,Mutations,15,0.539 ± 0.062,0.552 ± 0.069,0.533 ± 0.108,0.558 ± 0.072,0.610 ± 0.107,0.231 ± 0.020,0.236 ± 0.026,0.560 ± 0.071,0.458 ± 0.091,0.539 ± 0.085,0.516 ± 0.055,0.450 ± 0.211,0.581 ± 0.210,0.390 ± 0.078,0.660 ± 0.091,0.394 ± 0.101,0.040 ± 0.117,0.032 ± 0.106
OS,global,Claudin-low,RSF,Mutations,15,0.556 ± 0.089,0.548 ± 0.111,0.624 ± 0.170,0.597 ± 0.127,0.528 ± 0.119,0.190 ± 0.018,0.154 ± 0.031,0.593 ± 0.124,0.369 ± 0.148,0.688 ± 0.122,0.574 ± 0.083,0.387 ± 0.152,0.761 ± 0.151,0.314 ± 0.113,0.829 ± 0.076,0.329 ± 0.091,0.143 ± 0.157,0.137 ± 0.153
OS,global,Aggressive (Basal/HER2/CL),RSF,Mutations,15,0.557 ± 0.028,0.561 ± 0.031,0.557 ± 0.059,0.581 ± 0.034,0.576 ± 0.045,0.222 ± 0.010,0.215 ± 0.021,0.582 ± 0.034,0.410 ± 0.056,0.564 ± 0.056,0.544 ± 0.033,0.503 ± 0.158,0.585 ± 0.134,0.365 ± 0.049,0.719 ± 0.047,0.414 ± 0.076,0.086 ± 0.064,0.080 ± 0.060
OS,global,LumB,RSF,Mutations,15,0.567 ± 0.054,0.574 ± 0.062,0.583 ± 0.119,0.617 ± 0.062,0.588 ± 0.084,0.203 ± 0.012,0.175 ± 0.019,0.618 ± 0.063,0.363 ± 0.073,0.635 ± 0.076,0.578 ± 0.042,0.473 ± 0.131,0.684 ± 0.130,0.338 ± 0.080,0.804 ± 0.038,0.381 ± 0.064,0.148 ± 0.081,0.140 ± 0.079
OS,global,LumA,RSF,Mutations,15,0.552 ± 0.042,0.568 ± 0.048,0.597 ± 0.118,0.577 ± 0.075,0.584 ± 0.062,0.161 ± 0.010,0.109 ± 0.012,0.577 ± 0.075,0.227 ± 0.067,0.659 ± 0.090,0.556 ± 0.049,0.420 ± 0.120,0.692 ± 0.112,0.167 ± 0.039,0.890 ± 0.032,0.235 ± 0.050,0.079 ± 0.069,0.067 ± 0.061
OS,global,All,ExtraSurvTrees,Mutations,15,0.579 ± 0.018,0.593 ± 0.020,0.638 ± 0.045,0.636 ± 0.027,0.606 ± 0.027,0.193 ± 0.008,0.162 ± 0.012,0.637 ± 0.027,0.338 ± 0.029,0.646 ± 0.023,0.604 ± 0.029,0.528 ± 0.065,0.681 ± 0.034,0.322 ± 0.037,0.834 ± 0.027,0.398 ± 0.040,0.180 ± 0.047,0.168 ± 0.044
OS,global,TNBC,ExtraSurvTrees,Mutations,15,0.555 ± 0.033,0.557 ± 0.033,0.550 ± 0.071,0.582 ± 0.063,0.558 ± 0.043,0.232 ± 0.012,0.231 ± 0.033,0.580 ± 0.063,0.462 ± 0.094,0.574 ± 0.081,0.549 ± 0.053,0.490 ± 0.149,0.609 ± 0.163,0.406 ± 0.094,0.692 ± 0.080,0.432 ± 0.088,0.098 ± 0.107,0.094 ± 0.103
OS,global,Basal,ExtraSurvTrees,Mutations,15,0.523 ± 0.076,0.517 ± 0.073,0.488 ± 0.111,0.526 ± 0.093,0.509 ± 0.105,0.244 ± 0.012,0.252 ± 0.030,0.528 ± 0.091,0.471 ± 0.089,0.492 ± 0.086,0.503 ± 0.078,0.520 ± 0.189,0.486 ± 0.169,0.395 ± 0.100,0.616 ± 0.106,0.433 ± 0.095,0.008 ± 0.157,0.005 ± 0.146
OS,global,HER2-enriched,ExtraSurvTrees,Mutations,15,0.541 ± 0.061,0.555 ± 0.067,0.534 ± 0.107,0.562 ± 0.076,0.612 ± 0.106,0.231 ± 0.021,0.236 ± 0.026,0.564 ± 0.076,0.460 ± 0.093,0.560 ± 0.092,0.526 ± 0.052,0.424 ± 0.196,0.629 ± 0.217,0.449 ± 0.173,0.660 ± 0.075,0.389 ± 0.102,0.070 ± 0.118,0.056 ± 0.105
OS,global,Claudin-low,ExtraSurvTrees,Mutations,15,0.559 ± 0.088,0.549 ± 0.110,0.629 ± 0.161,0.596 ± 0.124,0.528 ± 0.120,0.190 ± 0.019,0.154 ± 0.032,0.593 ± 0.121,0.367 ± 0.146,0.713 ± 0.098,0.585 ± 0.078,0.373 ± 0.159,0.797 ± 0.117,0.330 ± 0.148,0.834 ± 0.069,0.334 ± 0.117,0.165 ± 0.165,0.158 ± 0.160
OS,global,Aggressive (Basal/HER2/CL),ExtraSurvTrees,Mutations,15,0.559 ± 0.026,0.564 ± 0.028,0.560 ± 0.059,0.584 ± 0.037,0.579 ± 0.043,0.222 ± 0.010,0.215 ± 0.021,0.584 ± 0.037,0.415 ± 0.051,0.540 ± 0.039,0.545 ± 0.039,0.547 ± 0.152,0.543 ± 0.106,0.357 ± 0.044,0.722 ± 0.067,0.422 ± 0.058,0.083 ± 0.073,0.073 ± 0.063
OS,global,LumB,ExtraSurvTrees,Mutations,15,0.563 ± 0.056,0.568 ± 0.064,0.579 ± 0.127,0.611 ± 0.066,0.579 ± 0.085,0.203 ± 0.012,0.175 ± 0.019,0.612 ± 0.067,0.360 ± 0.071,0.642 ± 0.065,0.575 ± 0.048,0.448 ± 0.138,0.703 ± 0.111,0.332 ± 0.080,0.801 ± 0.040,0.371 ± 0.081,0.141 ± 0.093,0.134 ± 0.090
OS,global,LumA,ExtraSurvTrees,Mutations,15,0.555 ± 0.044,0.570 ± 0.053,0.601 ± 0.118,0.580 ± 0.076,0.586 ± 0.068,0.161 ± 0.010,0.109 ± 0.012,0.580 ± 0.077,0.233 ± 0.067,0.669 ± 0.100,0.554 ± 0.062,0.399 ± 0.117,0.708 ± 0.121,0.173 ± 0.055,0.888 ± 0.035,0.234 ± 0.066,0.080 ± 0.094,0.072 ± 0.087
OS,global,All,GBSA,Mutations,15,0.564 ± 0.018,0.574 ± 0.019,0.604 ± 0.046,0.601 ± 0.024,0.589 ± 0.032,0.196 ± 0.008,0.166 ± 0.011,0.602 ± 0.024,0.315 ± 0.040,0.623 ± 0.028,0.582 ± 0.023,0.507 ± 0.067,0.656 ± 0.049,0.299 ± 0.043,0.823 ± 0.023,0.374 ± 0.040,0.141 ± 0.041,0.131 ± 0.038
OS,global,TNBC,GBSA,Mutations,15,0.555 ± 0.034,0.554 ± 0.037,0.545 ± 0.083,0.579 ± 0.051,0.569 ± 0.042,0.233 ± 0.014,0.235 ± 0.038,0.578 ± 0.052,0.453 ± 0.087,0.590 ± 0.068,0.557 ± 0.058,0.458 ± 0.116,0.656 ± 0.105,0.420 ± 0.096,0.696 ± 0.087,0.428 ± 0.079,0.114 ± 0.116,0.110 ± 0.111
OS,global,Basal,GBSA,Mutations,15,0.543 ± 0.064,0.541 ± 0.064,0.516 ± 0.120,0.559 ± 0.092,0.555 ± 0.089,0.246 ± 0.014,0.258 ± 0.034,0.562 ± 0.092,0.503 ± 0.088,0.501 ± 0.085,0.519 ± 0.081,0.572 ± 0.189,0.465 ± 0.167,0.407 ± 0.096,0.634 ± 0.137,0.461 ± 0.098,0.039 ± 0.169,0.032 ± 0.150
OS,global,HER2-enriched,GBSA,Mutations,15,0.559 ± 0.051,0.573 ± 0.058,0.547 ± 0.133,0.584 ± 0.090,0.626 ± 0.075,0.229 ± 0.016,0.236 ± 0.022,0.586 ± 0.089,0.481 ± 0.110,0.575 ± 0.090,0.544 ± 0.097,0.448 ± 0.221,0.640 ± 0.154,0.401 ± 0.145,0.682 ± 0.094,0.412 ± 0.165,0.086 ± 0.198,0.084 ± 0.183
OS,global,Claudin-low,GBSA,Mutations,15,0.571 ± 0.086,0.558 ± 0.098,0.663 ± 0.168,0.615 ± 0.137,0.539 ± 0.114,0.189 ± 0.015,0.152 ± 0.029,0.611 ± 0.132,0.389 ± 0.132,0.705 ± 0.106,0.610 ± 0.081,0.457 ± 0.138,0.764 ± 0.133,0.350 ± 0.125,0.848 ± 0.056,0.382 ± 0.106,0.208 ± 0.149,0.201 ± 0.147
OS,global,Aggressive (Basal/HER2/CL),GBSA,Mutations,15,0.574 ± 0.033,0.577 ± 0.037,0.574 ± 0.070,0.604 ± 0.044,0.601 ± 0.052,0.222 ± 0.010,0.216 ± 0.022,0.605 ± 0.045,0.438 ± 0.069,0.584 ± 0.046,0.568 ± 0.037,0.520 ± 0.144,0.616 ± 0.112,0.390 ± 0.056,0.737 ± 0.060,0.436 ± 0.060,0.131 ± 0.070,0.122 ± 0.061
OS,global,LumB,GBSA,Mutations,15,0.539 ± 0.056,0.542 ± 0.059,0.541 ± 0.131,0.558 ± 0.069,0.557 ± 0.077,0.207 ± 0.013,0.181 ± 0.019,0.559 ± 0.070,0.318 ± 0.066,0.627 ± 0.057,0.559 ± 0.064,0.430 ± 0.124,0.688 ± 0.069,0.307 ± 0.096,0.792 ± 0.037,0.355 ± 0.104,0.108 ± 0.122,0.105 ± 0.120
OS,global,LumA,GBSA,Mutations,15,0.532 ± 0.044,0.539 ± 0.054,0.588 ± 0.104,0.548 ± 0.070,0.549 ± 0.073,0.167 ± 0.010,0.114 ± 0.011,0.548 ± 0.071,0.192 ± 0.048,0.648 ± 0.093,0.543 ± 0.050,0.404 ± 0.126,0.682 ± 0.116,0.161 ± 0.050,0.887 ± 0.027,0.225 ± 0.063,0.065 ± 0.075,0.057 ± 0.067
OS,global,All,CW-GBSA,Mutations,15,0.562 ± 0.017,0.573 ± 0.020,0.598 ± 0.050,0.599 ± 0.024,0.588 ± 0.028,0.196 ± 0.009,0.167 ± 0.012,0.599 ± 0.024,0.292 ± 0.035,0.617 ± 0.025,0.590 ± 0.027,0.540 ± 0.062,0.640 ± 0.039,0.301 ± 0.039,0.829 ± 0.026,0.385 ± 0.041,0.153 ± 0.046,0.140 ± 0.043
OS,global,TNBC,CW-GBSA,Mutations,15,0.542 ± 0.039,0.547 ± 0.036,0.534 ± 0.076,0.566 ± 0.049,0.548 ± 0.050,0.236 ± 0.015,0.238 ± 0.039,0.564 ± 0.050,0.414 ± 0.087,0.577 ± 0.054,0.550 ± 0.056,0.494 ± 0.181,0.607 ± 0.131,0.395 ± 0.118,0.703 ± 0.066,0.432 ± 0.130,0.099 ± 0.112,0.095 ± 0.107
OS,global,Basal,CW-GBSA,Mutations,15,0.523 ± 0.066,0.522 ± 0.068,0.482 ± 0.099,0.527 ± 0.079,0.536 ± 0.104,0.249 ± 0.014,0.261 ± 0.034,0.530 ± 0.078,0.446 ± 0.078,0.525 ± 0.088,0.514 ± 0.054,0.467 ± 0.247,0.561 ± 0.253,0.457 ± 0.191,0.626 ± 0.093,0.404 ± 0.126,0.044 ± 0.130,0.028 ± 0.107
OS,global,HER2-enriched,CW-GBSA,Mutations,15,0.543 ± 0.066,0.556 ± 0.071,0.546 ± 0.137,0.557 ± 0.094,0.592 ± 0.101,0.236 ± 0.019,0.242 ± 0.024,0.560 ± 0.092,0.428 ± 0.094,0.539 ± 0.109,0.531 ± 0.082,0.513 ± 0.262,0.549 ± 0.252,0.387 ± 0.144,0.667 ± 0.101,0.417 ± 0.160,0.059 ± 0.178,0.059 ± 0.159
OS,global,Claudin-low,CW-GBSA,Mutations,15,0.561 ± 0.064,0.552 ± 0.085,0.637 ± 0.134,0.593 ± 0.110,0.536 ± 0.098,0.190 ± 0.015,0.154 ± 0.029,0.589 ± 0.106,0.342 ± 0.088,0.671 ± 0.140,0.599 ± 0.091,0.492 ± 0.215,0.707 ± 0.199,0.328 ± 0.154,0.848 ± 0.069,0.368 ± 0.131,0.184 ± 0.174,0.170 ± 0.167
OS,global,Aggressive (Basal/HER2/CL),CW-GBSA,Mutations,15,0.556 ± 0.031,0.562 ± 0.032,0.559 ± 0.068,0.579 ± 0.034,0.578 ± 0.044,0.226 ± 0.010,0.220 ± 0.022,0.580 ± 0.034,0.386 ± 0.063,0.563 ± 0.053,0.561 ± 0.033,0.559 ± 0.157,0.563 ± 0.132,0.376 ± 0.057,0.736 ± 0.052,0.441 ± 0.071,0.117 ± 0.063,0.107 ± 0.058
OS,global,LumB,CW-GBSA,Mutations,15,0.548 ± 0.059,0.552 ± 0.067,0.531 ± 0.129,0.576 ± 0.081,0.576 ± 0.086,0.205 ± 0.013,0.180 ± 0.019,0.576 ± 0.081,0.330 ± 0.071,0.627 ± 0.042,0.568 ± 0.062,0.451 ± 0.118,0.684 ± 0.048,0.312 ± 0.079,0.797 ± 0.045,0.365 ± 0.086,0.121 ± 0.109,0.116 ± 0.105
OS,global,LumA,CW-GBSA,Mutations,15,0.545 ± 0.035,0.551 ± 0.050,0.573 ± 0.116,0.550 ± 0.074,0.564 ± 0.065,0.164 ± 0.009,0.114 ± 0.010,0.551 ± 0.074,0.182 ± 0.044,0.669 ± 0.129,0.527 ± 0.063,0.335 ± 0.181,0.719 ± 0.170,0.148 ± 0.051,0.876 ± 0.043,0.197 ± 0.065,0.036 ± 0.095,0.034 ± 0.083
OS,global,All,SurvSVM,Mutations,15,0.562 ± 0.018,0.573 ± 0.019,0.620 ± 0.040,0.611 ± 0.026,0.585 ± 0.028,,,0.611 ± 0.026,0.305 ± 0.041,0.604 ± 0.049,0.586 ± 0.019,0.553 ± 0.072,0.618 ± 0.077,0.297 ± 0.034,0.828 ± 0.022,0.384 ± 0.033,0.146 ± 0.034,0.132 ± 0.034
OS,global,TNBC,SurvSVM,Mutations,15,0.528 ± 0.030,0.530 ± 0.029,0.534 ± 0.043,0.543 ± 0.044,0.522 ± 0.048,,,0.542 ± 0.043,0.394 ± 0.079,0.534 ± 0.048,0.523 ± 0.043,0.506 ± 0.135,0.541 ± 0.092,0.366 ± 0.094,0.680 ± 0.070,0.420 ± 0.097,0.046 ± 0.082,0.043 ± 0.075
OS,global,Basal,SurvSVM,Mutations,15,0.506 ± 0.063,0.505 ± 0.062,0.483 ± 0.093,0.494 ± 0.080,0.497 ± 0.085,,,0.498 ± 0.077,0.422 ± 0.089,0.492 ± 0.070,0.511 ± 0.070,0.586 ± 0.151,0.435 ± 0.124,0.400 ± 0.093,0.623 ± 0.102,0.467 ± 0.091,0.022 ± 0.140,0.019 ± 0.126
OS,global,HER2-enriched,SurvSVM,Mutations,15,0.521 ± 0.064,0.530 ± 0.065,0.554 ± 0.148,0.514 ± 0.095,0.566 ± 0.097,,,0.516 ± 0.093,0.410 ± 0.107,0.482 ± 0.095,0.496 ± 0.049,0.542 ± 0.325,0.450 ± 0.295,0.331 ± 0.120,0.649 ± 0.100,0.381 ± 0.170,-0.011 ± 0.129,-0.008 ± 0.091
OS,global,Claudin-low,SurvSVM,Mutations,15,0.560 ± 0.091,0.545 ± 0.113,0.627 ± 0.175,0.614 ± 0.131,0.528 ± 0.132,,,0.609 ± 0.127,0.374 ± 0.104,0.634 ± 0.135,0.573 ± 0.081,0.487 ± 0.188,0.659 ± 0.182,0.278 ± 0.083,0.837 ± 0.067,0.341 ± 0.098,0.129 ± 0.140,0.119 ± 0.126
OS,global,Aggressive (Basal/HER2/CL),SurvSVM,Mutations,15,0.544 ± 0.032,0.547 ± 0.032,0.561 ± 0.059,0.557 ± 0.048,0.555 ± 0.047,,,0.558 ± 0.048,0.373 ± 0.068,0.528 ± 0.064,0.534 ± 0.034,0.561 ± 0.142,0.506 ± 0.137,0.350 ± 0.048,0.713 ± 0.045,0.426 ± 0.067,0.066 ± 0.066,0.060 ± 0.059
OS,global,LumB,SurvSVM,Mutations,15,0.549 ± 0.053,0.553 ± 0.057,0.593 ± 0.097,0.605 ± 0.057,0.559 ± 0.078,,,0.606 ± 0.058,0.357 ± 0.069,0.628 ± 0.037,0.581 ± 0.054,0.495 ± 0.131,0.667 ± 0.060,0.320 ± 0.085,0.808 ± 0.031,0.385 ± 0.098,0.144 ± 0.099,0.136 ± 0.095
OS,global,LumA,SurvSVM,Mutations,15,0.542 ± 0.041,0.557 ± 0.056,0.571 ± 0.127,0.570 ± 0.084,0.575 ± 0.071,,,0.570 ± 0.084,0.196 ± 0.060,0.568 ± 0.102,0.544 ± 0.058,0.509 ± 0.187,0.579 ± 0.136,0.152 ± 0.046,0.891 ± 0.038,0.224 ± 0.052,0.060 ± 0.081,0.042 ± 0.061
OS,global,All,XGB-Cox,Mutations,15,0.558 ± 0.017,0.568 ± 0.018,0.596 ± 0.045,0.591 ± 0.028,0.582 ± 0.030,0.197 ± 0.009,0.167 ± 0.012,0.591 ± 0.028,0.300 ± 0.033,0.590 ± 0.036,0.568 ± 0.022,0.531 ± 0.075,0.606 ± 0.061,0.280 ± 0.036,0.819 ± 0.023,0.365 ± 0.040,0.116 ± 0.039,0.104 ± 0.035
OS,global,TNBC,XGB-Cox,Mutations,15,0.550 ± 0.033,0.551 ± 0.034,0.539 ± 0.070,0.579 ± 0.053,0.561 ± 0.039,0.234 ± 0.015,0.235 ± 0.037,0.577 ± 0.054,0.445 ± 0.092,0.583 ± 0.056,0.561 ± 0.048,0.496 ± 0.123,0.627 ± 0.113,0.416 ± 0.106,0.705 ± 0.071,0.442 ± 0.083,0.121 ± 0.097,0.116 ± 0.092
OS,global,Basal,XGB-Cox,Mutations,15,0.531 ± 0.074,0.529 ± 0.073,0.496 ± 0.110,0.548 ± 0.099,0.542 ± 0.096,0.250 ± 0.016,0.259 ± 0.034,0.550 ± 0.098,0.481 ± 0.106,0.518 ± 0.092,0.509 ± 0.076,0.459 ± 0.240,0.559 ± 0.221,0.407 ± 0.104,0.620 ± 0.127,0.400 ± 0.133,0.020 ± 0.163,0.016 ± 0.138
OS,global,HER2-enriched,XGB-Cox,Mutations,15,0.529 ± 0.067,0.541 ± 0.072,0.545 ± 0.147,0.543 ± 0.101,0.576 ± 0.106,0.234 ± 0.021,0.238 ± 0.023,0.546 ± 0.099,0.441 ± 0.107,0.543 ± 0.107,0.521 ± 0.092,0.432 ± 0.219,0.611 ± 0.216,0.396 ± 0.136,0.660 ± 0.101,0.387 ± 0.133,0.049 ± 0.190,0.046 ± 0.174
OS,global,Claudin-low,XGB-Cox,Mutations,15,0.578 ± 0.089,0.564 ± 0.108,0.669 ± 0.158,0.631 ± 0.145,0.544 ± 0.128,0.187 ± 0.015,0.150 ± 0.029,0.626 ± 0.139,0.390 ± 0.123,0.656 ± 0.112,0.617 ± 0.102,0.560 ± 0.209,0.675 ± 0.156,0.314 ± 0.131,0.864 ± 0.065,0.390 ± 0.134,0.204 ± 0.177,0.184 ± 0.169
OS,global,Aggressive (Basal/HER2/CL),XGB-Cox,Mutations,15,0.563 ± 0.026,0.566 ± 0.028,0.570 ± 0.062,0.591 ± 0.034,0.582 ± 0.043,0.224 ± 0.011,0.217 ± 0.022,0.592 ± 0.034,0.413 ± 0.068,0.574 ± 0.063,0.555 ± 0.029,0.506 ± 0.130,0.603 ± 0.135,0.381 ± 0.059,0.723 ± 0.040,0.426 ± 0.059,0.107 ± 0.058,0.102 ± 0.058
OS,global,LumB,XGB-Cox,Mutations,15,0.534 ± 0.054,0.537 ± 0.058,0.551 ± 0.122,0.553 ± 0.068,0.552 ± 0.078,0.208 ± 0.012,0.181 ± 0.018,0.554 ± 0.069,0.321 ± 0.073,0.627 ± 0.074,0.538 ± 0.053,0.369 ± 0.120,0.707 ± 0.114,0.298 ± 0.110,0.779 ± 0.030,0.320 ± 0.094,0.076 ± 0.110,0.074 ± 0.108
OS,global,LumA,XGB-Cox,Mutations,15,0.535 ± 0.040,0.546 ± 0.051,0.559 ± 0.117,0.545 ± 0.074,0.558 ± 0.071,0.167 ± 0.011,0.115 ± 0.011,0.546 ± 0.074,0.192 ± 0.050,0.667 ± 0.056,0.538 ± 0.053,0.366 ± 0.113,0.711 ± 0.063,0.153 ± 0.045,0.884 ± 0.034,0.213 ± 0.059,0.053 ± 0.078,0.045 ± 0.070
OS,global,All,CoxPH,Clin+Genes,15,0.669 ± 0.021,0.671 ± 0.021,0.677 ± 0.031,0.700 ± 0.038,0.711 ± 0.025,0.178 ± 0.010,0.154 ± 0.010,0.700 ± 0.038,0.428 ± 0.068,0.691 ± 0.034,0.642 ± 0.036,0.553 ± 0.092,0.731 ± 0.055,0.373 ± 0.059,0.851 ± 0.026,0.441 ± 0.057,0.252 ± 0.064,0.241 ± 0.063
OS,global,TNBC,CoxPH,Clin+Genes,15,0.620 ± 0.054,0.616 ± 0.059,0.629 ± 0.075,0.662 ± 0.076,0.659 ± 0.083,0.231 ± 0.022,0.223 ± 0.026,0.664 ± 0.075,0.536 ± 0.145,0.640 ± 0.058,0.592 ± 0.062,0.459 ± 0.197,0.725 ± 0.160,0.493 ± 0.163,0.727 ± 0.055,0.447 ± 0.143,0.199 ± 0.133,0.186 ± 0.128
OS,global,Basal,CoxPH,Clin+Genes,15,0.583 ± 0.037,0.580 ± 0.040,0.586 ± 0.076,0.602 ± 0.067,0.616 ± 0.063,0.256 ± 0.019,0.260 ± 0.028,0.604 ± 0.065,0.537 ± 0.119,0.572 ± 0.059,0.533 ± 0.047,0.408 ± 0.267,0.659 ± 0.238,0.454 ± 0.128,0.649 ± 0.083,0.381 ± 0.175,0.081 ± 0.112,0.066 ± 0.092
OS,global,HER2-enriched,CoxPH,Clin+Genes,15,0.618 ± 0.062,0.625 ± 0.064,0.656 ± 0.076,0.657 ± 0.093,0.669 ± 0.083,0.218 ± 0.024,0.218 ± 0.027,0.658 ± 0.093,0.561 ± 0.099,0.646 ± 0.072,0.615 ± 0.091,0.524 ± 0.204,0.707 ± 0.125,0.497 ± 0.118,0.734 ± 0.081,0.500 ± 0.143,0.231 ± 0.175,0.224 ± 0.168
OS,global,Claudin-low,CoxPH,Clin+Genes,15,0.674 ± 0.056,0.685 ± 0.062,0.743 ± 0.109,0.720 ± 0.102,0.721 ± 0.084,0.162 ± 0.018,0.131 ± 0.028,0.720 ± 0.102,0.520 ± 0.167,0.686 ± 0.105,0.627 ± 0.080,0.530 ± 0.164,0.724 ± 0.148,0.370 ± 0.176,0.866 ± 0.038,0.403 ± 0.127,0.240 ± 0.153,0.223 ± 0.148
OS,global,Aggressive (Basal/HER2/CL),CoxPH,Clin+Genes,15,0.631 ± 0.026,0.636 ± 0.024,0.648 ± 0.037,0.666 ± 0.035,0.682 ± 0.039,0.213 ± 0.012,0.204 ± 0.014,0.667 ± 0.035,0.522 ± 0.074,0.664 ± 0.039,0.619 ± 0.033,0.503 ± 0.078,0.735 ± 0.069,0.475 ± 0.069,0.760 ± 0.027,0.486 ± 0.064,0.236 ± 0.069,0.235 ± 0.069
OS,global,LumB,CoxPH,Clin+Genes,15,0.629 ± 0.039,0.622 ± 0.051,0.633 ± 0.077,0.636 ± 0.073,0.649 ± 0.066,0.197 ± 0.017,0.182 ± 0.024,0.638 ± 0.073,0.384 ± 0.095,0.597 ± 0.050,0.602 ± 0.070,0.611 ± 0.183,0.593 ± 0.092,0.322 ± 0.068,0.831 ± 0.060,0.414 ± 0.089,0.176 ± 0.115,0.151 ± 0.097
OS,global,LumA,CoxPH,Clin+Genes,15,0.711 ± 0.028,0.712 ± 0.029,0.709 ± 0.120,0.757 ± 0.059,0.743 ± 0.030,0.137 ± 0.011,0.095 ± 0.012,0.757 ± 0.059,0.425 ± 0.100,0.793 ± 0.053,0.700 ± 0.066,0.573 ± 0.128,0.827 ± 0.061,0.331 ± 0.080,0.929 ± 0.028,0.411 ± 0.073,0.320 ± 0.095,0.299 ± 0.091
OS,global,All,CoxNet,Clin+Genes,15,0.672 ± 0.024,0.674 ± 0.025,0.686 ± 0.042,0.703 ± 0.041,0.715 ± 0.026,0.175 ± 0.009,0.152 ± 0.011,0.704 ± 0.041,0.435 ± 0.070,0.650 ± 0.049,0.635 ± 0.038,0.610 ± 0.111,0.660 ± 0.083,0.343 ± 0.046,0.856 ± 0.031,0.435 ± 0.052,0.232 ± 0.064,0.211 ± 0.060
OS,global,TNBC,CoxNet,Clin+Genes,15,0.629 ± 0.056,0.629 ± 0.060,0.642 ± 0.074,0.663 ± 0.081,0.680 ± 0.085,0.222 ± 0.020,0.221 ± 0.032,0.665 ± 0.080,0.544 ± 0.147,0.617 ± 0.059,0.609 ± 0.073,0.609 ± 0.158,0.608 ± 0.091,0.450 ± 0.125,0.759 ± 0.052,0.513 ± 0.133,0.213 ± 0.143,0.204 ± 0.139
OS,global,Basal,CoxNet,Clin+Genes,15,0.590 ± 0.046,0.588 ± 0.051,0.609 ± 0.094,0.607 ± 0.076,0.612 ± 0.061,0.246 ± 0.017,0.252 ± 0.032,0.609 ± 0.074,0.537 ± 0.132,0.558 ± 0.074,0.563 ± 0.075,0.584 ± 0.167,0.543 ± 0.160,0.451 ± 0.109,0.672 ± 0.114,0.498 ± 0.108,0.125 ± 0.154,0.119 ± 0.143
OS,global,HER2-enriched,CoxNet,Clin+Genes,15,0.601 ± 0.068,0.608 ± 0.071,0.631 ± 0.083,0.634 ± 0.106,0.641 ± 0.099,0.217 ± 0.021,0.217 ± 0.028,0.635 ± 0.106,0.577 ± 0.118,0.670 ± 0.062,0.633 ± 0.074,0.501 ± 0.170,0.765 ± 0.116,0.553 ± 0.129,0.736 ± 0.072,0.509 ± 0.117,0.276 ± 0.146,0.266 ± 0.142
OS,global,Claudin-low,CoxNet,Clin+Genes,15,0.701 ± 0.062,0.709 ± 0.061,0.740 ± 0.109,0.726 ± 0.101,0.754 ± 0.081,0.158 ± 0.015,0.133 ± 0.027,0.726 ± 0.101,0.540 ± 0.156,0.708 ± 0.120,0.651 ± 0.101,0.563 ± 0.185,0.739 ± 0.162,0.396 ± 0.175,0.876 ± 0.046,0.438 ± 0.139,0.283 ± 0.180,0.267 ± 0.168
OS,global,Aggressive (Basal/HER2/CL),CoxNet,Clin+Genes,15,0.633 ± 0.031,0.638 ± 0.029,0.655 ± 0.049,0.663 ± 0.045,0.683 ± 0.036,0.208 ± 0.010,0.201 ± 0.018,0.664 ± 0.045,0.532 ± 0.082,0.621 ± 0.049,0.600 ± 0.050,0.554 ± 0.115,0.646 ± 0.084,0.426 ± 0.072,0.759 ± 0.039,0.478 ± 0.084,0.192 ± 0.097,0.186 ± 0.094
OS,global,LumB,CoxNet,Clin+Genes,15,0.642 ± 0.033,0.635 ± 0.046,0.649 ± 0.065,0.658 ± 0.061,0.669 ± 0.064,0.188 ± 0.013,0.175 ± 0.020,0.660 ± 0.061,0.398 ± 0.092,0.571 ± 0.061,0.612 ± 0.053,0.689 ± 0.120,0.535 ± 0.094,0.324 ± 0.062,0.845 ± 0.048,0.435 ± 0.067,0.194 ± 0.088,0.162 ± 0.079
OS,global,LumA,CoxNet,Clin+Genes,15,0.712 ± 0.026,0.714 ± 0.026,0.727 ± 0.121,0.766 ± 0.058,0.744 ± 0.022,0.139 ± 0.009,0.096 ± 0.012,0.767 ± 0.059,0.441 ± 0.124,0.783 ± 0.059,0.695 ± 0.064,0.574 ± 0.168,0.816 ± 0.085,0.332 ± 0.129,0.930 ± 0.031,0.397 ± 0.078,0.314 ± 0.097,0.285 ± 0.093
OS,global,All,RSF,Clin+Genes,15,0.691 ± 0.022,0.700 ± 0.025,0.748 ± 0.043,0.755 ± 0.038,0.734 ± 0.027,0.171 ± 0.009,0.145 ± 0.010,0.755 ± 0.038,0.467 ± 0.075,0.693 ± 0.043,0.684 ± 0.039,0.667 ± 0.099,0.701 ± 0.069,0.394 ± 0.062,0.881 ± 0.030,0.491 ± 0.053,0.318 ± 0.068,0.294 ± 0.066
OS,global,TNBC,RSF,Clin+Genes,15,0.663 ± 0.053,0.671 ± 0.053,0.724 ± 0.061,0.723 ± 0.067,0.712 ± 0.072,0.209 ± 0.012,0.204 ± 0.025,0.723 ± 0.067,0.595 ± 0.138,0.647 ± 0.078,0.643 ± 0.074,0.644 ± 0.119,0.642 ± 0.095,0.489 ± 0.109,0.778 ± 0.077,0.551 ± 0.110,0.276 ± 0.149,0.267 ± 0.147
OS,global,Basal,RSF,Clin+Genes,15,0.592 ± 0.049,0.595 ± 0.053,0.635 ± 0.084,0.617 ± 0.084,0.612 ± 0.068,0.233 ± 0.013,0.235 ± 0.021,0.618 ± 0.084,0.529 ± 0.141,0.561 ± 0.092,0.561 ± 0.091,0.582 ± 0.129,0.541 ± 0.119,0.451 ± 0.127,0.670 ± 0.078,0.505 ± 0.121,0.122 ± 0.179,0.119 ± 0.176
OS,global,HER2-enriched,RSF,Clin+Genes,15,0.658 ± 0.049,0.665 ± 0.055,0.736 ± 0.067,0.742 ± 0.066,0.689 ± 0.091,0.206 ± 0.015,0.199 ± 0.014,0.743 ± 0.067,0.632 ± 0.109,0.693 ± 0.064,0.673 ± 0.076,0.613 ± 0.185,0.734 ± 0.121,0.578 ± 0.139,0.781 ± 0.067,0.577 ± 0.121,0.351 ± 0.151,0.338 ± 0.146
OS,global,Claudin-low,RSF,Clin+Genes,15,0.719 ± 0.043,0.736 ± 0.052,0.841 ± 0.068,0.786 ± 0.085,0.764 ± 0.070,0.156 ± 0.013,0.126 ± 0.021,0.785 ± 0.083,0.601 ± 0.170,0.723 ± 0.065,0.691 ± 0.052,0.630 ± 0.119,0.751 ± 0.100,0.403 ± 0.147,0.892 ± 0.038,0.469 ± 0.101,0.331 ± 0.107,0.307 ± 0.115
OS,global,Aggressive (Basal/HER2/CL),RSF,Clin+Genes,15,0.666 ± 0.030,0.675 ± 0.030,0.729 ± 0.043,0.730 ± 0.039,0.705 ± 0.039,0.199 ± 0.008,0.187 ± 0.014,0.730 ± 0.039,0.563 ± 0.099,0.680 ± 0.057,0.667 ± 0.050,0.636 ± 0.070,0.698 ± 0.082,0.502 ± 0.091,0.805 ± 0.028,0.558 ± 0.075,0.320 ± 0.103,0.313 ± 0.105
OS,global,LumB,RSF,Clin+Genes,15,0.659 ± 0.031,0.655 ± 0.042,0.665 ± 0.053,0.701 ± 0.052,0.691 ± 0.061,0.183 ± 0.014,0.165 ± 0.016,0.701 ± 0.052,0.431 ± 0.083,0.652 ± 0.055,0.614 ± 0.076,0.543 ± 0.208,0.685 ± 0.102,0.353 ± 0.082,0.831 ± 0.060,0.417 ± 0.106,0.203 ± 0.129,0.186 ± 0.114
OS,global,LumA,RSF,Clin+Genes,15,0.716 ± 0.028,0.723 ± 0.030,0.759 ± 0.104,0.775 ± 0.053,0.759 ± 0.031,0.139 ± 0.010,0.097 ± 0.013,0.775 ± 0.054,0.399 ± 0.128,0.713 ± 0.059,0.701 ± 0.046,0.683 ± 0.113,0.719 ± 0.079,0.266 ± 0.065,0.939 ± 0.028,0.374 ± 0.056,0.285 ± 0.062,0.237 ± 0.065
OS,global,All,ExtraSurvTrees,Clin+Genes,15,0.675 ± 0.027,0.685 ± 0.030,0.718 ± 0.049,0.733 ± 0.044,0.717 ± 0.034,0.177 ± 0.009,0.150 ± 0.011,0.733 ± 0.044,0.444 ± 0.069,0.682 ± 0.037,0.675 ± 0.036,0.664 ± 0.088,0.687 ± 0.056,0.380 ± 0.045,0.878 ± 0.029,0.481 ± 0.049,0.300 ± 0.062,0.276 ± 0.058
OS,global,TNBC,ExtraSurvTrees,Clin+Genes,15,0.642 ± 0.070,0.649 ± 0.071,0.706 ± 0.089,0.702 ± 0.089,0.668 ± 0.094,0.220 ± 0.013,0.214 ± 0.029,0.702 ± 0.089,0.577 ± 0.139,0.670 ± 0.065,0.658 ± 0.076,0.618 ± 0.168,0.698 ± 0.115,0.524 ± 0.134,0.782 ± 0.084,0.553 ± 0.117,0.310 ± 0.146,0.298 ± 0.143
OS,global,Basal,ExtraSurvTrees,Clin+Genes,15,0.580 ± 0.056,0.580 ± 0.060,0.640 ± 0.085,0.598 ± 0.087,0.579 ± 0.094,0.237 ± 0.013,0.241 ± 0.024,0.601 ± 0.087,0.523 ± 0.110,0.599 ± 0.078,0.586 ± 0.071,0.550 ± 0.161,0.623 ± 0.155,0.493 ± 0.101,0.685 ± 0.090,0.508 ± 0.101,0.175 ± 0.143,0.168 ± 0.141
OS,global,HER2-enriched,ExtraSurvTrees,Clin+Genes,15,0.648 ± 0.062,0.654 ± 0.069,0.711 ± 0.101,0.738 ± 0.073,0.680 ± 0.099,0.210 ± 0.016,0.203 ± 0.017,0.739 ± 0.073,0.627 ± 0.108,0.674 ± 0.078,0.659 ± 0.078,0.620 ± 0.173,0.698 ± 0.132,0.543 ± 0.093,0.772 ± 0.074,0.567 ± 0.116,0.316 ± 0.148,0.308 ± 0.147
OS,global,Claudin-low,ExtraSurvTrees,Clin+Genes,15,0.684 ± 0.040,0.706 ± 0.060,0.805 ± 0.089,0.750 ± 0.109,0.714 ± 0.086,0.169 ± 0.012,0.136 ± 0.022,0.749 ± 0.107,0.563 ± 0.171,0.716 ± 0.075,0.680 ± 0.092,0.627 ± 0.198,0.733 ± 0.101,0.375 ± 0.124,0.895 ± 0.041,0.460 ± 0.134,0.311 ± 0.152,0.288 ± 0.143
OS,global,Aggressive (Basal/HER2/CL),ExtraSurvTrees,Clin+Genes,15,0.646 ± 0.036,0.653 ± 0.038,0.693 ± 0.056,0.706 ± 0.051,0.678 ± 0.057,0.206 ± 0.009,0.194 ± 0.016,0.706 ± 0.051,0.537 ± 0.084,0.666 ± 0.058,0.650 ± 0.050,0.613 ± 0.107,0.687 ± 0.108,0.487 ± 0.067,0.792 ± 0.050,0.537 ± 0.062,0.289 ± 0.094,0.280 ± 0.094
OS,global,LumB,ExtraSurvTrees,Clin+Genes,15,0.636 ± 0.036,0.637 ± 0.047,0.613 ± 0.077,0.669 ± 0.064,0.673 ± 0.069,0.189 ± 0.012,0.170 ± 0.016,0.669 ± 0.064,0.399 ± 0.084,0.600 ± 0.059,0.615 ± 0.059,0.648 ± 0.156,0.582 ± 0.101,0.331 ± 0.063,0.844 ± 0.052,0.434 ± 0.078,0.201 ± 0.099,0.172 ± 0.087
OS,global,LumA,ExtraSurvTrees,Clin+Genes,15,0.706 ± 0.034,0.713 ± 0.037,0.719 ± 0.115,0.755 ± 0.065,0.744 ± 0.038,0.144 ± 0.011,0.099 ± 0.013,0.755 ± 0.066,0.375 ± 0.105,0.725 ± 0.070,0.674 ± 0.068,0.604 ± 0.137,0.744 ± 0.087,0.265 ± 0.074,0.927 ± 0.032,0.357 ± 0.069,0.256 ± 0.096,0.221 ± 0.089
OS,global,All,GBSA,Clin+Genes,15,0.685 ± 0.022,0.692 ± 0.024,0.725 ± 0.038,0.737 ± 0.037,0.733 ± 0.026,0.173 ± 0.010,0.149 ± 0.010,0.737 ± 0.037,0.446 ± 0.065,0.694 ± 0.048,0.653 ± 0.040,0.579 ± 0.109,0.726 ± 0.076,0.383 ± 0.057,0.858 ± 0.030,0.455 ± 0.057,0.271 ± 0.069,0.257 ± 0.068
OS,global,TNBC,GBSA,Clin+Genes,15,0.642 ± 0.050,0.648 ± 0.053,0.689 ± 0.055,0.694 ± 0.062,0.697 ± 0.080,0.221 ± 0.020,0.219 ± 0.029,0.694 ± 0.061,0.538 ± 0.130,0.644 ± 0.056,0.619 ± 0.048,0.529 ± 0.083,0.708 ± 0.115,0.501 ± 0.143,0.741 ± 0.054,0.502 ± 0.083,0.239 ± 0.109,0.232 ± 0.103
OS,global,Basal,GBSA,Clin+Genes,15,0.565 ± 0.050,0.569 ± 0.056,0.604 ± 0.087,0.587 ± 0.078,0.587 ± 0.069,0.261 ± 0.023,0.263 ± 0.032,0.588 ± 0.077,0.504 ± 0.124,0.565 ± 0.081,0.551 ± 0.080,0.463 ± 0.129,0.639 ± 0.126,0.455 ± 0.139,0.649 ± 0.080,0.448 ± 0.107,0.103 ± 0.164,0.100 ± 0.158
OS,global,HER2-enriched,GBSA,Clin+Genes,15,0.639 ± 0.048,0.646 ± 0.053,0.697 ± 0.079,0.691 ± 0.069,0.690 ± 0.082,0.211 ± 0.022,0.210 ± 0.023,0.693 ± 0.068,0.569 ± 0.093,0.654 ± 0.054,0.628 ± 0.077,0.542 ± 0.194,0.715 ± 0.095,0.505 ± 0.120,0.744 ± 0.077,0.512 ± 0.141,0.253 ± 0.154,0.247 ± 0.146
OS,global,Claudin-low,GBSA,Clin+Genes,15,0.720 ± 0.045,0.738 ± 0.049,0.819 ± 0.072,0.784 ± 0.080,0.771 ± 0.072,0.149 ± 0.016,0.120 ± 0.023,0.785 ± 0.079,0.593 ± 0.168,0.737 ± 0.065,0.692 ± 0.056,0.621 ± 0.114,0.764 ± 0.093,0.411 ± 0.141,0.895 ± 0.027,0.481 ± 0.114,0.341 ± 0.121,0.322 ± 0.127
OS,global,Aggressive (Basal/HER2/CL),GBSA,Clin+Genes,15,0.648 ± 0.033,0.657 ± 0.033,0.693 ± 0.047,0.696 ± 0.038,0.700 ± 0.042,0.208 ± 0.013,0.199 ± 0.017,0.697 ± 0.038,0.524 ± 0.079,0.660 ± 0.048,0.637 ± 0.047,0.572 ± 0.091,0.702 ± 0.072,0.476 ± 0.072,0.778 ± 0.049,0.516 ± 0.066,0.264 ± 0.091,0.259 ± 0.090
OS,global,LumB,GBSA,Clin+Genes,15,0.651 ± 0.034,0.647 ± 0.046,0.665 ± 0.065,0.686 ± 0.062,0.677 ± 0.067,0.185 ± 0.016,0.168 ± 0.018,0.687 ± 0.061,0.435 ± 0.093,0.640 ± 0.057,0.604 ± 0.065,0.538 ± 0.204,0.670 ± 0.122,0.343 ± 0.082,0.828 ± 0.057,0.408 ± 0.094,0.188 ± 0.112,0.170 ± 0.096
OS,global,LumA,GBSA,Clin+Genes,15,0.723 ± 0.026,0.729 ± 0.027,0.771 ± 0.093,0.780 ± 0.056,0.767 ± 0.031,0.136 ± 0.009,0.095 ± 0.012,0.781 ± 0.056,0.431 ± 0.111,0.746 ± 0.082,0.686 ± 0.064,0.602 ± 0.177,0.769 ± 0.111,0.290 ± 0.083,0.930 ± 0.033,0.373 ± 0.072,0.283 ± 0.088,0.248 ± 0.089
OS,global,All,CW-GBSA,Clin+Genes,15,0.676 ± 0.028,0.678 ± 0.030,0.687 ± 0.048,0.706 ± 0.048,0.720 ± 0.030,0.174 ± 0.010,0.152 ± 0.011,0.707 ± 0.048,0.438 ± 0.077,0.656 ± 0.045,0.647 ± 0.042,0.631 ± 0.111,0.663 ± 0.074,0.353 ± 0.057,0.864 ± 0.032,0.448 ± 0.058,0.253 ± 0.072,0.229 ± 0.067
OS,global,TNBC,CW-GBSA,Clin+Genes,15,0.630 ± 0.059,0.630 ± 0.062,0.647 ± 0.079,0.661 ± 0.087,0.681 ± 0.086,0.222 ± 0.021,0.224 ± 0.035,0.663 ± 0.086,0.545 ± 0.148,0.624 ± 0.069,0.607 ± 0.093,0.575 ± 0.187,0.638 ± 0.104,0.457 ± 0.158,0.752 ± 0.060,0.502 ± 0.158,0.211 ± 0.179,0.204 ± 0.173
OS,global,Basal,CW-GBSA,Clin+Genes,15,0.584 ± 0.050,0.583 ± 0.055,0.609 ± 0.096,0.597 ± 0.078,0.600 ± 0.067,0.248 ± 0.018,0.256 ± 0.034,0.599 ± 0.076,0.530 ± 0.119,0.569 ± 0.063,0.568 ± 0.072,0.600 ± 0.197,0.536 ± 0.152,0.448 ± 0.102,0.688 ± 0.097,0.505 ± 0.132,0.136 ± 0.148,0.126 ± 0.137
OS,global,HER2-enriched,CW-GBSA,Clin+Genes,15,0.613 ± 0.056,0.619 ± 0.058,0.650 ± 0.080,0.650 ± 0.095,0.657 ± 0.082,0.213 ± 0.019,0.214 ± 0.026,0.651 ± 0.095,0.587 ± 0.108,0.654 ± 0.051,0.612 ± 0.081,0.468 ± 0.219,0.756 ± 0.108,0.505 ± 0.138,0.726 ± 0.079,0.468 ± 0.161,0.227 ± 0.162,0.219 ± 0.153
OS,global,Claudin-low,CW-GBSA,Clin+Genes,15,0.696 ± 0.059,0.707 ± 0.062,0.727 ± 0.130,0.717 ± 0.120,0.744 ± 0.074,0.157 ± 0.016,0.134 ± 0.028,0.717 ± 0.120,0.535 ± 0.171,0.732 ± 0.070,0.663 ± 0.093,0.547 ± 0.202,0.779 ± 0.105,0.396 ± 0.150,0.877 ± 0.055,0.432 ± 0.149,0.294 ± 0.161,0.275 ± 0.161
OS,global,Aggressive (Basal/HER2/CL),CW-GBSA,Clin+Genes,15,0.635 ± 0.036,0.639 ± 0.035,0.656 ± 0.055,0.665 ± 0.058,0.683 ± 0.039,0.207 ± 0.012,0.202 ± 0.020,0.665 ± 0.058,0.529 ± 0.097,0.627 ± 0.057,0.602 ± 0.063,0.540 ± 0.152,0.664 ± 0.114,0.434 ± 0.087,0.758 ± 0.054,0.472 ± 0.099,0.198 ± 0.119,0.191 ± 0.117
OS,global,LumB,CW-GBSA,Clin+Genes,15,0.652 ± 0.030,0.647 ± 0.044,0.656 ± 0.071,0.673 ± 0.059,0.684 ± 0.060,0.185 ± 0.013,0.172 ± 0.018,0.674 ± 0.059,0.409 ± 0.082,0.605 ± 0.057,0.625 ± 0.048,0.665 ± 0.127,0.584 ± 0.097,0.340 ± 0.057,0.847 ± 0.044,0.445 ± 0.061,0.216 ± 0.078,0.187 ± 0.069
OS,global,LumA,CW-GBSA,Clin+Genes,15,0.717 ± 0.029,0.718 ± 0.029,0.733 ± 0.114,0.770 ± 0.056,0.749 ± 0.025,0.138 ± 0.010,0.096 ± 0.012,0.770 ± 0.056,0.438 ± 0.114,0.789 ± 0.062,0.697 ± 0.069,0.571 ± 0.158,0.824 ± 0.082,0.353 ± 0.170,0.929 ± 0.031,0.405 ± 0.089,0.324 ± 0.114,0.296 ± 0.110
OS,global,All,SurvSVM,Clin+Genes,15,0.677 ± 0.023,0.684 ± 0.024,0.721 ± 0.034,0.728 ± 0.040,0.718 ± 0.029,,,0.729 ± 0.040,0.450 ± 0.075,0.695 ± 0.041,0.673 ± 0.039,0.634 ± 0.087,0.712 ± 0.058,0.390 ± 0.056,0.872 ± 0.027,0.481 ± 0.058,0.301 ± 0.071,0.283 ± 0.070
OS,global,TNBC,SurvSVM,Clin+Genes,15,0.624 ± 0.058,0.621 ± 0.063,0.645 ± 0.080,0.669 ± 0.075,0.651 ± 0.093,,,0.671 ± 0.074,0.546 ± 0.134,0.631 ± 0.068,0.619 ± 0.075,0.612 ± 0.144,0.626 ± 0.128,0.470 ± 0.146,0.764 ± 0.042,0.526 ± 0.132,0.235 ± 0.152,0.226 ± 0.151
OS,global,Basal,SurvSVM,Clin+Genes,15,0.576 ± 0.042,0.576 ± 0.047,0.585 ± 0.081,0.594 ± 0.080,0.606 ± 0.078,,,0.597 ± 0.077,0.541 ± 0.138,0.553 ± 0.076,0.543 ± 0.069,0.522 ± 0.197,0.565 ± 0.177,0.434 ± 0.137,0.659 ± 0.070,0.461 ± 0.138,0.090 ± 0.148,0.085 ± 0.142
OS,global,HER2-enriched,SurvSVM,Clin+Genes,15,0.635 ± 0.057,0.643 ± 0.061,0.693 ± 0.069,0.690 ± 0.084,0.685 ± 0.089,,,0.692 ± 0.085,0.594 ± 0.096,0.618 ± 0.058,0.616 ± 0.062,0.616 ± 0.177,0.616 ± 0.117,0.473 ± 0.064,0.754 ± 0.084,0.527 ± 0.094,0.230 ± 0.120,0.216 ± 0.114
OS,global,Claudin-low,SurvSVM,Clin+Genes,15,0.681 ± 0.050,0.688 ± 0.055,0.793 ± 0.094,0.746 ± 0.101,0.713 ± 0.080,,,0.747 ± 0.100,0.550 ± 0.172,0.699 ± 0.083,0.666 ± 0.084,0.615 ± 0.157,0.716 ± 0.113,0.361 ± 0.123,0.887 ± 0.037,0.446 ± 0.127,0.286 ± 0.144,0.266 ± 0.141
OS,global,Aggressive (Basal/HER2/CL),SurvSVM,Clin+Genes,15,0.644 ± 0.028,0.650 ± 0.029,0.687 ± 0.036,0.694 ± 0.039,0.688 ± 0.051,,,0.695 ± 0.039,0.542 ± 0.078,0.645 ± 0.043,0.634 ± 0.035,0.610 ± 0.079,0.658 ± 0.081,0.459 ± 0.070,0.784 ± 0.026,0.520 ± 0.064,0.255 ± 0.071,0.247 ± 0.074
OS,global,LumB,SurvSVM,Clin+Genes,15,0.635 ± 0.038,0.629 ± 0.049,0.632 ± 0.076,0.657 ± 0.075,0.655 ± 0.064,,,0.659 ± 0.074,0.396 ± 0.099,0.616 ± 0.062,0.630 ± 0.065,0.657 ± 0.119,0.604 ± 0.082,0.347 ± 0.055,0.844 ± 0.060,0.450 ± 0.063,0.223 ± 0.107,0.197 ± 0.094
OS,global,LumA,SurvSVM,Clin+Genes,15,0.704 ± 0.031,0.705 ± 0.032,0.713 ± 0.120,0.749 ± 0.061,0.734 ± 0.034,,,0.749 ± 0.062,0.409 ± 0.107,0.710 ± 0.077,0.676 ± 0.060,0.629 ± 0.170,0.722 ± 0.102,0.256 ± 0.064,0.931 ± 0.030,0.351 ± 0.056,0.253 ± 0.074,0.211 ± 0.065
OS,global,All,XGB-Cox,Clin+Genes,15,0.685 ± 0.020,0.692 ± 0.022,0.727 ± 0.038,0.740 ± 0.033,0.731 ± 0.024,0.175 ± 0.010,0.150 ± 0.009,0.740 ± 0.033,0.448 ± 0.068,0.724 ± 0.040,0.658 ± 0.035,0.538 ± 0.095,0.777 ± 0.065,0.415 ± 0.064,0.855 ± 0.027,0.463 ± 0.054,0.291 ± 0.064,0.284 ± 0.065
OS,global,TNBC,XGB-Cox,Clin+Genes,15,0.649 ± 0.052,0.657 ± 0.054,0.690 ± 0.061,0.708 ± 0.065,0.706 ± 0.083,0.222 ± 0.024,0.216 ± 0.022,0.708 ± 0.065,0.563 ± 0.138,0.669 ± 0.053,0.634 ± 0.059,0.523 ± 0.127,0.745 ± 0.103,0.523 ± 0.139,0.752 ± 0.054,0.512 ± 0.109,0.271 ± 0.122,0.264 ± 0.121
OS,global,Basal,XGB-Cox,Clin+Genes,15,0.581 ± 0.052,0.583 ± 0.056,0.602 ± 0.088,0.605 ± 0.086,0.608 ± 0.082,0.265 ± 0.031,0.265 ± 0.030,0.606 ± 0.086,0.520 ± 0.141,0.580 ± 0.071,0.561 ± 0.077,0.463 ± 0.141,0.659 ± 0.114,0.463 ± 0.133,0.658 ± 0.078,0.453 ± 0.113,0.121 ± 0.157,0.117 ± 0.150
OS,global,HER2-enriched,XGB-Cox,Clin+Genes,15,0.629 ± 0.050,0.634 ± 0.056,0.686 ± 0.075,0.684 ± 0.077,0.668 ± 0.090,0.218 ± 0.024,0.214 ± 0.027,0.686 ± 0.076,0.560 ± 0.098,0.651 ± 0.057,0.632 ± 0.068,0.570 ± 0.188,0.695 ± 0.122,0.519 ± 0.109,0.751 ± 0.084,0.528 ± 0.107,0.267 ± 0.136,0.254 ± 0.128
OS,global,Claudin-low,XGB-Cox,Clin+Genes,15,0.714 ± 0.047,0.727 ± 0.056,0.807 ± 0.069,0.782 ± 0.080,0.752 ± 0.078,0.152 ± 0.017,0.118 ± 0.019,0.783 ± 0.079,0.582 ± 0.157,0.784 ± 0.054,0.700 ± 0.056,0.562 ± 0.133,0.838 ± 0.084,0.482 ± 0.164,0.889 ± 0.033,0.501 ± 0.108,0.382 ± 0.121,0.369 ± 0.121
OS,global,Aggressive (Basal/HER2/CL),XGB-Cox,Clin+Genes,15,0.649 ± 0.032,0.656 ± 0.030,0.690 ± 0.051,0.701 ± 0.032,0.694 ± 0.036,0.213 ± 0.015,0.200 ± 0.013,0.702 ± 0.032,0.527 ± 0.080,0.683 ± 0.047,0.647 ± 0.039,0.550 ± 0.059,0.744 ± 0.075,0.508 ± 0.082,0.779 ± 0.032,0.525 ± 0.058,0.290 ± 0.081,0.288 ± 0.081
OS,global,LumB,XGB-Cox,Clin+Genes,15,0.643 ± 0.034,0.641 ± 0.045,0.658 ± 0.064,0.681 ± 0.061,0.671 ± 0.064,0.188 ± 0.017,0.171 ± 0.020,0.681 ± 0.060,0.423 ± 0.084,0.682 ± 0.047,0.607 ± 0.051,0.467 ± 0.139,0.746 ± 0.076,0.375 ± 0.081,0.818 ± 0.037,0.409 ± 0.086,0.202 ± 0.093,0.195 ± 0.089
OS,global,LumA,XGB-Cox,Clin+Genes,15,0.725 ± 0.025,0.730 ± 0.027,0.764 ± 0.092,0.782 ± 0.055,0.768 ± 0.032,0.136 ± 0.009,0.094 ± 0.013,0.783 ± 0.055,0.432 ± 0.123,0.786 ± 0.077,0.690 ± 0.066,0.558 ± 0.177,0.822 ± 0.104,0.337 ± 0.103,0.927 ± 0.033,0.395 ± 0.075,0.311 ± 0.091,0.286 ± 0.093
OS,global,All,CoxPH,Clin+Genes+Mut,15,0.661 ± 0.020,0.665 ± 0.021,0.673 ± 0.030,0.692 ± 0.033,0.704 ± 0.024,0.183 ± 0.010,0.158 ± 0.010,0.692 ± 0.033,0.411 ± 0.066,0.667 ± 0.050,0.638 ± 0.032,0.586 ± 0.091,0.689 ± 0.079,0.355 ± 0.050,0.854 ± 0.026,0.439 ± 0.048,0.240 ± 0.059,0.224 ± 0.060
OS,global,TNBC,CoxPH,Clin+Genes+Mut,15,0.623 ± 0.047,0.616 ± 0.050,0.629 ± 0.067,0.668 ± 0.065,0.655 ± 0.069,0.235 ± 0.023,0.226 ± 0.024,0.670 ± 0.064,0.533 ± 0.141,0.658 ± 0.051,0.627 ± 0.060,0.540 ± 0.089,0.715 ± 0.061,0.500 ± 0.131,0.750 ± 0.045,0.516 ± 0.111,0.252 ± 0.124,0.251 ± 0.124
OS,global,Basal,CoxPH,Clin+Genes+Mut,15,0.584 ± 0.037,0.582 ± 0.041,0.581 ± 0.057,0.607 ± 0.076,0.617 ± 0.059,0.261 ± 0.022,0.264 ± 0.027,0.609 ± 0.076,0.538 ± 0.137,0.562 ± 0.062,0.553 ± 0.063,0.557 ± 0.222,0.548 ± 0.191,0.436 ± 0.124,0.668 ± 0.077,0.475 ± 0.151,0.104 ± 0.135,0.098 ± 0.128
OS,global,HER2-enriched,CoxPH,Clin+Genes+Mut,15,0.611 ± 0.064,0.618 ± 0.069,0.646 ± 0.110,0.638 ± 0.098,0.670 ± 0.080,0.224 ± 0.026,0.226 ± 0.031,0.641 ± 0.098,0.532 ± 0.112,0.634 ± 0.095,0.612 ± 0.100,0.530 ± 0.189,0.693 ± 0.148,0.502 ± 0.144,0.729 ± 0.079,0.502 ± 0.139,0.227 ± 0.195,0.219 ± 0.193
OS,global,Claudin-low,CoxPH,Clin+Genes+Mut,15,0.661 ± 0.060,0.658 ± 0.061,0.734 ± 0.112,0.710 ± 0.118,0.682 ± 0.074,0.167 ± 0.020,0.135 ± 0.031,0.709 ± 0.116,0.499 ± 0.183,0.725 ± 0.081,0.659 ± 0.102,0.553 ± 0.216,0.765 ± 0.108,0.385 ± 0.147,0.879 ± 0.063,0.435 ± 0.135,0.287 ± 0.175,0.268 ± 0.163
OS,global,Aggressive (Basal/HER2/CL),CoxPH,Clin+Genes+Mut,15,0.629 ± 0.026,0.631 ± 0.023,0.649 ± 0.039,0.665 ± 0.037,0.675 ± 0.035,0.218 ± 0.012,0.209 ± 0.013,0.666 ± 0.037,0.505 ± 0.082,0.643 ± 0.043,0.613 ± 0.031,0.529 ± 0.098,0.696 ± 0.095,0.459 ± 0.092,0.761 ± 0.030,0.483 ± 0.061,0.222 ± 0.071,0.216 ± 0.069
OS,global,LumB,CoxPH,Clin+Genes+Mut,15,0.622 ± 0.042,0.616 ± 0.057,0.643 ± 0.066,0.636 ± 0.075,0.639 ± 0.076,0.205 ± 0.020,0.187 ± 0.028,0.637 ± 0.075,0.382 ± 0.097,0.630 ± 0.051,0.591 ± 0.056,0.515 ± 0.143,0.668 ± 0.087,0.330 ± 0.058,0.812 ± 0.050,0.395 ± 0.071,0.161 ± 0.092,0.149 ± 0.083
OS,global,LumA,CoxPH,Clin+Genes+Mut,15,0.696 ± 0.032,0.705 ± 0.039,0.688 ± 0.124,0.735 ± 0.058,0.739 ± 0.042,0.141 ± 0.011,0.097 ± 0.012,0.736 ± 0.058,0.386 ± 0.103,0.739 ± 0.094,0.669 ± 0.041,0.578 ± 0.120,0.761 ± 0.117,0.280 ± 0.079,0.926 ± 0.022,0.367 ± 0.066,0.263 ± 0.077,0.236 ± 0.087
OS,global,All,CoxNet,Clin+Genes+Mut,15,0.674 ± 0.028,0.676 ± 0.030,0.691 ± 0.049,0.706 ± 0.046,0.717 ± 0.032,0.175 ± 0.010,0.152 ± 0.011,0.706 ± 0.047,0.438 ± 0.074,0.649 ± 0.061,0.634 ± 0.047,0.610 ± 0.106,0.658 ± 0.091,0.343 ± 0.054,0.856 ± 0.030,0.436 ± 0.062,0.231 ± 0.081,0.211 ± 0.079
OS,global,TNBC,CoxNet,Clin+Genes+Mut,15,0.635 ± 0.060,0.635 ± 0.064,0.653 ± 0.080,0.671 ± 0.084,0.686 ± 0.088,0.220 ± 0.021,0.220 ± 0.033,0.673 ± 0.083,0.552 ± 0.148,0.621 ± 0.055,0.609 ± 0.070,0.593 ± 0.142,0.626 ± 0.079,0.455 ± 0.128,0.754 ± 0.050,0.510 ± 0.127,0.214 ± 0.137,0.207 ± 0.134
OS,global,Basal,CoxNet,Clin+Genes+Mut,15,0.593 ± 0.050,0.591 ± 0.054,0.616 ± 0.095,0.610 ± 0.076,0.614 ± 0.065,0.244 ± 0.019,0.252 ± 0.033,0.613 ± 0.075,0.540 ± 0.120,0.575 ± 0.085,0.572 ± 0.086,0.557 ± 0.151,0.587 ± 0.162,0.468 ± 0.126,0.667 ± 0.107,0.499 ± 0.115,0.140 ± 0.174,0.138 ± 0.168
OS,global,HER2-enriched,CoxNet,Clin+Genes+Mut,15,0.608 ± 0.069,0.613 ± 0.070,0.641 ± 0.093,0.642 ± 0.106,0.649 ± 0.092,0.216 ± 0.021,0.216 ± 0.028,0.644 ± 0.106,0.585 ± 0.108,0.670 ± 0.063,0.626 ± 0.087,0.483 ± 0.223,0.770 ± 0.119,0.537 ± 0.123,0.738 ± 0.088,0.491 ± 0.149,0.263 ± 0.169,0.251 ± 0.162
OS,global,Claudin-low,CoxNet,Clin+Genes+Mut,15,0.699 ± 0.062,0.709 ± 0.062,0.752 ± 0.105,0.721 ± 0.114,0.752 ± 0.074,0.157 ± 0.015,0.134 ± 0.028,0.722 ± 0.113,0.531 ± 0.166,0.749 ± 0.079,0.670 ± 0.112,0.546 ± 0.262,0.793 ± 0.132,0.414 ± 0.173,0.884 ± 0.052,0.443 ± 0.187,0.313 ± 0.197,0.294 ± 0.196
OS,global,Aggressive (Basal/HER2/CL),CoxNet,Clin+Genes+Mut,15,0.638 ± 0.038,0.643 ± 0.037,0.664 ± 0.059,0.668 ± 0.055,0.687 ± 0.042,0.207 ± 0.011,0.201 ± 0.019,0.669 ± 0.055,0.536 ± 0.088,0.628 ± 0.055,0.608 ± 0.058,0.564 ± 0.130,0.651 ± 0.094,0.434 ± 0.079,0.765 ± 0.047,0.487 ± 0.091,0.207 ± 0.111,0.200 ± 0.109
OS,global,LumB,CoxNet,Clin+Genes+Mut,15,0.646 ± 0.036,0.639 ± 0.050,0.648 ± 0.065,0.665 ± 0.063,0.674 ± 0.071,0.187 ± 0.013,0.174 ± 0.020,0.666 ± 0.063,0.402 ± 0.093,0.577 ± 0.053,0.610 ± 0.052,0.675 ± 0.119,0.546 ± 0.085,0.323 ± 0.061,0.842 ± 0.046,0.433 ± 0.067,0.191 ± 0.087,0.161 ± 0.077
OS,global,LumA,CoxNet,Clin+Genes+Mut,15,0.714 ± 0.028,0.714 ± 0.030,0.733 ± 0.119,0.767 ± 0.056,0.744 ± 0.027,0.139 ± 0.009,0.097 ± 0.012,0.768 ± 0.057,0.438 ± 0.114,0.783 ± 0.069,0.697 ± 0.072,0.578 ± 0.175,0.816 ± 0.094,0.336 ± 0.116,0.929 ± 0.034,0.400 ± 0.083,0.317 ± 0.103,0.289 ± 0.102
OS,global,All,RSF,Clin+Genes+Mut,15,0.692 ± 0.022,0.701 ± 0.025,0.751 ± 0.044,0.757 ± 0.038,0.735 ± 0.027,0.172 ± 0.008,0.146 ± 0.010,0.757 ± 0.038,0.474 ± 0.070,0.700 ± 0.055,0.680 ± 0.041,0.642 ± 0.071,0.717 ± 0.076,0.403 ± 0.073,0.874 ± 0.028,0.490 ± 0.058,0.315 ± 0.079,0.297 ± 0.084
OS,global,TNBC,RSF,Clin+Genes+Mut,15,0.664 ± 0.053,0.673 ± 0.054,0.728 ± 0.061,0.724 ± 0.064,0.712 ± 0.074,0.210 ± 0.011,0.204 ± 0.025,0.724 ± 0.065,0.600 ± 0.133,0.664 ± 0.066,0.664 ± 0.069,0.665 ± 0.136,0.662 ± 0.088,0.508 ± 0.110,0.796 ± 0.081,0.569 ± 0.106,0.315 ± 0.138,0.302 ± 0.137
OS,global,Basal,RSF,Clin+Genes+Mut,15,0.591 ± 0.048,0.595 ± 0.053,0.637 ± 0.082,0.614 ± 0.084,0.613 ± 0.074,0.233 ± 0.012,0.235 ± 0.022,0.615 ± 0.083,0.529 ± 0.135,0.587 ± 0.091,0.591 ± 0.088,0.617 ± 0.114,0.566 ± 0.133,0.482 ± 0.118,0.693 ± 0.090,0.536 ± 0.101,0.179 ± 0.172,0.173 ± 0.169
OS,global,HER2-enriched,RSF,Clin+Genes+Mut,15,0.661 ± 0.045,0.671 ± 0.052,0.742 ± 0.071,0.748 ± 0.061,0.693 ± 0.087,0.206 ± 0.015,0.200 ± 0.015,0.748 ± 0.061,0.641 ± 0.098,0.685 ± 0.050,0.676 ± 0.054,0.650 ± 0.131,0.703 ± 0.096,0.557 ± 0.087,0.787 ± 0.060,0.592 ± 0.076,0.348 ± 0.103,0.338 ± 0.099
OS,global,Claudin-low,RSF,Clin+Genes+Mut,15,0.717 ± 0.051,0.736 ± 0.060,0.853 ± 0.055,0.791 ± 0.080,0.761 ± 0.077,0.157 ± 0.013,0.126 ± 0.021,0.790 ± 0.077,0.606 ± 0.139,0.709 ± 0.074,0.664 ± 0.073,0.589 ± 0.111,0.739 ± 0.095,0.375 ± 0.140,0.881 ± 0.032,0.445 ± 0.123,0.288 ± 0.137,0.273 ± 0.138
OS,global,Aggressive (Basal/HER2/CL),RSF,Clin+Genes+Mut,15,0.667 ± 0.028,0.677 ± 0.029,0.732 ± 0.045,0.733 ± 0.034,0.707 ± 0.036,0.200 ± 0.008,0.188 ± 0.014,0.733 ± 0.034,0.569 ± 0.088,0.694 ± 0.033,0.681 ± 0.037,0.652 ± 0.074,0.709 ± 0.045,0.513 ± 0.055,0.815 ± 0.028,0.574 ± 0.061,0.344 ± 0.071,0.338 ± 0.070
OS,global,LumB,RSF,Clin+Genes+Mut,15,0.661 ± 0.033,0.657 ± 0.043,0.659 ± 0.056,0.706 ± 0.053,0.693 ± 0.064,0.184 ± 0.013,0.164 ± 0.016,0.706 ± 0.052,0.436 ± 0.085,0.644 ± 0.045,0.623 ± 0.066,0.579 ± 0.191,0.666 ± 0.097,0.354 ± 0.072,0.838 ± 0.058,0.430 ± 0.087,0.216 ± 0.107,0.195 ± 0.092
OS,global,LumA,RSF,Clin+Genes+Mut,15,0.715 ± 0.028,0.722 ± 0.030,0.762 ± 0.103,0.773 ± 0.059,0.758 ± 0.031,0.140 ± 0.010,0.097 ± 0.013,0.773 ± 0.059,0.406 ± 0.137,0.735 ± 0.055,0.680 ± 0.079,0.601 ± 0.203,0.758 ± 0.086,0.272 ± 0.092,0.928 ± 0.039,0.353 ± 0.082,0.263 ± 0.104,0.223 ± 0.095
OS,global,All,ExtraSurvTrees,Clin+Genes+Mut,15,0.675 ± 0.027,0.686 ± 0.031,0.719 ± 0.050,0.736 ± 0.045,0.717 ± 0.034,0.178 ± 0.009,0.150 ± 0.011,0.737 ± 0.045,0.451 ± 0.068,0.691 ± 0.047,0.673 ± 0.035,0.639 ± 0.068,0.706 ± 0.067,0.390 ± 0.055,0.872 ± 0.026,0.481 ± 0.047,0.300 ± 0.063,0.281 ± 0.066
OS,global,TNBC,ExtraSurvTrees,Clin+Genes+Mut,15,0.648 ± 0.059,0.653 ± 0.061,0.711 ± 0.080,0.708 ± 0.076,0.673 ± 0.082,0.220 ± 0.012,0.215 ± 0.028,0.708 ± 0.077,0.581 ± 0.142,0.676 ± 0.052,0.653 ± 0.067,0.586 ± 0.160,0.720 ± 0.085,0.525 ± 0.123,0.774 ± 0.080,0.543 ± 0.113,0.302 ± 0.131,0.293 ± 0.127
OS,global,Basal,ExtraSurvTrees,Clin+Genes+Mut,15,0.585 ± 0.048,0.586 ± 0.053,0.640 ± 0.076,0.606 ± 0.078,0.585 ± 0.090,0.237 ± 0.012,0.241 ± 0.023,0.607 ± 0.077,0.522 ± 0.105,0.584 ± 0.068,0.572 ± 0.060,0.559 ± 0.131,0.586 ± 0.141,0.471 ± 0.080,0.673 ± 0.082,0.505 ± 0.086,0.145 ± 0.119,0.140 ± 0.117
OS,global,HER2-enriched,ExtraSurvTrees,Clin+Genes+Mut,15,0.649 ± 0.059,0.656 ± 0.067,0.710 ± 0.109,0.744 ± 0.066,0.689 ± 0.098,0.210 ± 0.017,0.203 ± 0.018,0.745 ± 0.067,0.626 ± 0.098,0.675 ± 0.070,0.672 ± 0.074,0.658 ± 0.140,0.687 ± 0.098,0.546 ± 0.084,0.783 ± 0.085,0.588 ± 0.087,0.337 ± 0.140,0.326 ± 0.135
OS,global,Claudin-low,ExtraSurvTrees,Clin+Genes+Mut,15,0.679 ± 0.040,0.699 ± 0.056,0.809 ± 0.095,0.745 ± 0.107,0.708 ± 0.080,0.170 ± 0.013,0.136 ± 0.023,0.745 ± 0.105,0.563 ± 0.166,0.720 ± 0.078,0.686 ± 0.101,0.637 ± 0.196,0.734 ± 0.094,0.379 ± 0.132,0.896 ± 0.043,0.469 ± 0.147,0.319 ± 0.172,0.298 ± 0.165
OS,global,Aggressive (Basal/HER2/CL),ExtraSurvTrees,Clin+Genes+Mut,15,0.647 ± 0.031,0.654 ± 0.033,0.692 ± 0.054,0.709 ± 0.046,0.681 ± 0.052,0.207 ± 0.009,0.194 ± 0.017,0.709 ± 0.046,0.539 ± 0.071,0.663 ± 0.050,0.643 ± 0.042,0.605 ± 0.099,0.682 ± 0.099,0.477 ± 0.056,0.788 ± 0.038,0.531 ± 0.064,0.276 ± 0.079,0.269 ± 0.080
OS,global,LumB,ExtraSurvTrees,Clin+Genes+Mut,15,0.640 ± 0.041,0.641 ± 0.054,0.608 ± 0.093,0.683 ± 0.070,0.677 ± 0.076,0.189 ± 0.011,0.169 ± 0.016,0.683 ± 0.070,0.426 ± 0.094,0.616 ± 0.056,0.635 ± 0.067,0.671 ± 0.133,0.600 ± 0.079,0.351 ± 0.071,0.851 ± 0.056,0.455 ± 0.075,0.234 ± 0.111,0.205 ± 0.098
OS,global,LumA,ExtraSurvTrees,Clin+Genes+Mut,15,0.700 ± 0.037,0.708 ± 0.041,0.718 ± 0.128,0.747 ± 0.077,0.740 ± 0.041,0.145 ± 0.011,0.100 ± 0.013,0.747 ± 0.077,0.369 ± 0.130,0.728 ± 0.096,0.653 ± 0.090,0.551 ± 0.241,0.755 ± 0.133,0.248 ± 0.079,0.922 ± 0.040,0.323 ± 0.106,0.225 ± 0.125,0.191 ± 0.113
OS,global,All,GBSA,Clin+Genes+Mut,15,0.685 ± 0.022,0.692 ± 0.024,0.724 ± 0.038,0.737 ± 0.037,0.733 ± 0.027,0.173 ± 0.010,0.149 ± 0.010,0.737 ± 0.037,0.446 ± 0.066,0.698 ± 0.044,0.654 ± 0.040,0.576 ± 0.108,0.733 ± 0.074,0.386 ± 0.055,0.858 ± 0.031,0.457 ± 0.057,0.274 ± 0.068,0.261 ± 0.067
OS,global,TNBC,GBSA,Clin+Genes+Mut,15,0.643 ± 0.050,0.649 ± 0.051,0.688 ± 0.053,0.693 ± 0.063,0.699 ± 0.072,0.220 ± 0.019,0.218 ± 0.030,0.694 ± 0.062,0.550 ± 0.124,0.647 ± 0.063,0.621 ± 0.069,0.543 ± 0.132,0.699 ± 0.095,0.489 ± 0.133,0.749 ± 0.067,0.507 ± 0.113,0.239 ± 0.139,0.234 ± 0.137
OS,global,Basal,GBSA,Clin+Genes+Mut,15,0.564 ± 0.047,0.568 ± 0.051,0.600 ± 0.087,0.586 ± 0.077,0.593 ± 0.062,0.261 ± 0.023,0.263 ± 0.033,0.587 ± 0.076,0.511 ± 0.125,0.569 ± 0.076,0.555 ± 0.071,0.484 ± 0.147,0.625 ± 0.147,0.461 ± 0.122,0.655 ± 0.076,0.459 ± 0.098,0.112 ± 0.141,0.107 ± 0.138
OS,global,HER2-enriched,GBSA,Clin+Genes+Mut,15,0.638 ± 0.048,0.644 ± 0.053,0.688 ± 0.073,0.687 ± 0.067,0.687 ± 0.079,0.212 ± 0.022,0.210 ± 0.024,0.690 ± 0.066,0.577 ± 0.087,0.643 ± 0.068,0.619 ± 0.083,0.539 ± 0.196,0.700 ± 0.127,0.498 ± 0.130,0.736 ± 0.081,0.504 ± 0.142,0.237 ± 0.165,0.229 ± 0.158
OS,global,Claudin-low,GBSA,Clin+Genes+Mut,15,0.714 ± 0.041,0.733 ± 0.045,0.818 ± 0.082,0.776 ± 0.090,0.762 ± 0.066,0.150 ± 0.015,0.121 ± 0.022,0.777 ± 0.089,0.586 ± 0.175,0.748 ± 0.053,0.704 ± 0.060,0.632 ± 0.104,0.776 ± 0.067,0.417 ± 0.134,0.897 ± 0.029,0.494 ± 0.115,0.357 ± 0.122,0.340 ± 0.127
OS,global,Aggressive (Basal/HER2/CL),GBSA,Clin+Genes+Mut,15,0.646 ± 0.031,0.655 ± 0.031,0.688 ± 0.048,0.693 ± 0.036,0.699 ± 0.037,0.209 ± 0.013,0.199 ± 0.017,0.693 ± 0.036,0.525 ± 0.078,0.659 ± 0.052,0.630 ± 0.049,0.557 ± 0.105,0.703 ± 0.086,0.473 ± 0.071,0.774 ± 0.047,0.508 ± 0.071,0.253 ± 0.095,0.249 ± 0.093
OS,global,LumB,GBSA,Clin+Genes+Mut,15,0.655 ± 0.036,0.652 ± 0.049,0.667 ± 0.055,0.695 ± 0.067,0.682 ± 0.070,0.184 ± 0.016,0.167 ± 0.017,0.696 ± 0.067,0.437 ± 0.098,0.651 ± 0.053,0.614 ± 0.061,0.544 ± 0.209,0.683 ± 0.120,0.354 ± 0.067,0.833 ± 0.058,0.416 ± 0.087,0.205 ± 0.099,0.186 ± 0.080
OS,global,LumA,GBSA,Clin+Genes+Mut,15,0.724 ± 0.027,0.730 ± 0.029,0.774 ± 0.093,0.781 ± 0.057,0.766 ± 0.031,0.137 ± 0.010,0.096 ± 0.013,0.782 ± 0.058,0.428 ± 0.114,0.750 ± 0.075,0.689 ± 0.073,0.604 ± 0.167,0.773 ± 0.096,0.290 ± 0.083,0.930 ± 0.033,0.378 ± 0.078,0.285 ± 0.102,0.252 ± 0.098
OS,global,All,CW-GBSA,Clin+Genes+Mut,15,0.674 ± 0.029,0.677 ± 0.032,0.685 ± 0.049,0.703 ± 0.050,0.720 ± 0.033,0.174 ± 0.010,0.152 ± 0.011,0.704 ± 0.050,0.434 ± 0.075,0.664 ± 0.036,0.646 ± 0.048,0.615 ± 0.090,0.678 ± 0.042,0.355 ± 0.057,0.860 ± 0.031,0.448 ± 0.064,0.251 ± 0.082,0.232 ± 0.076
OS,global,TNBC,CW-GBSA,Clin+Genes+Mut,15,0.630 ± 0.056,0.629 ± 0.059,0.643 ± 0.079,0.661 ± 0.086,0.680 ± 0.080,0.221 ± 0.021,0.223 ± 0.035,0.663 ± 0.085,0.542 ± 0.146,0.622 ± 0.070,0.611 ± 0.089,0.591 ± 0.164,0.630 ± 0.091,0.460 ± 0.142,0.757 ± 0.058,0.511 ± 0.143,0.219 ± 0.167,0.213 ± 0.159
OS,global,Basal,CW-GBSA,Clin+Genes+Mut,15,0.584 ± 0.052,0.582 ± 0.057,0.601 ± 0.095,0.603 ± 0.083,0.603 ± 0.071,0.246 ± 0.018,0.254 ± 0.033,0.605 ± 0.081,0.531 ± 0.124,0.577 ± 0.084,0.573 ± 0.082,0.585 ± 0.136,0.562 ± 0.127,0.465 ± 0.115,0.682 ± 0.080,0.513 ± 0.116,0.147 ± 0.163,0.144 ± 0.156
OS,global,HER2-enriched,CW-GBSA,Clin+Genes+Mut,15,0.605 ± 0.053,0.613 ± 0.057,0.645 ± 0.078,0.644 ± 0.098,0.652 ± 0.077,0.214 ± 0.018,0.214 ± 0.026,0.646 ± 0.098,0.578 ± 0.109,0.651 ± 0.068,0.610 ± 0.070,0.469 ± 0.185,0.751 ± 0.143,0.521 ± 0.149,0.722 ± 0.069,0.477 ± 0.134,0.232 ± 0.154,0.222 ± 0.147
OS,global,Claudin-low,CW-GBSA,Clin+Genes+Mut,15,0.693 ± 0.062,0.702 ± 0.064,0.727 ± 0.141,0.700 ± 0.135,0.741 ± 0.076,0.158 ± 0.016,0.135 ± 0.029,0.700 ± 0.135,0.525 ± 0.172,0.697 ± 0.076,0.625 ± 0.115,0.512 ± 0.266,0.739 ± 0.130,0.344 ± 0.150,0.869 ± 0.057,0.382 ± 0.165,0.226 ± 0.185,0.205 ± 0.172
OS,global,Aggressive (Basal/HER2/CL),CW-GBSA,Clin+Genes+Mut,15,0.633 ± 0.036,0.637 ± 0.036,0.653 ± 0.052,0.662 ± 0.057,0.683 ± 0.037,0.207 ± 0.011,0.202 ± 0.020,0.662 ± 0.056,0.525 ± 0.094,0.623 ± 0.051,0.608 ± 0.053,0.578 ± 0.121,0.638 ± 0.095,0.430 ± 0.073,0.766 ± 0.044,0.490 ± 0.085,0.206 ± 0.101,0.198 ± 0.100
OS,global,LumB,CW-GBSA,Clin+Genes+Mut,15,0.652 ± 0.036,0.647 ± 0.051,0.653 ± 0.078,0.671 ± 0.067,0.687 ± 0.066,0.185 ± 0.014,0.172 ± 0.018,0.672 ± 0.067,0.414 ± 0.088,0.577 ± 0.070,0.622 ± 0.059,0.714 ± 0.145,0.531 ± 0.121,0.329 ± 0.057,0.857 ± 0.052,0.446 ± 0.068,0.213 ± 0.095,0.175 ± 0.082
OS,global,LumA,CW-GBSA,Clin+Genes+Mut,15,0.715 ± 0.029,0.718 ± 0.031,0.738 ± 0.109,0.764 ± 0.055,0.750 ± 0.030,0.139 ± 0.010,0.097 ± 0.012,0.764 ± 0.055,0.423 ± 0.123,0.753 ± 0.075,0.698 ± 0.065,0.624 ± 0.125,0.773 ± 0.091,0.298 ± 0.089,0.933 ± 0.028,0.392 ± 0.082,0.300 ± 0.102,0.267 ± 0.104
OS,global,All,SurvSVM,Clin+Genes+Mut,15,0.664 ± 0.022,0.672 ± 0.023,0.706 ± 0.038,0.712 ± 0.037,0.706 ± 0.026,,,0.712 ± 0.037,0.431 ± 0.071,0.672 ± 0.034,0.654 ± 0.031,0.622 ± 0.068,0.686 ± 0.050,0.364 ± 0.052,0.864 ± 0.025,0.457 ± 0.048,0.265 ± 0.057,0.245 ± 0.057
OS,global,TNBC,SurvSVM,Clin+Genes+Mut,15,0.621 ± 0.048,0.615 ± 0.050,0.644 ± 0.068,0.669 ± 0.057,0.640 ± 0.074,,,0.670 ± 0.057,0.528 ± 0.129,0.620 ± 0.065,0.618 ± 0.062,0.625 ± 0.128,0.611 ± 0.120,0.466 ± 0.125,0.762 ± 0.067,0.524 ± 0.105,0.232 ± 0.130,0.219 ± 0.126
OS,global,Basal,SurvSVM,Clin+Genes+Mut,15,0.585 ± 0.045,0.583 ± 0.053,0.591 ± 0.069,0.606 ± 0.091,0.607 ± 0.080,,,0.610 ± 0.089,0.530 ± 0.153,0.562 ± 0.072,0.568 ± 0.066,0.606 ± 0.125,0.529 ± 0.126,0.457 ± 0.116,0.681 ± 0.057,0.514 ± 0.103,0.136 ± 0.133,0.129 ± 0.131
OS,global,HER2-enriched,SurvSVM,Clin+Genes+Mut,15,0.607 ± 0.066,0.617 ± 0.072,0.659 ± 0.110,0.643 ± 0.103,0.671 ± 0.093,,,0.645 ± 0.104,0.551 ± 0.103,0.605 ± 0.082,0.596 ± 0.090,0.568 ± 0.197,0.625 ± 0.142,0.463 ± 0.112,0.728 ± 0.095,0.495 ± 0.128,0.191 ± 0.175,0.180 ± 0.165
OS,global,Claudin-low,SurvSVM,Clin+Genes+Mut,15,0.671 ± 0.060,0.669 ± 0.068,0.784 ± 0.096,0.728 ± 0.115,0.684 ± 0.085,,,0.728 ± 0.113,0.533 ± 0.176,0.706 ± 0.079,0.656 ± 0.089,0.576 ± 0.217,0.736 ± 0.117,0.363 ± 0.119,0.880 ± 0.058,0.424 ± 0.131,0.273 ± 0.150,0.250 ± 0.141
OS,global,Aggressive (Basal/HER2/CL),SurvSVM,Clin+Genes+Mut,15,0.634 ± 0.027,0.638 ± 0.025,0.676 ± 0.041,0.679 ± 0.038,0.675 ± 0.046,,,0.679 ± 0.039,0.513 ± 0.080,0.623 ± 0.045,0.620 ± 0.042,0.619 ± 0.129,0.621 ± 0.100,0.437 ± 0.062,0.781 ± 0.045,0.506 ± 0.073,0.228 ± 0.080,0.215 ± 0.077
OS,global,LumB,SurvSVM,Clin+Genes+Mut,15,0.622 ± 0.041,0.618 ± 0.053,0.628 ± 0.069,0.652 ± 0.081,0.641 ± 0.070,,,0.654 ± 0.081,0.406 ± 0.101,0.629 ± 0.071,0.625 ± 0.068,0.613 ± 0.107,0.636 ± 0.090,0.355 ± 0.074,0.835 ± 0.054,0.444 ± 0.073,0.217 ± 0.115,0.199 ± 0.107
OS,global,LumA,SurvSVM,Clin+Genes+Mut,15,0.687 ± 0.035,0.696 ± 0.042,0.682 ± 0.133,0.719 ± 0.065,0.730 ± 0.043,,,0.720 ± 0.065,0.384 ± 0.105,0.704 ± 0.074,0.655 ± 0.054,0.589 ± 0.141,0.722 ± 0.099,0.247 ± 0.077,0.924 ± 0.030,0.334 ± 0.064,0.228 ± 0.080,0.193 ± 0.077
OS,global,All,XGB-Cox,Clin+Genes+Mut,15,0.688 ± 0.021,0.696 ± 0.023,0.733 ± 0.036,0.743 ± 0.035,0.735 ± 0.027,0.174 ± 0.010,0.149 ± 0.010,0.744 ± 0.035,0.452 ± 0.072,0.730 ± 0.030,0.659 ± 0.042,0.531 ± 0.091,0.788 ± 0.043,0.420 ± 0.076,0.854 ± 0.029,0.465 ± 0.065,0.295 ± 0.079,0.289 ± 0.077
OS,global,TNBC,XGB-Cox,Clin+Genes+Mut,15,0.651 ± 0.048,0.658 ± 0.051,0.695 ± 0.052,0.708 ± 0.064,0.705 ± 0.078,0.221 ± 0.024,0.215 ± 0.022,0.708 ± 0.064,0.552 ± 0.141,0.676 ± 0.058,0.646 ± 0.067,0.541 ± 0.120,0.750 ± 0.090,0.535 ± 0.150,0.759 ± 0.061,0.527 ± 0.111,0.292 ± 0.140,0.285 ± 0.137
OS,global,Basal,XGB-Cox,Clin+Genes+Mut,15,0.585 ± 0.048,0.588 ± 0.054,0.607 ± 0.077,0.612 ± 0.079,0.616 ± 0.081,0.263 ± 0.031,0.264 ± 0.029,0.613 ± 0.078,0.518 ± 0.134,0.589 ± 0.071,0.559 ± 0.087,0.444 ± 0.182,0.674 ± 0.077,0.454 ± 0.132,0.663 ± 0.078,0.443 ± 0.146,0.118 ± 0.174,0.115 ± 0.170
OS,global,HER2-enriched,XGB-Cox,Clin+Genes+Mut,15,0.632 ± 0.054,0.638 ± 0.059,0.686 ± 0.075,0.683 ± 0.082,0.680 ± 0.084,0.216 ± 0.023,0.214 ± 0.025,0.685 ± 0.081,0.554 ± 0.102,0.657 ± 0.074,0.633 ± 0.072,0.550 ± 0.206,0.715 ± 0.157,0.532 ± 0.108,0.750 ± 0.081,0.519 ± 0.126,0.273 ± 0.140,0.260 ± 0.140
OS,global,Claudin-low,XGB-Cox,Clin+Genes+Mut,15,0.712 ± 0.044,0.725 ± 0.051,0.816 ± 0.061,0.776 ± 0.080,0.748 ± 0.067,0.151 ± 0.017,0.118 ± 0.019,0.776 ± 0.079,0.592 ± 0.140,0.774 ± 0.073,0.711 ± 0.036,0.609 ± 0.125,0.813 ± 0.111,0.480 ± 0.148,0.896 ± 0.035,0.515 ± 0.079,0.395 ± 0.091,0.377 ± 0.098
OS,global,Aggressive (Basal/HER2/CL),XGB-Cox,Clin+Genes+Mut,15,0.652 ± 0.031,0.660 ± 0.030,0.697 ± 0.044,0.705 ± 0.034,0.700 ± 0.037,0.211 ± 0.015,0.199 ± 0.012,0.705 ± 0.034,0.524 ± 0.087,0.680 ± 0.037,0.640 ± 0.040,0.531 ± 0.094,0.748 ± 0.068,0.500 ± 0.086,0.775 ± 0.028,0.510 ± 0.074,0.277 ± 0.081,0.274 ± 0.082
OS,global,LumB,XGB-Cox,Clin+Genes+Mut,15,0.648 ± 0.037,0.646 ± 0.047,0.661 ± 0.065,0.683 ± 0.068,0.678 ± 0.065,0.186 ± 0.019,0.170 ± 0.021,0.684 ± 0.068,0.437 ± 0.089,0.667 ± 0.041,0.611 ± 0.064,0.503 ± 0.154,0.719 ± 0.071,0.364 ± 0.090,0.822 ± 0.046,0.414 ± 0.095,0.202 ± 0.112,0.193 ± 0.106
OS,global,LumA,XGB-Cox,Clin+Genes+Mut,15,0.727 ± 0.026,0.733 ± 0.031,0.772 ± 0.088,0.785 ± 0.057,0.770 ± 0.034,0.135 ± 0.011,0.094 ± 0.014,0.786 ± 0.057,0.442 ± 0.119,0.796 ± 0.073,0.686 ± 0.081,0.536 ± 0.180,0.837 ± 0.090,0.344 ± 0.123,0.925 ± 0.035,0.399 ± 0.109,0.311 ± 0.131,0.292 ± 0.132
OS,specific,TNBC,CoxPH,Clinical,15,0.606 ± 0.054,0.609 ± 0.049,0.634 ± 0.070,0.645 ± 0.071,0.630 ± 0.069,0.227 ± 0.024,0.213 ± 0.024,0.647 ± 0.071,0.544 ± 0.129,0.619 ± 0.069,0.603 ± 0.060,0.556 ± 0.108,0.651 ± 0.101,0.461 ± 0.111,0.738 ± 0.066,0.496 ± 0.099,0.202 ± 0.122,0.198 ± 0.123
OS,specific,TNBC,CoxNet,Clinical,15,0.632 ± 0.062,0.633 ± 0.063,0.665 ± 0.062,0.672 ± 0.082,0.667 ± 0.085,0.215 ± 0.017,0.207 ± 0.020,0.674 ± 0.080,0.581 ± 0.145,0.686 ± 0.068,0.636 ± 0.082,0.473 ± 0.153,0.798 ± 0.108,0.552 ± 0.187,0.746 ± 0.055,0.495 ± 0.151,0.284 ± 0.176,0.275 ± 0.171
OS,specific,TNBC,RSF,Clinical,15,0.660 ± 0.054,0.666 ± 0.055,0.715 ± 0.059,0.714 ± 0.070,0.702 ± 0.080,0.210 ± 0.013,0.201 ± 0.018,0.715 ± 0.069,0.608 ± 0.130,0.648 ± 0.076,0.650 ± 0.070,0.658 ± 0.129,0.642 ± 0.131,0.501 ± 0.135,0.787 ± 0.072,0.557 ± 0.107,0.294 ± 0.143,0.278 ± 0.140
OS,specific,TNBC,ExtraSurvTrees,Clinical,15,0.614 ± 0.053,0.616 ± 0.054,0.663 ± 0.080,0.670 ± 0.064,0.617 ± 0.073,0.225 ± 0.010,0.216 ± 0.022,0.670 ± 0.064,0.541 ± 0.124,0.629 ± 0.060,0.625 ± 0.047,0.614 ± 0.123,0.636 ± 0.123,0.479 ± 0.103,0.759 ± 0.068,0.524 ± 0.086,0.243 ± 0.093,0.232 ± 0.095
OS,specific,TNBC,GBSA,Clinical,15,0.623 ± 0.045,0.626 ± 0.047,0.657 ± 0.073,0.658 ± 0.068,0.652 ± 0.071,0.229 ± 0.029,0.220 ± 0.025,0.659 ± 0.068,0.544 ± 0.120,0.643 ± 0.060,0.619 ± 0.077,0.557 ± 0.138,0.682 ± 0.065,0.477 ± 0.136,0.752 ± 0.056,0.509 ± 0.133,0.234 ± 0.151,0.230 ± 0.149
OS,specific,TNBC,CW-GBSA,Clinical,15,0.625 ± 0.055,0.628 ± 0.054,0.666 ± 0.054,0.672 ± 0.071,0.653 ± 0.077,0.216 ± 0.019,0.204 ± 0.020,0.674 ± 0.071,0.575 ± 0.135,0.632 ± 0.052,0.608 ± 0.048,0.554 ± 0.182,0.662 ± 0.146,0.472 ± 0.097,0.751 ± 0.072,0.494 ± 0.107,0.218 ± 0.099,0.206 ± 0.093
OS,specific,TNBC,SurvSVM,Clinical,15,0.602 ± 0.058,0.605 ± 0.058,0.637 ± 0.088,0.643 ± 0.073,0.612 ± 0.071,,,0.645 ± 0.073,0.536 ± 0.136,0.612 ± 0.069,0.600 ± 0.070,0.572 ± 0.139,0.629 ± 0.102,0.450 ± 0.115,0.740 ± 0.070,0.495 ± 0.116,0.195 ± 0.136,0.189 ± 0.135
OS,specific,TNBC,XGB-Cox,Clinical,15,0.623 ± 0.054,0.625 ± 0.055,0.662 ± 0.082,0.662 ± 0.078,0.652 ± 0.081,0.233 ± 0.032,0.220 ± 0.029,0.663 ± 0.078,0.547 ± 0.122,0.656 ± 0.049,0.624 ± 0.065,0.540 ± 0.123,0.708 ± 0.051,0.489 ± 0.125,0.750 ± 0.053,0.511 ± 0.120,0.243 ± 0.129,0.241 ± 0.129
OS,specific,TNBC,CoxPH,Clin+Genes,15,0.553 ± 0.051,0.560 ± 0.053,0.574 ± 0.085,0.594 ± 0.083,0.576 ± 0.076,0.276 ± 0.025,0.262 ± 0.036,0.592 ± 0.083,0.486 ± 0.122,0.609 ± 0.044,0.569 ± 0.067,0.442 ± 0.149,0.697 ± 0.074,0.435 ± 0.137,0.709 ± 0.071,0.427 ± 0.120,0.141 ± 0.132,0.135 ± 0.127
OS,specific,TNBC,CoxNet,Clin+Genes,15,0.601 ± 0.058,0.605 ± 0.062,0.639 ± 0.093,0.653 ± 0.093,0.634 ± 0.086,0.225 ± 0.020,0.215 ± 0.028,0.653 ± 0.090,0.541 ± 0.126,0.642 ± 0.053,0.621 ± 0.064,0.561 ± 0.127,0.682 ± 0.085,0.480 ± 0.088,0.745 ± 0.075,0.510 ± 0.089,0.233 ± 0.112,0.228 ± 0.106
OS,specific,TNBC,RSF,Clin+Genes,15,0.628 ± 0.046,0.635 ± 0.050,0.679 ± 0.077,0.671 ± 0.072,0.664 ± 0.072,0.217 ± 0.011,0.211 ± 0.020,0.670 ± 0.071,0.531 ± 0.116,0.634 ± 0.064,0.627 ± 0.064,0.604 ± 0.104,0.649 ± 0.098,0.478 ± 0.104,0.756 ± 0.070,0.527 ± 0.090,0.243 ± 0.119,0.236 ± 0.115
OS,specific,TNBC,ExtraSurvTrees,Clin+Genes,15,0.603 ± 0.043,0.608 ± 0.047,0.652 ± 0.075,0.650 ± 0.063,0.609 ± 0.073,0.225 ± 0.009,0.218 ± 0.021,0.649 ± 0.063,0.514 ± 0.121,0.635 ± 0.059,0.609 ± 0.062,0.518 ± 0.090,0.700 ± 0.091,0.483 ± 0.136,0.733 ± 0.071,0.490 ± 0.094,0.217 ± 0.127,0.212 ± 0.124
OS,specific,TNBC,GBSA,Clin+Genes,15,0.611 ± 0.040,0.620 ± 0.043,0.638 ± 0.084,0.651 ± 0.073,0.655 ± 0.069,0.237 ± 0.024,0.230 ± 0.028,0.649 ± 0.073,0.502 ± 0.097,0.654 ± 0.055,0.580 ± 0.065,0.348 ± 0.124,0.813 ± 0.052,0.493 ± 0.145,0.706 ± 0.071,0.401 ± 0.117,0.178 ± 0.138,0.170 ± 0.135
OS,specific,TNBC,CW-GBSA,Clin+Genes,15,0.604 ± 0.055,0.609 ± 0.058,0.646 ± 0.083,0.654 ± 0.095,0.634 ± 0.085,0.224 ± 0.019,0.214 ± 0.028,0.653 ± 0.093,0.542 ± 0.137,0.643 ± 0.048,0.622 ± 0.077,0.548 ± 0.191,0.695 ± 0.082,0.478 ± 0.109,0.752 ± 0.090,0.497 ± 0.123,0.236 ± 0.140,0.226 ± 0.132
OS,specific,TNBC,SurvSVM,Clin+Genes,15,0.547 ± 0.046,0.554 ± 0.050,0.568 ± 0.081,0.582 ± 0.069,0.566 ± 0.072,,,0.580 ± 0.070,0.473 ± 0.103,0.566 ± 0.069,0.537 ± 0.073,0.446 ± 0.122,0.629 ± 0.103,0.393 ± 0.122,0.684 ± 0.078,0.408 ± 0.110,0.076 ± 0.140,0.075 ± 0.136
OS,specific,TNBC,XGB-Cox,Clin+Genes,15,0.606 ± 0.045,0.613 ± 0.048,0.639 ± 0.081,0.639 ± 0.077,0.644 ± 0.074,0.250 ± 0.029,0.242 ± 0.036,0.638 ± 0.075,0.497 ± 0.111,0.649 ± 0.065,0.577 ± 0.076,0.345 ± 0.118,0.809 ± 0.060,0.488 ± 0.173,0.702 ± 0.071,0.397 ± 0.129,0.170 ± 0.166,0.162 ± 0.161
OS,specific,Basal,CoxPH,Clinical,15,0.520 ± 0.054,0.524 ± 0.064,0.521 ± 0.095,0.519 ± 0.101,0.513 ± 0.094,0.266 ± 0.029,0.261 ± 0.030,0.518 ± 0.102,0.486 ± 0.139,0.513 ± 0.079,0.506 ± 0.067,0.484 ± 0.195,0.528 ± 0.175,0.397 ± 0.112,0.622 ± 0.057,0.421 ± 0.132,0.015 ± 0.138,0.017 ± 0.123
OS,specific,Basal,CoxNet,Clinical,15,0.571 ± 0.071,0.569 ± 0.075,0.614 ± 0.107,0.587 ± 0.105,0.564 ± 0.091,0.237 ± 0.017,0.235 ± 0.017,0.589 ± 0.104,0.526 ± 0.155,0.594 ± 0.049,0.560 ± 0.059,0.421 ± 0.243,0.699 ± 0.178,0.471 ± 0.157,0.666 ± 0.073,0.412 ± 0.166,0.128 ± 0.134,0.116 ± 0.121
OS,specific,Basal,RSF,Clinical,15,0.590 ± 0.049,0.591 ± 0.056,0.651 ± 0.087,0.621 ± 0.082,0.593 ± 0.073,0.234 ± 0.012,0.232 ± 0.015,0.623 ± 0.081,0.539 ± 0.120,0.577 ± 0.065,0.574 ± 0.065,0.559 ± 0.171,0.590 ± 0.137,0.464 ± 0.106,0.681 ± 0.079,0.495 ± 0.111,0.147 ± 0.129,0.140 ± 0.127
OS,specific,Basal,ExtraSurvTrees,Clinical,15,0.540 ± 0.071,0.541 ± 0.075,0.579 ± 0.097,0.556 ± 0.109,0.520 ± 0.108,0.240 ± 0.012,0.239 ± 0.018,0.554 ± 0.108,0.469 ± 0.113,0.553 ± 0.089,0.526 ± 0.073,0.387 ± 0.139,0.666 ± 0.149,0.438 ± 0.112,0.626 ± 0.101,0.393 ± 0.097,0.058 ± 0.156,0.055 ± 0.149
OS,specific,Basal,GBSA,Clinical,15,0.574 ± 0.057,0.572 ± 0.067,0.612 ± 0.091,0.582 ± 0.101,0.582 ± 0.095,0.266 ± 0.041,0.265 ± 0.042,0.583 ± 0.100,0.526 ± 0.122,0.553 ± 0.079,0.546 ± 0.080,0.514 ± 0.113,0.578 ± 0.101,0.441 ± 0.118,0.648 ± 0.090,0.469 ± 0.101,0.090 ± 0.160,0.088 ± 0.158
OS,specific,Basal,CW-GBSA,Clinical,15,0.535 ± 0.056,0.539 ± 0.064,0.564 ± 0.098,0.547 ± 0.099,0.526 ± 0.091,0.248 ± 0.022,0.243 ± 0.022,0.546 ± 0.098,0.499 ± 0.132,0.543 ± 0.081,0.526 ± 0.083,0.449 ± 0.221,0.603 ± 0.173,0.412 ± 0.121,0.635 ± 0.095,0.409 ± 0.155,0.050 ± 0.165,0.048 ± 0.160
OS,specific,Basal,SurvSVM,Clinical,15,0.534 ± 0.061,0.542 ± 0.066,0.554 ± 0.100,0.551 ± 0.096,0.521 ± 0.094,,,0.550 ± 0.097,0.505 ± 0.129,0.528 ± 0.085,0.513 ± 0.077,0.447 ± 0.117,0.578 ± 0.157,0.415 ± 0.116,0.615 ± 0.090,0.421 ± 0.092,0.028 ± 0.154,0.028 ± 0.150
OS,specific,Basal,XGB-Cox,Clinical,15,0.599 ± 0.055,0.598 ± 0.062,0.642 ± 0.091,0.611 ± 0.088,0.618 ± 0.087,0.255 ± 0.037,0.256 ± 0.035,0.612 ± 0.087,0.551 ± 0.096,0.564 ± 0.084,0.573 ± 0.083,0.599 ± 0.130,0.547 ± 0.112,0.463 ± 0.111,0.682 ± 0.106,0.513 ± 0.095,0.145 ± 0.166,0.137 ± 0.161
OS,specific,Basal,CoxPH,Clin+Genes,15,0.467 ± 0.045,0.469 ± 0.047,0.476 ± 0.110,0.464 ± 0.085,0.449 ± 0.064,0.373 ± 0.051,0.371 ± 0.059,0.463 ± 0.085,0.418 ± 0.101,0.505 ± 0.074,0.475 ± 0.069,0.361 ± 0.126,0.590 ± 0.137,0.371 ± 0.129,0.588 ± 0.078,0.356 ± 0.109,-0.046 ± 0.145,-0.047 ± 0.140
OS,specific,Basal,CoxNet,Clin+Genes,15,0.466 ± 0.055,0.464 ± 0.060,0.478 ± 0.114,0.460 ± 0.099,0.455 ± 0.070,0.310 ± 0.043,0.311 ± 0.051,0.462 ± 0.097,0.422 ± 0.109,0.473 ± 0.080,0.460 ± 0.093,0.397 ± 0.190,0.522 ± 0.112,0.339 ± 0.130,0.580 ± 0.092,0.357 ± 0.144,-0.080 ± 0.182,-0.078 ± 0.176
OS,specific,Basal,RSF,Clin+Genes,15,0.457 ± 0.053,0.455 ± 0.055,0.445 ± 0.071,0.458 ± 0.081,0.454 ± 0.060,0.245 ± 0.007,0.247 ± 0.014,0.458 ± 0.081,0.421 ± 0.106,0.493 ± 0.073,0.464 ± 0.070,0.329 ± 0.148,0.600 ± 0.134,0.342 ± 0.120,0.581 ± 0.074,0.324 ± 0.120,-0.074 ± 0.141,-0.070 ± 0.136
OS,specific,Basal,ExtraSurvTrees,Clin+Genes,15,0.509 ± 0.065,0.507 ± 0.070,0.531 ± 0.113,0.520 ± 0.098,0.496 ± 0.095,0.241 ± 0.010,0.241 ± 0.016,0.519 ± 0.098,0.456 ± 0.102,0.555 ± 0.067,0.519 ± 0.057,0.356 ± 0.119,0.682 ± 0.125,0.428 ± 0.117,0.621 ± 0.077,0.377 ± 0.088,0.043 ± 0.123,0.039 ± 0.119
OS,specific,Basal,GBSA,Clin+Genes,15,0.457 ± 0.052,0.455 ± 0.052,0.420 ± 0.084,0.443 ± 0.083,0.459 ± 0.055,0.316 ± 0.023,0.316 ± 0.033,0.443 ± 0.084,0.415 ± 0.093,0.506 ± 0.089,0.463 ± 0.081,0.278 ± 0.101,0.647 ± 0.099,0.341 ± 0.139,0.581 ± 0.086,0.304 ± 0.113,-0.076 ± 0.172,-0.075 ± 0.168
OS,specific,Basal,CW-GBSA,Clin+Genes,15,0.478 ± 0.062,0.477 ± 0.064,0.494 ± 0.120,0.480 ± 0.097,0.475 ± 0.067,0.275 ± 0.023,0.275 ± 0.032,0.480 ± 0.097,0.434 ± 0.114,0.494 ± 0.073,0.482 ± 0.084,0.435 ± 0.173,0.529 ± 0.100,0.364 ± 0.116,0.598 ± 0.095,0.390 ± 0.132,-0.037 ± 0.165,-0.036 ± 0.156
OS,specific,Basal,SurvSVM,Clin+Genes,15,0.465 ± 0.036,0.469 ± 0.040,0.478 ± 0.094,0.461 ± 0.072,0.453 ± 0.069,,,0.460 ± 0.072,0.409 ± 0.089,0.466 ± 0.053,0.451 ± 0.051,0.378 ± 0.117,0.525 ± 0.102,0.333 ± 0.099,0.568 ± 0.073,0.348 ± 0.095,-0.098 ± 0.105,-0.093 ± 0.100
OS,specific,Basal,XGB-Cox,Clin+Genes,15,0.457 ± 0.062,0.455 ± 0.065,0.444 ± 0.088,0.458 ± 0.099,0.456 ± 0.072,0.337 ± 0.029,0.336 ± 0.042,0.458 ± 0.098,0.430 ± 0.098,0.523 ± 0.064,0.474 ± 0.067,0.250 ± 0.122,0.698 ± 0.060,0.336 ± 0.143,0.594 ± 0.071,0.281 ± 0.124,-0.060 ± 0.148,-0.056 ± 0.141
OS,specific,HER2-enriched,CoxPH,Clinical,15,0.624 ± 0.055,0.635 ± 0.061,0.664 ± 0.111,0.699 ± 0.091,0.687 ± 0.077,0.216 ± 0.022,0.211 ± 0.025,0.701 ± 0.091,0.595 ± 0.090,0.661 ± 0.069,0.643 ± 0.084,0.586 ± 0.183,0.699 ± 0.096,0.521 ± 0.100,0.763 ± 0.094,0.544 ± 0.116,0.285 ± 0.165,0.275 ± 0.154
OS,specific,HER2-enriched,CoxNet,Clinical,15,0.652 ± 0.043,0.661 ± 0.050,0.723 ± 0.092,0.730 ± 0.060,0.707 ± 0.059,0.212 ± 0.016,0.212 ± 0.018,0.732 ± 0.059,0.642 ± 0.095,0.712 ± 0.049,0.702 ± 0.058,0.668 ± 0.125,0.736 ± 0.076,0.589 ± 0.070,0.800 ± 0.069,0.620 ± 0.073,0.396 ± 0.105,0.388 ± 0.102
OS,specific,HER2-enriched,RSF,Clinical,15,0.657 ± 0.056,0.665 ± 0.065,0.727 ± 0.078,0.754 ± 0.073,0.708 ± 0.088,0.204 ± 0.016,0.193 ± 0.015,0.755 ± 0.073,0.635 ± 0.085,0.693 ± 0.062,0.686 ± 0.074,0.663 ± 0.144,0.709 ± 0.081,0.561 ± 0.089,0.792 ± 0.075,0.602 ± 0.098,0.362 ± 0.140,0.354 ± 0.137
OS,specific,HER2-enriched,ExtraSurvTrees,Clinical,15,0.627 ± 0.073,0.635 ± 0.084,0.676 ± 0.112,0.726 ± 0.099,0.671 ± 0.098,0.213 ± 0.018,0.204 ± 0.018,0.727 ± 0.100,0.601 ± 0.105,0.674 ± 0.079,0.674 ± 0.095,0.675 ± 0.190,0.672 ± 0.106,0.535 ± 0.102,0.794 ± 0.100,0.590 ± 0.122,0.338 ± 0.181,0.323 ± 0.174
OS,specific,HER2-enriched,GBSA,Clinical,15,0.635 ± 0.042,0.646 ± 0.049,0.700 ± 0.087,0.705 ± 0.063,0.701 ± 0.067,0.218 ± 0.014,0.206 ± 0.021,0.706 ± 0.062,0.614 ± 0.084,0.674 ± 0.052,0.640 ± 0.051,0.521 ± 0.111,0.759 ± 0.091,0.555 ± 0.096,0.740 ± 0.049,0.529 ± 0.084,0.287 ± 0.103,0.282 ± 0.104
OS,specific,HER2-enriched,CW-GBSA,Clinical,15,0.640 ± 0.061,0.651 ± 0.069,0.678 ± 0.116,0.725 ± 0.091,0.703 ± 0.087,0.205 ± 0.018,0.198 ± 0.019,0.727 ± 0.090,0.637 ± 0.124,0.672 ± 0.073,0.647 ± 0.063,0.576 ± 0.156,0.717 ± 0.158,0.559 ± 0.112,0.758 ± 0.060,0.553 ± 0.089,0.304 ± 0.130,0.293 ± 0.127
OS,specific,HER2-enriched,SurvSVM,Clinical,15,0.628 ± 0.052,0.640 ± 0.059,0.678 ± 0.126,0.726 ± 0.096,0.688 ± 0.065,,,0.727 ± 0.096,0.629 ± 0.099,0.680 ± 0.080,0.671 ± 0.089,0.658 ± 0.165,0.685 ± 0.121,0.545 ± 0.112,0.789 ± 0.077,0.589 ± 0.117,0.338 ± 0.171,0.327 ± 0.168
OS,specific,HER2-enriched,XGB-Cox,Clinical,15,0.639 ± 0.056,0.651 ± 0.061,0.715 ± 0.093,0.711 ± 0.070,0.701 ± 0.079,0.220 ± 0.023,0.207 ± 0.024,0.713 ± 0.069,0.619 ± 0.078,0.679 ± 0.049,0.643 ± 0.063,0.520 ± 0.167,0.765 ± 0.091,0.556 ± 0.082,0.746 ± 0.069,0.526 ± 0.105,0.293 ± 0.117,0.285 ± 0.116
OS,specific,HER2-enriched,CoxPH,Clin+Genes,15,0.542 ± 0.043,0.546 ± 0.049,0.550 ± 0.128,0.577 ± 0.057,0.580 ± 0.086,0.289 ± 0.034,0.288 ± 0.032,0.579 ± 0.058,0.474 ± 0.077,0.571 ± 0.068,0.546 ± 0.064,0.446 ± 0.147,0.645 ± 0.131,0.420 ± 0.111,0.677 ± 0.062,0.420 ± 0.095,0.093 ± 0.130,0.089 ± 0.126
OS,specific,HER2-enriched,CoxNet,Clin+Genes,15,0.578 ± 0.040,0.584 ± 0.041,0.607 ± 0.130,0.630 ± 0.061,0.622 ± 0.072,0.225 ± 0.025,0.221 ± 0.024,0.632 ± 0.062,0.544 ± 0.079,0.595 ± 0.070,0.577 ± 0.064,0.506 ± 0.123,0.647 ± 0.132,0.454 ± 0.088,0.697 ± 0.076,0.468 ± 0.073,0.152 ± 0.125,0.148 ± 0.120
OS,specific,HER2-enriched,RSF,Clin+Genes,15,0.599 ± 0.044,0.611 ± 0.052,0.643 ± 0.114,0.670 ± 0.062,0.653 ± 0.075,0.216 ± 0.016,0.210 ± 0.018,0.671 ± 0.063,0.578 ± 0.074,0.640 ± 0.058,0.621 ± 0.059,0.549 ± 0.119,0.693 ± 0.089,0.503 ± 0.073,0.732 ± 0.069,0.518 ± 0.072,0.238 ± 0.110,0.234 ± 0.108
OS,specific,HER2-enriched,ExtraSurvTrees,Clin+Genes,15,0.615 ± 0.060,0.628 ± 0.070,0.654 ± 0.132,0.712 ± 0.089,0.671 ± 0.089,0.215 ± 0.017,0.209 ± 0.018,0.713 ± 0.091,0.588 ± 0.093,0.663 ± 0.082,0.658 ± 0.088,0.638 ± 0.162,0.679 ± 0.121,0.534 ± 0.098,0.770 ± 0.105,0.572 ± 0.096,0.310 ± 0.169,0.299 ± 0.161
OS,specific,HER2-enriched,GBSA,Clin+Genes,15,0.560 ± 0.031,0.568 ± 0.039,0.606 ± 0.100,0.620 ± 0.063,0.600 ± 0.070,0.257 ± 0.028,0.243 ± 0.028,0.621 ± 0.063,0.514 ± 0.061,0.643 ± 0.062,0.593 ± 0.054,0.415 ± 0.138,0.771 ± 0.115,0.522 ± 0.112,0.702 ± 0.056,0.445 ± 0.098,0.202 ± 0.114,0.192 ± 0.111
OS,specific,HER2-enriched,CW-GBSA,Clin+Genes,15,0.576 ± 0.039,0.581 ± 0.040,0.596 ± 0.134,0.632 ± 0.057,0.612 ± 0.078,0.230 ± 0.022,0.222 ± 0.022,0.634 ± 0.058,0.547 ± 0.080,0.603 ± 0.051,0.589 ± 0.068,0.535 ± 0.162,0.643 ± 0.079,0.452 ± 0.081,0.716 ± 0.079,0.482 ± 0.101,0.173 ± 0.129,0.166 ± 0.123
OS,specific,HER2-enriched,SurvSVM,Clin+Genes,15,0.556 ± 0.041,0.556 ± 0.049,0.578 ± 0.142,0.598 ± 0.067,0.585 ± 0.086,,,0.599 ± 0.068,0.494 ± 0.084,0.587 ± 0.062,0.574 ± 0.067,0.518 ± 0.135,0.630 ± 0.086,0.438 ± 0.090,0.702 ± 0.072,0.468 ± 0.091,0.144 ± 0.130,0.139 ± 0.128
OS,specific,HER2-enriched,XGB-Cox,Clin+Genes,15,0.554 ± 0.038,0.564 ± 0.045,0.592 ± 0.108,0.612 ± 0.067,0.589 ± 0.060,0.269 ± 0.028,0.255 ± 0.032,0.612 ± 0.066,0.507 ± 0.061,0.624 ± 0.050,0.568 ± 0.058,0.365 ± 0.134,0.771 ± 0.058,0.467 ± 0.081,0.686 ± 0.068,0.402 ± 0.098,0.144 ± 0.112,0.139 ± 0.111
OS,specific,Claudin-low,CoxPH,Clinical,15,0.649 ± 0.061,0.663 ± 0.071,0.674 ± 0.142,0.687 ± 0.107,0.713 ± 0.070,0.174 ± 0.026,0.145 ± 0.033,0.688 ± 0.108,0.486 ± 0.144,0.700 ± 0.085,0.624 ± 0.100,0.492 ± 0.189,0.756 ± 0.115,0.343 ± 0.160,0.859 ± 0.054,0.385 ± 0.158,0.222 ± 0.183,0.212 ± 0.178
OS,specific,Claudin-low,CoxNet,Clinical,15,0.679 ± 0.065,0.685 ± 0.067,0.720 ± 0.110,0.703 ± 0.106,0.725 ± 0.081,0.168 ± 0.015,0.142 ± 0.027,0.705 ± 0.106,0.522 ± 0.156,0.761 ± 0.075,0.665 ± 0.103,0.507 ± 0.226,0.824 ± 0.104,0.444 ± 0.186,0.874 ± 0.059,0.440 ± 0.165,0.317 ± 0.187,0.299 ± 0.187
OS,specific,Claudin-low,RSF,Clinical,15,0.679 ± 0.063,0.690 ± 0.068,0.717 ± 0.128,0.719 ± 0.111,0.722 ± 0.081,0.169 ± 0.017,0.136 ± 0.028,0.720 ± 0.112,0.535 ± 0.180,0.767 ± 0.055,0.659 ± 0.097,0.481 ± 0.207,0.837 ± 0.075,0.431 ± 0.204,0.871 ± 0.052,0.434 ± 0.159,0.306 ± 0.189,0.293 ± 0.179
OS,specific,Claudin-low,ExtraSurvTrees,Clinical,15,0.569 ± 0.076,0.576 ± 0.083,0.589 ± 0.224,0.599 ± 0.157,0.590 ± 0.089,0.182 ± 0.019,0.146 ± 0.031,0.601 ± 0.158,0.376 ± 0.134,0.660 ± 0.103,0.581 ± 0.101,0.445 ± 0.218,0.718 ± 0.145,0.307 ± 0.182,0.841 ± 0.069,0.333 ± 0.146,0.152 ± 0.196,0.138 ± 0.183
OS,specific,Claudin-low,GBSA,Clinical,15,0.652 ± 0.063,0.659 ± 0.077,0.700 ± 0.149,0.682 ± 0.110,0.682 ± 0.089,0.172 ± 0.027,0.134 ± 0.026,0.684 ± 0.109,0.544 ± 0.164,0.781 ± 0.070,0.661 ± 0.100,0.461 ± 0.175,0.861 ± 0.086,0.482 ± 0.248,0.869 ± 0.045,0.449 ± 0.178,0.332 ± 0.214,0.321 ± 0.208
OS,specific,Claudin-low,CW-GBSA,Clinical,15,0.661 ± 0.076,0.673 ± 0.083,0.701 ± 0.130,0.698 ± 0.111,0.716 ± 0.095,0.167 ± 0.021,0.140 ± 0.031,0.699 ± 0.111,0.501 ± 0.166,0.732 ± 0.046,0.640 ± 0.090,0.485 ± 0.227,0.794 ± 0.084,0.370 ± 0.151,0.868 ± 0.056,0.394 ± 0.146,0.253 ± 0.155,0.236 ± 0.145
OS,specific,Claudin-low,SurvSVM,Clinical,15,0.641 ± 0.071,0.646 ± 0.087,0.687 ± 0.134,0.695 ± 0.112,0.679 ± 0.109,,,0.696 ± 0.114,0.492 ± 0.145,0.685 ± 0.076,0.653 ± 0.083,0.601 ± 0.195,0.704 ± 0.105,0.338 ± 0.107,0.881 ± 0.056,0.420 ± 0.116,0.258 ± 0.140,0.232 ± 0.131
OS,specific,Claudin-low,XGB-Cox,Clinical,15,0.671 ± 0.074,0.677 ± 0.077,0.727 ± 0.147,0.713 ± 0.113,0.700 ± 0.095,0.167 ± 0.028,0.131 ± 0.025,0.715 ± 0.114,0.559 ± 0.170,0.798 ± 0.049,0.693 ± 0.088,0.524 ± 0.197,0.862 ± 0.070,0.490 ± 0.157,0.886 ± 0.041,0.489 ± 0.149,0.378 ± 0.157,0.367 ± 0.157
OS,specific,Claudin-low,CoxPH,Clin+Genes,15,0.583 ± 0.043,0.586 ± 0.049,0.608 ± 0.083,0.605 ± 0.097,0.624 ± 0.058,0.234 ± 0.029,0.200 ± 0.045,0.607 ± 0.098,0.354 ± 0.121,0.685 ± 0.081,0.546 ± 0.074,0.315 ± 0.182,0.777 ± 0.117,0.273 ± 0.141,0.823 ± 0.050,0.272 ± 0.121,0.092 ± 0.138,0.086 ± 0.132
OS,specific,Claudin-low,CoxNet,Clin+Genes,15,0.594 ± 0.051,0.596 ± 0.048,0.646 ± 0.130,0.594 ± 0.113,0.632 ± 0.058,0.189 ± 0.026,0.162 ± 0.038,0.597 ± 0.114,0.387 ± 0.127,0.688 ± 0.101,0.589 ± 0.104,0.428 ± 0.234,0.750 ± 0.142,0.300 ± 0.189,0.844 ± 0.058,0.332 ± 0.177,0.160 ± 0.199,0.151 ± 0.189
OS,specific,Claudin-low,RSF,Clin+Genes,15,0.603 ± 0.054,0.614 ± 0.062,0.677 ± 0.106,0.644 ± 0.097,0.644 ± 0.082,0.177 ± 0.016,0.144 ± 0.029,0.644 ± 0.097,0.419 ± 0.154,0.706 ± 0.077,0.590 ± 0.093,0.400 ± 0.181,0.780 ± 0.111,0.344 ± 0.237,0.843 ± 0.047,0.343 ± 0.156,0.178 ± 0.195,0.166 ± 0.182
OS,specific,Claudin-low,ExtraSurvTrees,Clin+Genes,15,0.558 ± 0.060,0.571 ± 0.071,0.586 ± 0.201,0.585 ± 0.142,0.592 ± 0.082,0.183 ± 0.019,0.148 ± 0.032,0.586 ± 0.143,0.362 ± 0.142,0.685 ± 0.080,0.566 ± 0.093,0.368 ± 0.221,0.763 ± 0.117,0.270 ± 0.159,0.833 ± 0.056,0.294 ± 0.158,0.115 ± 0.174,0.107 ± 0.165
OS,specific,Claudin-low,GBSA,Clin+Genes,15,0.584 ± 0.052,0.598 ± 0.060,0.671 ± 0.091,0.614 ± 0.086,0.635 ± 0.068,0.193 ± 0.024,0.156 ± 0.033,0.614 ± 0.086,0.392 ± 0.133,0.790 ± 0.059,0.608 ± 0.088,0.309 ± 0.176,0.908 ± 0.056,0.448 ± 0.278,0.843 ± 0.054,0.349 ± 0.182,0.248 ± 0.214,0.236 ± 0.192
OS,specific,Claudin-low,CW-GBSA,Clin+Genes,15,0.600 ± 0.059,0.603 ± 0.063,0.653 ± 0.158,0.613 ± 0.141,0.634 ± 0.074,0.182 ± 0.019,0.153 ± 0.035,0.615 ± 0.142,0.382 ± 0.137,0.688 ± 0.114,0.598 ± 0.119,0.454 ± 0.179,0.742 ± 0.132,0.333 ± 0.149,0.844 ± 0.062,0.372 ± 0.144,0.186 ± 0.203,0.182 ± 0.191
OS,specific,Claudin-low,SurvSVM,Clin+Genes,15,0.569 ± 0.033,0.572 ± 0.047,0.586 ± 0.111,0.581 ± 0.085,0.608 ± 0.073,,,0.582 ± 0.085,0.333 ± 0.129,0.659 ± 0.065,0.557 ± 0.099,0.387 ± 0.193,0.726 ± 0.069,0.251 ± 0.123,0.830 ± 0.062,0.297 ± 0.144,0.095 ± 0.174,0.090 ± 0.165
OS,specific,Claudin-low,XGB-Cox,Clin+Genes,15,0.577 ± 0.049,0.587 ± 0.060,0.644 ± 0.101,0.598 ± 0.088,0.613 ± 0.064,0.204 ± 0.020,0.159 ± 0.035,0.598 ± 0.088,0.394 ± 0.150,0.782 ± 0.052,0.571 ± 0.070,0.227 ± 0.175,0.915 ± 0.080,0.472 ± 0.376,0.830 ± 0.044,0.264 ± 0.174,0.193 ± 0.195,0.161 ± 0.162
OS,specific,Aggressive (Basal/HER2/CL),CoxPH,Clinical,15,0.638 ± 0.036,0.647 ± 0.035,0.667 ± 0.055,0.685 ± 0.057,0.698 ± 0.044,0.205 ± 0.014,0.195 ± 0.016,0.686 ± 0.057,0.533 ± 0.103,0.626 ± 0.050,0.626 ± 0.053,0.641 ± 0.152,0.610 ± 0.104,0.439 ± 0.069,0.793 ± 0.047,0.516 ± 0.087,0.241 ± 0.102,0.224 ± 0.094
OS,specific,Aggressive (Basal/HER2/CL),CoxNet,Clinical,15,0.639 ± 0.046,0.647 ± 0.048,0.689 ± 0.062,0.683 ± 0.067,0.689 ± 0.056,0.207 ± 0.010,0.197 ± 0.013,0.683 ± 0.067,0.541 ± 0.117,0.653 ± 0.059,0.621 ± 0.061,0.548 ± 0.157,0.695 ± 0.111,0.460 ± 0.113,0.771 ± 0.040,0.492 ± 0.118,0.237 ± 0.126,0.230 ± 0.124
OS,specific,Aggressive (Basal/HER2/CL),RSF,Clinical,15,0.670 ± 0.033,0.677 ± 0.035,0.726 ± 0.046,0.737 ± 0.043,0.715 ± 0.044,0.197 ± 0.009,0.182 ± 0.012,0.737 ± 0.043,0.579 ± 0.098,0.692 ± 0.044,0.674 ± 0.037,0.634 ± 0.089,0.715 ± 0.085,0.516 ± 0.065,0.809 ± 0.032,0.566 ± 0.059,0.337 ± 0.074,0.330 ± 0.076
OS,specific,Aggressive (Basal/HER2/CL),ExtraSurvTrees,Clinical,15,0.639 ± 0.035,0.647 ± 0.040,0.691 ± 0.067,0.711 ± 0.056,0.671 ± 0.060,0.207 ± 0.009,0.192 ± 0.016,0.711 ± 0.056,0.541 ± 0.074,0.671 ± 0.055,0.659 ± 0.052,0.630 ± 0.115,0.687 ± 0.101,0.491 ± 0.063,0.798 ± 0.057,0.546 ± 0.066,0.303 ± 0.096,0.293 ± 0.095
OS,specific,Aggressive (Basal/HER2/CL),GBSA,Clinical,15,0.657 ± 0.035,0.664 ± 0.036,0.706 ± 0.048,0.709 ± 0.043,0.708 ± 0.045,0.204 ± 0.016,0.192 ± 0.018,0.709 ± 0.043,0.552 ± 0.079,0.673 ± 0.044,0.642 ± 0.049,0.564 ± 0.131,0.720 ± 0.086,0.490 ± 0.070,0.783 ± 0.047,0.517 ± 0.082,0.278 ± 0.092,0.272 ± 0.090
OS,specific,Aggressive (Basal/HER2/CL),CW-GBSA,Clinical,15,0.647 ± 0.037,0.655 ± 0.038,0.686 ± 0.053,0.692 ± 0.054,0.704 ± 0.047,0.201 ± 0.013,0.193 ± 0.015,0.692 ± 0.054,0.541 ± 0.103,0.631 ± 0.035,0.640 ± 0.047,0.673 ± 0.147,0.607 ± 0.082,0.444 ± 0.063,0.808 ± 0.054,0.531 ± 0.082,0.265 ± 0.091,0.245 ± 0.079
OS,specific,Aggressive (Basal/HER2/CL),SurvSVM,Clinical,15,0.646 ± 0.028,0.656 ± 0.029,0.707 ± 0.045,0.715 ± 0.044,0.690 ± 0.042,,,0.716 ± 0.044,0.548 ± 0.100,0.652 ± 0.035,0.653 ± 0.047,0.665 ± 0.118,0.642 ± 0.059,0.464 ± 0.061,0.809 ± 0.047,0.544 ± 0.074,0.289 ± 0.089,0.274 ± 0.082
OS,specific,Aggressive (Basal/HER2/CL),XGB-Cox,Clinical,15,0.655 ± 0.031,0.663 ± 0.032,0.698 ± 0.049,0.704 ± 0.046,0.709 ± 0.046,0.203 ± 0.016,0.192 ± 0.016,0.705 ± 0.045,0.557 ± 0.085,0.682 ± 0.051,0.655 ± 0.057,0.583 ± 0.116,0.728 ± 0.083,0.504 ± 0.095,0.791 ± 0.043,0.534 ± 0.089,0.302 ± 0.110,0.297 ± 0.111
OS,specific,Aggressive (Basal/HER2/CL),CoxPH,Clin+Genes,15,0.624 ± 0.034,0.633 ± 0.030,0.653 ± 0.051,0.667 ± 0.050,0.677 ± 0.038,0.213 ± 0.013,0.203 ± 0.017,0.667 ± 0.049,0.521 ± 0.077,0.620 ± 0.035,0.609 ± 0.040,0.589 ± 0.139,0.630 ± 0.091,0.427 ± 0.050,0.772 ± 0.046,0.490 ± 0.075,0.208 ± 0.074,0.197 ± 0.067
OS,specific,Aggressive (Basal/HER2/CL),CoxNet,Clin+Genes,15,0.644 ± 0.036,0.650 ± 0.038,0.704 ± 0.041,0.694 ± 0.058,0.687 ± 0.043,0.205 ± 0.009,0.195 ± 0.013,0.695 ± 0.058,0.541 ± 0.096,0.653 ± 0.043,0.637 ± 0.052,0.602 ± 0.136,0.673 ± 0.089,0.467 ± 0.079,0.788 ± 0.050,0.520 ± 0.082,0.264 ± 0.099,0.254 ± 0.093
OS,specific,Aggressive (Basal/HER2/CL),RSF,Clin+Genes,15,0.660 ± 0.023,0.667 ± 0.023,0.715 ± 0.036,0.721 ± 0.026,0.696 ± 0.031,0.200 ± 0.007,0.187 ± 0.011,0.722 ± 0.026,0.550 ± 0.075,0.683 ± 0.038,0.667 ± 0.039,0.616 ± 0.086,0.718 ± 0.074,0.512 ± 0.097,0.800 ± 0.045,0.551 ± 0.055,0.322 ± 0.080,0.313 ± 0.077
OS,specific,Aggressive (Basal/HER2/CL),ExtraSurvTrees,Clin+Genes,15,0.643 ± 0.029,0.649 ± 0.032,0.691 ± 0.054,0.712 ± 0.043,0.674 ± 0.052,0.207 ± 0.008,0.193 ± 0.014,0.712 ± 0.043,0.531 ± 0.066,0.681 ± 0.053,0.657 ± 0.053,0.600 ± 0.113,0.713 ± 0.087,0.500 ± 0.076,0.793 ± 0.044,0.542 ± 0.081,0.303 ± 0.104,0.297 ± 0.104
OS,specific,Aggressive (Basal/HER2/CL),GBSA,Clin+Genes,15,0.640 ± 0.023,0.644 ± 0.022,0.688 ± 0.032,0.686 ± 0.028,0.676 ± 0.034,0.212 ± 0.013,0.198 ± 0.012,0.686 ± 0.027,0.524 ± 0.078,0.662 ± 0.036,0.634 ± 0.032,0.561 ± 0.101,0.707 ± 0.077,0.478 ± 0.067,0.777 ± 0.036,0.510 ± 0.062,0.261 ± 0.064,0.255 ± 0.064
OS,specific,Aggressive (Basal/HER2/CL),CW-GBSA,Clin+Genes,15,0.639 ± 0.031,0.646 ± 0.030,0.684 ± 0.042,0.686 ± 0.049,0.689 ± 0.038,0.203 ± 0.010,0.194 ± 0.014,0.686 ± 0.049,0.532 ± 0.081,0.633 ± 0.039,0.635 ± 0.056,0.647 ± 0.138,0.624 ± 0.069,0.444 ± 0.060,0.796 ± 0.063,0.523 ± 0.079,0.255 ± 0.103,0.239 ± 0.092
OS,specific,Aggressive (Basal/HER2/CL),SurvSVM,Clin+Genes,15,0.629 ± 0.030,0.636 ± 0.029,0.682 ± 0.047,0.683 ± 0.048,0.668 ± 0.042,,,0.684 ± 0.047,0.525 ± 0.077,0.626 ± 0.050,0.614 ± 0.043,0.596 ± 0.133,0.633 ± 0.109,0.437 ± 0.065,0.774 ± 0.043,0.499 ± 0.074,0.219 ± 0.083,0.209 ± 0.080
OS,specific,Aggressive (Basal/HER2/CL),XGB-Cox,Clin+Genes,15,0.639 ± 0.022,0.643 ± 0.021,0.682 ± 0.040,0.685 ± 0.030,0.673 ± 0.037,0.217 ± 0.015,0.203 ± 0.012,0.685 ± 0.030,0.526 ± 0.078,0.679 ± 0.032,0.634 ± 0.033,0.508 ± 0.108,0.759 ± 0.076,0.503 ± 0.074,0.769 ± 0.039,0.497 ± 0.064,0.269 ± 0.063,0.264 ± 0.063
OS,specific,LumB,CoxPH,Clinical,15,0.622 ± 0.029,0.618 ± 0.040,0.599 ± 0.098,0.649 ± 0.054,0.644 ± 0.055,0.196 ± 0.013,0.178 ± 0.016,0.650 ± 0.054,0.384 ± 0.079,0.616 ± 0.059,0.611 ± 0.054,0.606 ± 0.150,0.616 ± 0.105,0.337 ± 0.063,0.835 ± 0.038,0.426 ± 0.086,0.195 ± 0.091,0.174 ± 0.083
OS,specific,LumB,CoxNet,Clinical,15,0.645 ± 0.023,0.641 ± 0.038,0.657 ± 0.096,0.675 ± 0.058,0.674 ± 0.048,0.186 ± 0.011,0.172 ± 0.018,0.676 ± 0.058,0.409 ± 0.073,0.638 ± 0.054,0.627 ± 0.064,0.603 ± 0.154,0.652 ± 0.089,0.358 ± 0.071,0.839 ± 0.057,0.440 ± 0.074,0.223 ± 0.106,0.202 ± 0.092
OS,specific,LumB,RSF,Clinical,15,0.653 ± 0.037,0.649 ± 0.045,0.659 ± 0.085,0.703 ± 0.064,0.679 ± 0.058,0.183 ± 0.014,0.165 ± 0.018,0.703 ± 0.064,0.441 ± 0.086,0.655 ± 0.039,0.659 ± 0.067,0.662 ± 0.152,0.655 ± 0.055,0.376 ± 0.059,0.860 ± 0.057,0.475 ± 0.075,0.273 ± 0.107,0.246 ± 0.091
OS,specific,LumB,ExtraSurvTrees,Clinical,15,0.620 ± 0.042,0.622 ± 0.048,0.605 ± 0.106,0.661 ± 0.064,0.645 ± 0.067,0.193 ± 0.011,0.173 ± 0.016,0.661 ± 0.064,0.404 ± 0.078,0.603 ± 0.046,0.615 ± 0.057,0.637 ± 0.105,0.593 ± 0.053,0.333 ± 0.057,0.837 ± 0.049,0.434 ± 0.067,0.197 ± 0.095,0.174 ± 0.082
OS,specific,LumB,GBSA,Clinical,15,0.652 ± 0.033,0.648 ± 0.043,0.664 ± 0.073,0.696 ± 0.055,0.674 ± 0.058,0.187 ± 0.016,0.168 ± 0.019,0.697 ± 0.054,0.439 ± 0.069,0.703 ± 0.044,0.658 ± 0.057,0.570 ± 0.138,0.747 ± 0.065,0.421 ± 0.061,0.845 ± 0.052,0.475 ± 0.064,0.289 ± 0.092,0.277 ± 0.083
OS,specific,LumB,CW-GBSA,Clinical,15,0.634 ± 0.022,0.631 ± 0.032,0.632 ± 0.098,0.663 ± 0.044,0.659 ± 0.046,0.189 ± 0.010,0.174 ± 0.015,0.664 ± 0.044,0.389 ± 0.073,0.622 ± 0.057,0.627 ± 0.052,0.639 ± 0.137,0.615 ± 0.101,0.350 ± 0.062,0.845 ± 0.048,0.445 ± 0.066,0.222 ± 0.089,0.197 ± 0.080
OS,specific,LumB,SurvSVM,Clinical,15,0.621 ± 0.031,0.620 ± 0.040,0.596 ± 0.100,0.655 ± 0.068,0.643 ± 0.059,,,0.655 ± 0.067,0.397 ± 0.090,0.623 ± 0.055,0.609 ± 0.067,0.588 ± 0.166,0.630 ± 0.091,0.336 ± 0.068,0.832 ± 0.048,0.422 ± 0.098,0.191 ± 0.114,0.172 ± 0.101
OS,specific,LumB,XGB-Cox,Clinical,15,0.640 ± 0.033,0.635 ± 0.042,0.670 ± 0.077,0.674 ± 0.051,0.656 ± 0.057,0.194 ± 0.017,0.174 ± 0.018,0.676 ± 0.051,0.409 ± 0.074,0.677 ± 0.038,0.626 ± 0.056,0.527 ± 0.142,0.725 ± 0.064,0.379 ± 0.076,0.831 ± 0.046,0.434 ± 0.082,0.229 ± 0.099,0.219 ± 0.092
OS,specific,LumB,CoxPH,Clin+Genes,15,0.604 ± 0.033,0.604 ± 0.038,0.552 ± 0.092,0.656 ± 0.050,0.624 ± 0.070,0.210 ± 0.017,0.186 ± 0.018,0.656 ± 0.050,0.382 ± 0.064,0.651 ± 0.052,0.606 ± 0.054,0.520 ± 0.186,0.692 ± 0.105,0.347 ± 0.054,0.824 ± 0.051,0.405 ± 0.089,0.190 ± 0.092,0.175 ± 0.084
OS,specific,LumB,CoxNet,Clin+Genes,15,0.641 ± 0.026,0.639 ± 0.036,0.636 ± 0.077,0.700 ± 0.048,0.667 ± 0.062,0.185 ± 0.009,0.167 ± 0.017,0.701 ± 0.048,0.445 ± 0.077,0.669 ± 0.057,0.636 ± 0.041,0.571 ± 0.141,0.701 ± 0.104,0.387 ± 0.062,0.838 ± 0.048,0.449 ± 0.053,0.246 ± 0.067,0.230 ± 0.063
OS,specific,LumB,RSF,Clin+Genes,15,0.658 ± 0.037,0.658 ± 0.046,0.665 ± 0.082,0.742 ± 0.058,0.682 ± 0.070,0.184 ± 0.012,0.164 ± 0.018,0.742 ± 0.057,0.502 ± 0.105,0.692 ± 0.049,0.669 ± 0.067,0.617 ± 0.168,0.722 ± 0.082,0.414 ± 0.056,0.855 ± 0.064,0.483 ± 0.071,0.300 ± 0.104,0.280 ± 0.095
OS,specific,LumB,ExtraSurvTrees,Clin+Genes,15,0.636 ± 0.044,0.638 ± 0.051,0.612 ± 0.085,0.706 ± 0.062,0.662 ± 0.078,0.192 ± 0.010,0.171 ± 0.016,0.706 ± 0.063,0.460 ± 0.093,0.654 ± 0.052,0.636 ± 0.050,0.598 ± 0.170,0.673 ± 0.107,0.372 ± 0.057,0.845 ± 0.055,0.447 ± 0.065,0.242 ± 0.080,0.220 ± 0.068
OS,specific,LumB,GBSA,Clin+Genes,15,0.650 ± 0.031,0.649 ± 0.040,0.660 ± 0.090,0.724 ± 0.059,0.673 ± 0.064,0.191 ± 0.016,0.164 ± 0.024,0.724 ± 0.058,0.477 ± 0.097,0.751 ± 0.046,0.630 ± 0.058,0.392 ± 0.122,0.868 ± 0.039,0.483 ± 0.083,0.816 ± 0.049,0.425 ± 0.098,0.278 ± 0.111,0.272 ± 0.113
OS,specific,LumB,CW-GBSA,Clin+Genes,15,0.634 ± 0.028,0.631 ± 0.036,0.621 ± 0.084,0.689 ± 0.043,0.657 ± 0.062,0.189 ± 0.010,0.171 ± 0.016,0.690 ± 0.043,0.422 ± 0.070,0.669 ± 0.044,0.642 ± 0.055,0.587 ± 0.188,0.697 ± 0.104,0.383 ± 0.070,0.846 ± 0.053,0.448 ± 0.087,0.253 ± 0.090,0.232 ± 0.081
OS,specific,LumB,SurvSVM,Clin+Genes,15,0.610 ± 0.032,0.609 ± 0.039,0.563 ± 0.097,0.660 ± 0.054,0.626 ± 0.068,,,0.661 ± 0.053,0.385 ± 0.081,0.636 ± 0.061,0.600 ± 0.061,0.528 ± 0.133,0.671 ± 0.083,0.340 ± 0.067,0.818 ± 0.051,0.408 ± 0.081,0.177 ± 0.108,0.166 ± 0.100
OS,specific,LumB,XGB-Cox,Clin+Genes,15,0.646 ± 0.033,0.645 ± 0.043,0.660 ± 0.063,0.719 ± 0.054,0.664 ± 0.071,0.198 ± 0.017,0.170 ± 0.024,0.720 ± 0.053,0.460 ± 0.077,0.738 ± 0.043,0.628 ± 0.058,0.413 ± 0.132,0.844 ± 0.054,0.460 ± 0.093,0.818 ± 0.049,0.424 ± 0.088,0.265 ± 0.105,0.259 ± 0.103
OS,specific,LumA,CoxPH,Clinical,15,0.722 ± 0.028,0.727 ± 0.035,0.731 ± 0.109,0.773 ± 0.057,0.762 ± 0.036,0.135 ± 0.014,0.091 ± 0.017,0.774 ± 0.057,0.427 ± 0.086,0.733 ± 0.087,0.688 ± 0.050,0.625 ± 0.179,0.751 ± 0.122,0.294 ± 0.106,0.934 ± 0.030,0.373 ± 0.068,0.287 ± 0.074,0.246 ± 0.084
OS,specific,LumA,CoxNet,Clinical,15,0.726 ± 0.032,0.733 ± 0.038,0.737 ± 0.110,0.771 ± 0.055,0.770 ± 0.036,0.132 ± 0.014,0.091 ± 0.016,0.772 ± 0.055,0.428 ± 0.101,0.744 ± 0.087,0.681 ± 0.054,0.595 ± 0.166,0.767 ± 0.117,0.291 ± 0.087,0.929 ± 0.030,0.371 ± 0.057,0.278 ± 0.073,0.245 ± 0.078
OS,specific,LumA,RSF,Clinical,15,0.717 ± 0.028,0.720 ± 0.032,0.735 ± 0.093,0.768 ± 0.052,0.754 ± 0.031,0.139 ± 0.012,0.096 ± 0.014,0.769 ± 0.053,0.389 ± 0.085,0.732 ± 0.094,0.659 ± 0.054,0.558 ± 0.215,0.760 ± 0.138,0.279 ± 0.100,0.924 ± 0.036,0.337 ± 0.043,0.247 ± 0.058,0.210 ± 0.056
OS,specific,LumA,ExtraSurvTrees,Clinical,15,0.690 ± 0.031,0.697 ± 0.032,0.680 ± 0.104,0.728 ± 0.058,0.728 ± 0.032,0.145 ± 0.013,0.100 ± 0.014,0.729 ± 0.058,0.341 ± 0.076,0.620 ± 0.127,0.625 ± 0.054,0.627 ± 0.206,0.623 ± 0.176,0.223 ± 0.114,0.921 ± 0.038,0.289 ± 0.051,0.181 ± 0.067,0.132 ± 0.067
OS,specific,LumA,GBSA,Clinical,15,0.732 ± 0.027,0.738 ± 0.033,0.782 ± 0.082,0.785 ± 0.055,0.774 ± 0.035,0.133 ± 0.014,0.090 ± 0.017,0.786 ± 0.055,0.442 ± 0.098,0.773 ± 0.081,0.694 ± 0.072,0.587 ± 0.177,0.802 ± 0.105,0.324 ± 0.090,0.930 ± 0.033,0.397 ± 0.078,0.310 ± 0.102,0.281 ± 0.103
OS,specific,LumA,CW-GBSA,Clinical,15,0.727 ± 0.030,0.731 ± 0.035,0.738 ± 0.111,0.769 ± 0.050,0.769 ± 0.036,0.133 ± 0.012,0.092 ± 0.015,0.770 ± 0.050,0.412 ± 0.082,0.714 ± 0.074,0.677 ± 0.053,0.625 ± 0.194,0.729 ± 0.113,0.265 ± 0.086,0.933 ± 0.032,0.351 ± 0.056,0.261 ± 0.064,0.216 ± 0.056
OS,specific,LumA,SurvSVM,Clinical,15,0.712 ± 0.024,0.720 ± 0.034,0.737 ± 0.080,0.761 ± 0.056,0.755 ± 0.040,,,0.762 ± 0.056,0.392 ± 0.092,0.702 ± 0.076,0.682 ± 0.062,0.653 ± 0.192,0.711 ± 0.111,0.252 ± 0.056,0.935 ± 0.035,0.350 ± 0.047,0.258 ± 0.067,0.210 ± 0.055
OS,specific,LumA,XGB-Cox,Clinical,15,0.727 ± 0.026,0.731 ± 0.033,0.766 ± 0.087,0.776 ± 0.056,0.764 ± 0.031,0.134 ± 0.013,0.090 ± 0.015,0.777 ± 0.056,0.429 ± 0.098,0.776 ± 0.064,0.709 ± 0.066,0.616 ± 0.153,0.802 ± 0.086,0.329 ± 0.112,0.935 ± 0.029,0.410 ± 0.086,0.327 ± 0.101,0.296 ± 0.101
OS,specific,LumA,CoxPH,Clin+Genes,15,0.703 ± 0.027,0.707 ± 0.034,0.715 ± 0.109,0.746 ± 0.057,0.741 ± 0.037,0.143 ± 0.016,0.096 ± 0.017,0.747 ± 0.058,0.384 ± 0.098,0.716 ± 0.072,0.680 ± 0.059,0.629 ± 0.166,0.731 ± 0.097,0.264 ± 0.078,0.931 ± 0.033,0.357 ± 0.072,0.262 ± 0.083,0.222 ± 0.084
OS,specific,LumA,CoxNet,Clin+Genes,15,0.710 ± 0.031,0.711 ± 0.035,0.721 ± 0.101,0.747 ± 0.061,0.749 ± 0.038,0.137 ± 0.013,0.095 ± 0.014,0.747 ± 0.061,0.395 ± 0.099,0.717 ± 0.067,0.669 ± 0.065,0.604 ± 0.172,0.734 ± 0.091,0.251 ± 0.053,0.927 ± 0.032,0.344 ± 0.051,0.243 ± 0.075,0.205 ± 0.060
OS,specific,LumA,RSF,Clin+Genes,15,0.697 ± 0.027,0.698 ± 0.029,0.706 ± 0.093,0.724 ± 0.047,0.734 ± 0.028,0.143 ± 0.012,0.099 ± 0.013,0.724 ± 0.047,0.309 ± 0.084,0.743 ± 0.061,0.641 ± 0.065,0.498 ± 0.186,0.783 ± 0.095,0.266 ± 0.106,0.915 ± 0.036,0.316 ± 0.071,0.218 ± 0.085,0.190 ± 0.078
OS,specific,LumA,ExtraSurvTrees,Clin+Genes,15,0.689 ± 0.029,0.690 ± 0.031,0.674 ± 0.096,0.710 ± 0.047,0.725 ± 0.031,0.146 ± 0.013,0.101 ± 0.013,0.711 ± 0.048,0.304 ± 0.067,0.661 ± 0.090,0.637 ± 0.053,0.599 ± 0.178,0.674 ± 0.126,0.216 ± 0.049,0.921 ± 0.036,0.302 ± 0.043,0.191 ± 0.059,0.150 ± 0.052
OS,specific,LumA,GBSA,Clin+Genes,15,0.713 ± 0.020,0.715 ± 0.027,0.750 ± 0.092,0.744 ± 0.051,0.750 ± 0.031,0.140 ± 0.012,0.097 ± 0.016,0.745 ± 0.050,0.344 ± 0.097,0.785 ± 0.060,0.663 ± 0.056,0.500 ± 0.132,0.827 ± 0.076,0.311 ± 0.101,0.919 ± 0.026,0.369 ± 0.077,0.271 ± 0.092,0.254 ± 0.091
OS,specific,LumA,CW-GBSA,Clin+Genes,15,0.722 ± 0.031,0.725 ± 0.034,0.729 ± 0.114,0.756 ± 0.053,0.761 ± 0.036,0.135 ± 0.013,0.094 ± 0.015,0.757 ± 0.053,0.398 ± 0.079,0.705 ± 0.084,0.690 ± 0.053,0.666 ± 0.171,0.714 ± 0.115,0.267 ± 0.077,0.937 ± 0.030,0.364 ± 0.063,0.274 ± 0.069,0.227 ± 0.073
OS,specific,LumA,SurvSVM,Clin+Genes,15,0.686 ± 0.026,0.691 ± 0.032,0.720 ± 0.087,0.717 ± 0.069,0.724 ± 0.040,,,0.718 ± 0.069,0.337 ± 0.095,0.681 ± 0.048,0.640 ± 0.062,0.583 ± 0.157,0.697 ± 0.069,0.217 ± 0.045,0.920 ± 0.035,0.309 ± 0.056,0.194 ± 0.078,0.157 ± 0.060
OS,specific,LumA,XGB-Cox,Clin+Genes,15,0.713 ± 0.023,0.716 ± 0.028,0.740 ± 0.100,0.738 ± 0.053,0.753 ± 0.028,0.142 ± 0.013,0.098 ± 0.016,0.739 ± 0.053,0.343 ± 0.097,0.771 ± 0.051,0.650 ± 0.056,0.487 ± 0.138,0.813 ± 0.066,0.282 ± 0.073,0.916 ± 0.029,0.344 ± 0.060,0.241 ± 0.077,0.222 ± 0.070
DSS,global,All,CoxPH,NPI,15,0.684 ± 0.028,0.684 ± 0.032,0.747 ± 0.043,0.745 ± 0.039,0.704 ± 0.039,0.132 ± 0.012,0.129 ± 0.010,0.746 ± 0.039,0.409 ± 0.077,0.672 ± 0.036,0.693 ± 0.027,0.725 ± 0.058,0.661 ± 0.048,0.328 ± 0.048,0.913 ± 0.020,0.449 ± 0.046,0.305 ± 0.048,0.262 ± 0.051
DSS,global,TNBC,CoxPH,NPI,15,0.656 ± 0.049,0.652 ± 0.055,0.722 ± 0.058,0.716 ± 0.061,0.664 ± 0.071,0.194 ± 0.022,0.205 ± 0.029,0.717 ± 0.060,0.566 ± 0.111,0.705 ± 0.070,0.662 ± 0.062,0.544 ± 0.089,0.780 ± 0.101,0.556 ± 0.147,0.783 ± 0.049,0.540 ± 0.098,0.330 ± 0.134,0.325 ± 0.133
DSS,global,Basal,CoxPH,NPI,15,0.629 ± 0.084,0.631 ± 0.085,0.712 ± 0.097,0.677 ± 0.092,0.630 ± 0.095,0.223 ± 0.026,0.237 ± 0.030,0.681 ± 0.090,0.556 ± 0.148,0.609 ± 0.071,0.608 ± 0.078,0.631 ± 0.205,0.586 ± 0.133,0.475 ± 0.111,0.751 ± 0.088,0.527 ± 0.129,0.220 ± 0.159,0.202 ± 0.143
DSS,global,HER2-enriched,CoxPH,NPI,15,0.661 ± 0.053,0.652 ± 0.058,0.712 ± 0.082,0.711 ± 0.061,0.698 ± 0.059,0.198 ± 0.026,0.212 ± 0.027,0.714 ± 0.060,0.571 ± 0.104,0.631 ± 0.071,0.638 ± 0.088,0.663 ± 0.205,0.612 ± 0.123,0.463 ± 0.111,0.795 ± 0.094,0.535 ± 0.122,0.266 ± 0.168,0.244 ± 0.155
DSS,global,Claudin-low,CoxPH,NPI,15,0.710 ± 0.079,0.699 ± 0.093,0.810 ± 0.083,0.765 ± 0.120,0.712 ± 0.101,0.128 ± 0.020,0.124 ± 0.024,0.767 ± 0.118,0.555 ± 0.163,0.739 ± 0.120,0.656 ± 0.095,0.532 ± 0.222,0.781 ± 0.169,0.445 ± 0.233,0.886 ± 0.052,0.431 ± 0.131,0.313 ± 0.180,0.285 ± 0.162
DSS,global,Aggressive (Basal/HER2/CL),CoxPH,NPI,15,0.667 ± 0.042,0.663 ± 0.044,0.743 ± 0.043,0.724 ± 0.048,0.685 ± 0.048,0.183 ± 0.015,0.191 ± 0.018,0.725 ± 0.047,0.529 ± 0.109,0.636 ± 0.035,0.660 ± 0.045,0.730 ± 0.124,0.590 ± 0.074,0.430 ± 0.056,0.844 ± 0.034,0.539 ± 0.077,0.296 ± 0.082,0.267 ± 0.074
DSS,global,LumB,CoxPH,NPI,15,0.653 ± 0.052,0.657 ± 0.059,0.640 ± 0.094,0.703 ± 0.076,0.686 ± 0.070,0.142 ± 0.021,0.145 ± 0.017,0.704 ± 0.076,0.374 ± 0.105,0.646 ± 0.050,0.658 ± 0.062,0.679 ± 0.124,0.636 ± 0.066,0.315 ± 0.060,0.889 ± 0.040,0.428 ± 0.074,0.253 ± 0.097,0.218 ± 0.087
DSS,global,LumA,CoxPH,NPI,15,0.645 ± 0.065,0.640 ± 0.072,0.659 ± 0.135,0.695 ± 0.102,0.653 ± 0.084,0.081 ± 0.012,0.067 ± 0.013,0.694 ± 0.101,0.270 ± 0.134,0.725 ± 0.043,0.636 ± 0.081,0.528 ± 0.195,0.743 ± 0.057,0.135 ± 0.061,0.951 ± 0.025,0.210 ± 0.085,0.151 ± 0.098,0.109 ± 0.083
DSS,global,All,CoxPH,Clinical,15,0.705 ± 0.027,0.707 ± 0.028,0.744 ± 0.039,0.765 ± 0.037,0.734 ± 0.033,0.125 ± 0.013,0.123 ± 0.010,0.766 ± 0.037,0.448 ± 0.081,0.720 ± 0.038,0.692 ± 0.040,0.647 ± 0.107,0.737 ± 0.059,0.361 ± 0.056,0.903 ± 0.028,0.459 ± 0.055,0.319 ± 0.065,0.293 ± 0.063
DSS,global,TNBC,CoxPH,Clinical,15,0.648 ± 0.057,0.641 ± 0.062,0.700 ± 0.059,0.705 ± 0.069,0.649 ± 0.080,0.192 ± 0.024,0.198 ± 0.028,0.706 ± 0.069,0.600 ± 0.115,0.678 ± 0.068,0.644 ± 0.074,0.555 ± 0.136,0.734 ± 0.088,0.504 ± 0.138,0.779 ± 0.067,0.520 ± 0.115,0.286 ± 0.150,0.279 ± 0.148
DSS,global,Basal,CoxPH,Clinical,15,0.590 ± 0.051,0.589 ± 0.052,0.643 ± 0.064,0.619 ± 0.075,0.584 ± 0.070,0.225 ± 0.029,0.236 ± 0.031,0.623 ± 0.072,0.551 ± 0.128,0.616 ± 0.068,0.579 ± 0.072,0.437 ± 0.185,0.722 ± 0.147,0.485 ± 0.140,0.694 ± 0.073,0.439 ± 0.133,0.168 ± 0.149,0.158 ± 0.142
DSS,global,HER2-enriched,CoxPH,Clinical,15,0.686 ± 0.062,0.684 ± 0.065,0.741 ± 0.066,0.754 ± 0.065,0.739 ± 0.076,0.178 ± 0.025,0.186 ± 0.023,0.756 ± 0.066,0.623 ± 0.103,0.697 ± 0.054,0.710 ± 0.059,0.755 ± 0.137,0.664 ± 0.093,0.534 ± 0.061,0.850 ± 0.072,0.620 ± 0.072,0.401 ± 0.109,0.378 ± 0.101
DSS,global,Claudin-low,CoxPH,Clinical,15,0.687 ± 0.082,0.680 ± 0.084,0.763 ± 0.093,0.720 ± 0.128,0.691 ± 0.099,0.124 ± 0.021,0.119 ± 0.021,0.722 ± 0.126,0.561 ± 0.161,0.809 ± 0.051,0.682 ± 0.058,0.482 ± 0.114,0.881 ± 0.065,0.508 ± 0.201,0.884 ± 0.033,0.477 ± 0.116,0.373 ± 0.137,0.363 ± 0.131
DSS,global,Aggressive (Basal/HER2/CL),CoxPH,Clinical,15,0.672 ± 0.034,0.671 ± 0.033,0.715 ± 0.033,0.727 ± 0.039,0.702 ± 0.039,0.176 ± 0.017,0.180 ± 0.016,0.728 ± 0.039,0.555 ± 0.094,0.686 ± 0.051,0.664 ± 0.044,0.617 ± 0.112,0.711 ± 0.091,0.483 ± 0.067,0.817 ± 0.039,0.537 ± 0.066,0.313 ± 0.084,0.304 ± 0.083
DSS,global,LumB,CoxPH,Clinical,15,0.653 ± 0.046,0.656 ± 0.061,0.631 ± 0.097,0.688 ± 0.068,0.689 ± 0.077,0.142 ± 0.023,0.149 ± 0.020,0.688 ± 0.069,0.368 ± 0.083,0.659 ± 0.063,0.645 ± 0.070,0.627 ± 0.158,0.663 ± 0.087,0.314 ± 0.057,0.880 ± 0.048,0.417 ± 0.084,0.237 ± 0.114,0.209 ± 0.101
DSS,global,LumA,CoxPH,Clinical,15,0.681 ± 0.059,0.680 ± 0.068,0.671 ± 0.159,0.736 ± 0.090,0.700 ± 0.078,0.071 ± 0.014,0.057 ± 0.013,0.735 ± 0.091,0.320 ± 0.144,0.722 ± 0.066,0.669 ± 0.092,0.606 ± 0.176,0.733 ± 0.073,0.157 ± 0.066,0.957 ± 0.025,0.244 ± 0.091,0.195 ± 0.112,0.145 ± 0.095
DSS,global,All,CoxNet,Clinical,15,0.711 ± 0.028,0.713 ± 0.031,0.770 ± 0.039,0.777 ± 0.040,0.739 ± 0.035,0.125 ± 0.013,0.123 ± 0.010,0.778 ± 0.040,0.455 ± 0.074,0.731 ± 0.034,0.709 ± 0.028,0.673 ± 0.094,0.745 ± 0.057,0.378 ± 0.047,0.910 ± 0.024,0.479 ± 0.042,0.346 ± 0.043,0.319 ± 0.045
DSS,global,TNBC,CoxNet,Clinical,15,0.650 ± 0.045,0.646 ± 0.052,0.722 ± 0.048,0.712 ± 0.053,0.656 ± 0.068,0.192 ± 0.023,0.200 ± 0.028,0.714 ± 0.052,0.600 ± 0.115,0.681 ± 0.065,0.654 ± 0.049,0.588 ± 0.090,0.720 ± 0.102,0.520 ± 0.139,0.787 ± 0.054,0.541 ± 0.080,0.306 ± 0.115,0.298 ± 0.110
DSS,global,Basal,CoxNet,Clinical,15,0.607 ± 0.058,0.607 ± 0.060,0.693 ± 0.079,0.645 ± 0.078,0.604 ± 0.076,0.225 ± 0.027,0.238 ± 0.029,0.650 ± 0.076,0.556 ± 0.136,0.627 ± 0.066,0.608 ± 0.058,0.559 ± 0.111,0.658 ± 0.124,0.495 ± 0.100,0.719 ± 0.053,0.520 ± 0.088,0.216 ± 0.115,0.212 ± 0.117
DSS,global,HER2-enriched,CoxNet,Clinical,15,0.680 ± 0.059,0.676 ± 0.063,0.735 ± 0.074,0.747 ± 0.058,0.726 ± 0.076,0.182 ± 0.026,0.191 ± 0.027,0.750 ± 0.058,0.622 ± 0.108,0.698 ± 0.069,0.699 ± 0.065,0.701 ± 0.138,0.696 ± 0.114,0.543 ± 0.082,0.827 ± 0.070,0.604 ± 0.082,0.383 ± 0.118,0.368 ± 0.119
DSS,global,Claudin-low,CoxNet,Clinical,15,0.705 ± 0.080,0.699 ± 0.087,0.789 ± 0.103,0.744 ± 0.135,0.715 ± 0.098,0.122 ± 0.017,0.118 ± 0.019,0.746 ± 0.134,0.587 ± 0.179,0.816 ± 0.038,0.692 ± 0.064,0.498 ± 0.175,0.885 ± 0.075,0.544 ± 0.203,0.890 ± 0.034,0.485 ± 0.111,0.398 ± 0.117,0.378 ± 0.108
DSS,global,Aggressive (Basal/HER2/CL),CoxNet,Clinical,15,0.673 ± 0.033,0.671 ± 0.033,0.738 ± 0.040,0.731 ± 0.039,0.701 ± 0.037,0.176 ± 0.016,0.182 ± 0.017,0.732 ± 0.039,0.558 ± 0.094,0.700 ± 0.064,0.669 ± 0.041,0.600 ± 0.100,0.738 ± 0.112,0.508 ± 0.074,0.814 ± 0.030,0.543 ± 0.060,0.330 ± 0.081,0.323 ± 0.085
DSS,global,LumB,CoxNet,Clinical,15,0.669 ± 0.043,0.674 ± 0.053,0.657 ± 0.101,0.716 ± 0.067,0.710 ± 0.062,0.141 ± 0.021,0.147 ± 0.018,0.716 ± 0.068,0.374 ± 0.086,0.717 ± 0.047,0.665 ± 0.068,0.586 ± 0.181,0.744 ± 0.079,0.363 ± 0.072,0.885 ± 0.040,0.441 ± 0.100,0.285 ± 0.112,0.265 ± 0.100
DSS,global,LumA,CoxNet,Clinical,15,0.682 ± 0.067,0.680 ± 0.077,0.687 ± 0.162,0.737 ± 0.098,0.700 ± 0.087,0.072 ± 0.014,0.058 ± 0.013,0.736 ± 0.099,0.327 ± 0.151,0.771 ± 0.053,0.706 ± 0.081,0.628 ± 0.158,0.784 ± 0.058,0.188 ± 0.049,0.961 ± 0.025,0.283 ± 0.060,0.245 ± 0.085,0.192 ± 0.069
DSS,global,All,RSF,Clinical,15,0.721 ± 0.024,0.722 ± 0.027,0.787 ± 0.035,0.793 ± 0.035,0.744 ± 0.034,0.122 ± 0.012,0.119 ± 0.010,0.793 ± 0.035,0.470 ± 0.068,0.736 ± 0.022,0.726 ± 0.023,0.710 ± 0.050,0.742 ± 0.029,0.385 ± 0.036,0.918 ± 0.019,0.498 ± 0.034,0.370 ± 0.037,0.340 ± 0.036
DSS,global,TNBC,RSF,Clinical,15,0.670 ± 0.036,0.666 ± 0.042,0.746 ± 0.034,0.731 ± 0.043,0.683 ± 0.068,0.185 ± 0.018,0.191 ± 0.021,0.733 ± 0.043,0.600 ± 0.112,0.667 ± 0.061,0.660 ± 0.054,0.640 ± 0.088,0.679 ± 0.092,0.492 ± 0.124,0.803 ± 0.032,0.549 ± 0.103,0.307 ± 0.114,0.298 ± 0.116
DSS,global,Basal,RSF,Clinical,15,0.625 ± 0.064,0.626 ± 0.062,0.708 ± 0.062,0.654 ± 0.086,0.626 ± 0.079,0.215 ± 0.023,0.225 ± 0.023,0.657 ± 0.085,0.555 ± 0.143,0.620 ± 0.074,0.612 ± 0.079,0.593 ± 0.126,0.631 ± 0.080,0.482 ± 0.119,0.730 ± 0.061,0.529 ± 0.117,0.218 ± 0.157,0.214 ± 0.157
DSS,global,HER2-enriched,RSF,Clinical,15,0.679 ± 0.057,0.677 ± 0.063,0.733 ± 0.056,0.766 ± 0.052,0.731 ± 0.083,0.179 ± 0.021,0.184 ± 0.019,0.768 ± 0.052,0.623 ± 0.086,0.670 ± 0.072,0.681 ± 0.055,0.708 ± 0.111,0.655 ± 0.127,0.519 ± 0.084,0.817 ± 0.072,0.589 ± 0.055,0.349 ± 0.104,0.330 ± 0.106
DSS,global,Claudin-low,RSF,Clinical,15,0.724 ± 0.068,0.707 ± 0.082,0.847 ± 0.055,0.797 ± 0.103,0.713 ± 0.111,0.122 ± 0.018,0.115 ± 0.018,0.800 ± 0.102,0.619 ± 0.162,0.742 ± 0.087,0.698 ± 0.105,0.632 ± 0.216,0.765 ± 0.122,0.418 ± 0.199,0.903 ± 0.051,0.470 ± 0.139,0.349 ± 0.176,0.320 ± 0.162
DSS,global,Aggressive (Basal/HER2/CL),RSF,Clinical,15,0.683 ± 0.021,0.680 ± 0.021,0.754 ± 0.021,0.751 ± 0.024,0.707 ± 0.035,0.172 ± 0.013,0.175 ± 0.014,0.752 ± 0.024,0.559 ± 0.078,0.677 ± 0.032,0.677 ± 0.022,0.676 ± 0.076,0.678 ± 0.067,0.476 ± 0.072,0.833 ± 0.029,0.553 ± 0.048,0.330 ± 0.048,0.314 ± 0.050
DSS,global,LumB,RSF,Clinical,15,0.673 ± 0.044,0.676 ± 0.055,0.662 ± 0.083,0.722 ± 0.061,0.707 ± 0.070,0.136 ± 0.019,0.141 ± 0.016,0.722 ± 0.061,0.379 ± 0.096,0.653 ± 0.049,0.670 ± 0.068,0.702 ± 0.192,0.638 ± 0.095,0.321 ± 0.061,0.904 ± 0.046,0.434 ± 0.095,0.276 ± 0.108,0.231 ± 0.089
DSS,global,LumA,RSF,Clinical,15,0.707 ± 0.063,0.709 ± 0.072,0.715 ± 0.144,0.772 ± 0.086,0.730 ± 0.082,0.070 ± 0.014,0.057 ± 0.014,0.771 ± 0.086,0.326 ± 0.150,0.724 ± 0.121,0.709 ± 0.079,0.689 ± 0.184,0.729 ± 0.138,0.188 ± 0.073,0.966 ± 0.024,0.281 ± 0.094,0.250 ± 0.104,0.190 ± 0.102
DSS,global,All,ExtraSurvTrees,Clinical,15,0.707 ± 0.023,0.709 ± 0.025,0.777 ± 0.036,0.775 ± 0.037,0.725 ± 0.030,0.127 ± 0.013,0.123 ± 0.011,0.776 ± 0.036,0.440 ± 0.045,0.712 ± 0.035,0.706 ± 0.041,0.696 ± 0.085,0.715 ± 0.047,0.357 ± 0.038,0.912 ± 0.027,0.470 ± 0.041,0.332 ± 0.060,0.299 ± 0.054
DSS,global,TNBC,ExtraSurvTrees,Clinical,15,0.650 ± 0.035,0.647 ± 0.038,0.719 ± 0.046,0.700 ± 0.041,0.650 ± 0.069,0.193 ± 0.019,0.201 ± 0.024,0.701 ± 0.041,0.562 ± 0.096,0.642 ± 0.070,0.626 ± 0.037,0.587 ± 0.150,0.665 ± 0.164,0.477 ± 0.108,0.777 ± 0.081,0.507 ± 0.060,0.252 ± 0.088,0.236 ± 0.085
DSS,global,Basal,ExtraSurvTrees,Clinical,15,0.597 ± 0.061,0.599 ± 0.057,0.684 ± 0.066,0.612 ± 0.084,0.585 ± 0.072,0.218 ± 0.022,0.231 ± 0.023,0.615 ± 0.082,0.512 ± 0.117,0.614 ± 0.077,0.596 ± 0.076,0.546 ± 0.138,0.647 ± 0.116,0.479 ± 0.103,0.711 ± 0.071,0.504 ± 0.114,0.191 ± 0.147,0.188 ± 0.145
DSS,global,HER2-enriched,ExtraSurvTrees,Clinical,15,0.659 ± 0.065,0.658 ± 0.070,0.701 ± 0.076,0.735 ± 0.071,0.703 ± 0.100,0.186 ± 0.023,0.192 ± 0.022,0.736 ± 0.072,0.575 ± 0.083,0.690 ± 0.063,0.676 ± 0.059,0.642 ± 0.154,0.710 ± 0.120,0.537 ± 0.082,0.805 ± 0.069,0.575 ± 0.084,0.347 ± 0.113,0.334 ± 0.109
DSS,global,Claudin-low,ExtraSurvTrees,Clinical,15,0.706 ± 0.069,0.692 ± 0.088,0.833 ± 0.055,0.772 ± 0.082,0.682 ± 0.120,0.130 ± 0.020,0.125 ± 0.024,0.773 ± 0.079,0.549 ± 0.118,0.693 ± 0.085,0.680 ± 0.091,0.660 ± 0.208,0.700 ± 0.131,0.367 ± 0.192,0.902 ± 0.060,0.437 ± 0.103,0.304 ± 0.151,0.262 ± 0.128
DSS,global,Aggressive (Basal/HER2/CL),ExtraSurvTrees,Clinical,15,0.665 ± 0.025,0.663 ± 0.026,0.731 ± 0.038,0.726 ± 0.036,0.681 ± 0.043,0.178 ± 0.015,0.183 ± 0.016,0.727 ± 0.036,0.515 ± 0.060,0.669 ± 0.054,0.662 ± 0.037,0.651 ± 0.104,0.673 ± 0.107,0.468 ± 0.067,0.821 ± 0.043,0.538 ± 0.050,0.306 ± 0.072,0.291 ± 0.073
DSS,global,LumB,ExtraSurvTrees,Clinical,15,0.649 ± 0.054,0.652 ± 0.062,0.630 ± 0.111,0.687 ± 0.073,0.682 ± 0.079,0.141 ± 0.020,0.145 ± 0.018,0.687 ± 0.073,0.374 ± 0.102,0.643 ± 0.085,0.641 ± 0.063,0.643 ± 0.113,0.640 ± 0.115,0.316 ± 0.073,0.879 ± 0.040,0.419 ± 0.079,0.234 ± 0.108,0.207 ± 0.105
DSS,global,LumA,ExtraSurvTrees,Clinical,15,0.693 ± 0.063,0.696 ± 0.078,0.691 ± 0.148,0.754 ± 0.093,0.714 ± 0.087,0.072 ± 0.015,0.058 ± 0.014,0.753 ± 0.093,0.313 ± 0.167,0.768 ± 0.057,0.700 ± 0.087,0.618 ± 0.161,0.781 ± 0.057,0.184 ± 0.058,0.959 ± 0.027,0.279 ± 0.077,0.237 ± 0.103,0.186 ± 0.089
DSS,global,All,GBSA,Clinical,15,0.715 ± 0.025,0.715 ± 0.026,0.771 ± 0.036,0.784 ± 0.036,0.742 ± 0.028,0.126 ± 0.012,0.123 ± 0.009,0.785 ± 0.036,0.443 ± 0.071,0.733 ± 0.030,0.711 ± 0.038,0.676 ± 0.101,0.746 ± 0.050,0.379 ± 0.053,0.911 ± 0.028,0.481 ± 0.048,0.349 ± 0.058,0.321 ± 0.053
DSS,global,TNBC,GBSA,Clinical,15,0.665 ± 0.049,0.659 ± 0.056,0.731 ± 0.052,0.726 ± 0.057,0.668 ± 0.073,0.193 ± 0.023,0.199 ± 0.027,0.728 ± 0.057,0.574 ± 0.109,0.667 ± 0.054,0.640 ± 0.066,0.575 ± 0.143,0.704 ± 0.081,0.482 ± 0.114,0.783 ± 0.057,0.517 ± 0.112,0.272 ± 0.126,0.265 ± 0.124
DSS,global,Basal,GBSA,Clinical,15,0.606 ± 0.066,0.605 ± 0.065,0.675 ± 0.078,0.641 ± 0.082,0.594 ± 0.077,0.235 ± 0.036,0.246 ± 0.036,0.644 ± 0.082,0.521 ± 0.129,0.622 ± 0.055,0.586 ± 0.062,0.486 ± 0.194,0.687 ± 0.132,0.477 ± 0.109,0.705 ± 0.048,0.465 ± 0.147,0.176 ± 0.121,0.170 ± 0.121
DSS,global,HER2-enriched,GBSA,Clinical,15,0.685 ± 0.052,0.682 ± 0.057,0.746 ± 0.059,0.759 ± 0.048,0.741 ± 0.073,0.180 ± 0.023,0.189 ± 0.020,0.761 ± 0.048,0.611 ± 0.091,0.719 ± 0.066,0.690 ± 0.059,0.612 ± 0.130,0.768 ± 0.114,0.583 ± 0.093,0.801 ± 0.043,0.588 ± 0.097,0.381 ± 0.114,0.375 ± 0.119
DSS,global,Claudin-low,GBSA,Clinical,15,0.716 ± 0.071,0.700 ± 0.079,0.810 ± 0.069,0.776 ± 0.111,0.712 ± 0.102,0.122 ± 0.018,0.114 ± 0.020,0.778 ± 0.109,0.611 ± 0.163,0.765 ± 0.078,0.674 ± 0.086,0.536 ± 0.192,0.813 ± 0.113,0.466 ± 0.246,0.890 ± 0.043,0.454 ± 0.132,0.341 ± 0.167,0.317 ± 0.151
DSS,global,Aggressive (Basal/HER2/CL),GBSA,Clinical,15,0.675 ± 0.033,0.671 ± 0.033,0.737 ± 0.031,0.738 ± 0.037,0.699 ± 0.039,0.179 ± 0.016,0.183 ± 0.017,0.739 ± 0.037,0.538 ± 0.087,0.689 ± 0.047,0.666 ± 0.038,0.614 ± 0.095,0.718 ± 0.083,0.488 ± 0.069,0.816 ± 0.033,0.539 ± 0.061,0.317 ± 0.074,0.309 ± 0.076
DSS,global,LumB,GBSA,Clinical,15,0.682 ± 0.037,0.683 ± 0.051,0.682 ± 0.090,0.731 ± 0.063,0.713 ± 0.065,0.138 ± 0.021,0.143 ± 0.018,0.731 ± 0.063,0.389 ± 0.088,0.702 ± 0.043,0.678 ± 0.064,0.643 ± 0.146,0.714 ± 0.060,0.357 ± 0.078,0.893 ± 0.036,0.455 ± 0.093,0.298 ± 0.108,0.272 ± 0.099
DSS,global,LumA,GBSA,Clinical,15,0.697 ± 0.057,0.700 ± 0.064,0.731 ± 0.127,0.779 ± 0.083,0.723 ± 0.073,0.073 ± 0.013,0.058 ± 0.013,0.778 ± 0.083,0.320 ± 0.122,0.754 ± 0.062,0.717 ± 0.080,0.669 ± 0.189,0.765 ± 0.075,0.196 ± 0.103,0.964 ± 0.026,0.285 ± 0.092,0.255 ± 0.099,0.196 ± 0.101
DSS,global,All,CW-GBSA,Clinical,15,0.712 ± 0.026,0.713 ± 0.028,0.767 ± 0.039,0.775 ± 0.038,0.738 ± 0.032,0.126 ± 0.012,0.124 ± 0.010,0.776 ± 0.038,0.445 ± 0.074,0.723 ± 0.032,0.709 ± 0.032,0.688 ± 0.090,0.731 ± 0.051,0.369 ± 0.045,0.912 ± 0.024,0.477 ± 0.042,0.343 ± 0.049,0.312 ± 0.046
DSS,global,TNBC,CW-GBSA,Clinical,15,0.654 ± 0.043,0.650 ± 0.051,0.722 ± 0.048,0.716 ± 0.056,0.657 ± 0.067,0.195 ± 0.024,0.204 ± 0.029,0.718 ± 0.055,0.590 ± 0.111,0.675 ± 0.056,0.643 ± 0.048,0.561 ± 0.117,0.724 ± 0.094,0.504 ± 0.117,0.779 ± 0.054,0.520 ± 0.083,0.283 ± 0.101,0.275 ± 0.096
DSS,global,Basal,CW-GBSA,Clinical,15,0.617 ± 0.058,0.618 ± 0.059,0.703 ± 0.067,0.656 ± 0.074,0.608 ± 0.071,0.227 ± 0.026,0.241 ± 0.029,0.660 ± 0.073,0.557 ± 0.129,0.639 ± 0.058,0.610 ± 0.069,0.526 ± 0.159,0.694 ± 0.102,0.497 ± 0.116,0.721 ± 0.054,0.505 ± 0.130,0.219 ± 0.138,0.216 ± 0.138
DSS,global,HER2-enriched,CW-GBSA,Clinical,15,0.670 ± 0.055,0.667 ± 0.059,0.722 ± 0.072,0.731 ± 0.051,0.715 ± 0.082,0.183 ± 0.023,0.193 ± 0.023,0.733 ± 0.052,0.608 ± 0.100,0.660 ± 0.064,0.663 ± 0.051,0.678 ± 0.134,0.648 ± 0.128,0.501 ± 0.076,0.806 ± 0.062,0.567 ± 0.069,0.316 ± 0.097,0.299 ± 0.096
DSS,global,Claudin-low,CW-GBSA,Clinical,15,0.708 ± 0.080,0.700 ± 0.090,0.797 ± 0.102,0.753 ± 0.128,0.712 ± 0.096,0.123 ± 0.018,0.119 ± 0.021,0.755 ± 0.127,0.591 ± 0.159,0.783 ± 0.080,0.669 ± 0.076,0.496 ± 0.177,0.843 ± 0.110,0.495 ± 0.242,0.884 ± 0.041,0.454 ± 0.119,0.347 ± 0.156,0.325 ± 0.140
DSS,global,Aggressive (Basal/HER2/CL),CW-GBSA,Clinical,15,0.674 ± 0.031,0.672 ± 0.031,0.734 ± 0.040,0.730 ± 0.036,0.701 ± 0.036,0.178 ± 0.015,0.184 ± 0.016,0.731 ± 0.036,0.548 ± 0.086,0.697 ± 0.037,0.675 ± 0.035,0.626 ± 0.080,0.723 ± 0.066,0.493 ± 0.062,0.822 ± 0.027,0.549 ± 0.058,0.331 ± 0.068,0.324 ± 0.068
DSS,global,LumB,CW-GBSA,Clinical,15,0.673 ± 0.042,0.677 ± 0.050,0.659 ± 0.099,0.714 ± 0.067,0.714 ± 0.060,0.141 ± 0.021,0.147 ± 0.018,0.714 ± 0.067,0.374 ± 0.098,0.693 ± 0.056,0.660 ± 0.071,0.615 ± 0.183,0.706 ± 0.092,0.341 ± 0.080,0.887 ± 0.042,0.434 ± 0.102,0.270 ± 0.119,0.244 ± 0.107
DSS,global,LumA,CW-GBSA,Clinical,15,0.681 ± 0.064,0.678 ± 0.074,0.689 ± 0.157,0.744 ± 0.096,0.697 ± 0.088,0.073 ± 0.014,0.058 ± 0.013,0.743 ± 0.097,0.308 ± 0.149,0.755 ± 0.055,0.708 ± 0.086,0.651 ± 0.174,0.765 ± 0.062,0.180 ± 0.049,0.962 ± 0.025,0.275 ± 0.062,0.240 ± 0.088,0.182 ± 0.069
DSS,global,All,SurvSVM,Clinical,15,0.709 ± 0.024,0.711 ± 0.025,0.766 ± 0.037,0.773 ± 0.035,0.735 ± 0.031,,,0.774 ± 0.035,0.457 ± 0.080,0.744 ± 0.025,0.708 ± 0.031,0.650 ± 0.071,0.765 ± 0.034,0.386 ± 0.043,0.906 ± 0.021,0.483 ± 0.043,0.348 ± 0.050,0.327 ± 0.047
DSS,global,TNBC,SurvSVM,Clinical,15,0.649 ± 0.051,0.646 ± 0.056,0.706 ± 0.047,0.705 ± 0.057,0.651 ± 0.075,,,0.707 ± 0.057,0.584 ± 0.117,0.659 ± 0.055,0.651 ± 0.041,0.631 ± 0.106,0.670 ± 0.105,0.484 ± 0.112,0.797 ± 0.038,0.538 ± 0.089,0.291 ± 0.089,0.279 ± 0.094
DSS,global,Basal,SurvSVM,Clinical,15,0.607 ± 0.052,0.607 ± 0.055,0.672 ± 0.067,0.637 ± 0.077,0.606 ± 0.075,,,0.641 ± 0.075,0.552 ± 0.136,0.586 ± 0.060,0.590 ± 0.061,0.616 ± 0.155,0.565 ± 0.112,0.452 ± 0.101,0.726 ± 0.067,0.514 ± 0.103,0.179 ± 0.123,0.167 ± 0.115
DSS,global,HER2-enriched,SurvSVM,Clinical,15,0.677 ± 0.053,0.674 ± 0.055,0.744 ± 0.067,0.741 ± 0.054,0.721 ± 0.073,,,0.743 ± 0.055,0.620 ± 0.091,0.645 ± 0.068,0.678 ± 0.064,0.777 ± 0.120,0.580 ± 0.116,0.487 ± 0.063,0.839 ± 0.080,0.593 ± 0.058,0.341 ± 0.112,0.308 ± 0.107
DSS,global,Claudin-low,SurvSVM,Clinical,15,0.681 ± 0.089,0.672 ± 0.097,0.782 ± 0.090,0.724 ± 0.129,0.677 ± 0.115,,,0.726 ± 0.127,0.557 ± 0.164,0.779 ± 0.069,0.690 ± 0.072,0.557 ± 0.170,0.824 ± 0.099,0.455 ± 0.191,0.894 ± 0.041,0.476 ± 0.121,0.359 ± 0.148,0.341 ± 0.139
DSS,global,Aggressive (Basal/HER2/CL),SurvSVM,Clinical,15,0.675 ± 0.032,0.673 ± 0.031,0.738 ± 0.030,0.734 ± 0.030,0.698 ± 0.038,,,0.735 ± 0.030,0.557 ± 0.088,0.663 ± 0.032,0.680 ± 0.030,0.723 ± 0.087,0.637 ± 0.065,0.459 ± 0.054,0.846 ± 0.039,0.558 ± 0.047,0.331 ± 0.054,0.307 ± 0.052
DSS,global,LumB,SurvSVM,Clinical,15,0.650 ± 0.041,0.655 ± 0.055,0.631 ± 0.079,0.683 ± 0.065,0.685 ± 0.072,,,0.683 ± 0.065,0.367 ± 0.081,0.688 ± 0.060,0.645 ± 0.070,0.578 ± 0.167,0.712 ± 0.087,0.332 ± 0.062,0.875 ± 0.047,0.417 ± 0.088,0.244 ± 0.114,0.224 ± 0.102
DSS,global,LumA,SurvSVM,Clinical,15,0.693 ± 0.059,0.694 ± 0.070,0.678 ± 0.159,0.745 ± 0.086,0.716 ± 0.083,,,0.744 ± 0.087,0.333 ± 0.156,0.720 ± 0.071,0.681 ± 0.080,0.633 ± 0.195,0.729 ± 0.086,0.157 ± 0.043,0.960 ± 0.026,0.244 ± 0.060,0.203 ± 0.082,0.145 ± 0.060
DSS,global,All,XGB-Cox,Clinical,15,0.711 ± 0.027,0.713 ± 0.028,0.762 ± 0.038,0.776 ± 0.038,0.740 ± 0.032,0.125 ± 0.012,0.122 ± 0.009,0.776 ± 0.038,0.452 ± 0.075,0.745 ± 0.023,0.702 ± 0.037,0.635 ± 0.089,0.770 ± 0.036,0.385 ± 0.050,0.903 ± 0.025,0.476 ± 0.052,0.341 ± 0.058,0.322 ± 0.056
DSS,global,TNBC,XGB-Cox,Clinical,15,0.661 ± 0.056,0.655 ± 0.061,0.722 ± 0.056,0.722 ± 0.063,0.661 ± 0.074,0.189 ± 0.023,0.192 ± 0.026,0.724 ± 0.063,0.593 ± 0.124,0.675 ± 0.051,0.649 ± 0.073,0.572 ± 0.156,0.725 ± 0.077,0.497 ± 0.128,0.787 ± 0.068,0.521 ± 0.119,0.290 ± 0.138,0.282 ± 0.134
DSS,global,Basal,XGB-Cox,Clinical,15,0.602 ± 0.062,0.601 ± 0.059,0.662 ± 0.078,0.627 ± 0.088,0.592 ± 0.066,0.230 ± 0.037,0.240 ± 0.039,0.631 ± 0.087,0.542 ± 0.137,0.612 ± 0.064,0.582 ± 0.067,0.485 ± 0.183,0.679 ± 0.130,0.472 ± 0.097,0.700 ± 0.075,0.465 ± 0.117,0.168 ± 0.129,0.161 ± 0.125
DSS,global,HER2-enriched,XGB-Cox,Clinical,15,0.688 ± 0.057,0.686 ± 0.060,0.759 ± 0.057,0.761 ± 0.054,0.741 ± 0.072,0.178 ± 0.021,0.184 ± 0.019,0.763 ± 0.054,0.627 ± 0.100,0.702 ± 0.053,0.667 ± 0.059,0.565 ± 0.143,0.768 ± 0.092,0.558 ± 0.099,0.783 ± 0.055,0.552 ± 0.098,0.337 ± 0.115,0.330 ± 0.116
DSS,global,Claudin-low,XGB-Cox,Clinical,15,0.710 ± 0.079,0.693 ± 0.084,0.793 ± 0.070,0.773 ± 0.111,0.700 ± 0.101,0.120 ± 0.020,0.110 ± 0.019,0.775 ± 0.110,0.600 ± 0.155,0.761 ± 0.085,0.671 ± 0.069,0.534 ± 0.193,0.807 ± 0.133,0.455 ± 0.219,0.889 ± 0.042,0.449 ± 0.120,0.334 ± 0.147,0.309 ± 0.137
DSS,global,Aggressive (Basal/HER2/CL),XGB-Cox,Clinical,15,0.676 ± 0.034,0.673 ± 0.033,0.734 ± 0.026,0.737 ± 0.038,0.702 ± 0.040,0.176 ± 0.015,0.178 ± 0.017,0.738 ± 0.038,0.561 ± 0.092,0.699 ± 0.032,0.667 ± 0.044,0.590 ± 0.129,0.743 ± 0.070,0.496 ± 0.058,0.814 ± 0.047,0.533 ± 0.066,0.321 ± 0.075,0.313 ± 0.069
DSS,global,LumB,XGB-Cox,Clinical,15,0.668 ± 0.041,0.671 ± 0.051,0.677 ± 0.091,0.708 ± 0.068,0.700 ± 0.065,0.139 ± 0.020,0.144 ± 0.018,0.709 ± 0.068,0.381 ± 0.100,0.702 ± 0.031,0.656 ± 0.062,0.586 ± 0.134,0.727 ± 0.033,0.344 ± 0.077,0.880 ± 0.033,0.432 ± 0.095,0.265 ± 0.106,0.247 ± 0.097
DSS,global,LumA,XGB-Cox,Clinical,15,0.699 ± 0.057,0.705 ± 0.062,0.697 ± 0.158,0.761 ± 0.088,0.727 ± 0.074,0.072 ± 0.014,0.058 ± 0.013,0.760 ± 0.089,0.290 ± 0.096,0.809 ± 0.078,0.674 ± 0.080,0.514 ± 0.183,0.834 ± 0.088,0.217 ± 0.107,0.954 ± 0.023,0.287 ± 0.104,0.238 ± 0.115,0.206 ± 0.115
DSS,global,All,CoxPH,Genes,15,0.652 ± 0.029,0.656 ± 0.032,0.691 ± 0.040,0.693 ± 0.043,0.674 ± 0.038,0.137 ± 0.014,0.135 ± 0.013,0.693 ± 0.043,0.335 ± 0.045,0.638 ± 0.046,0.646 ± 0.036,0.656 ± 0.080,0.635 ± 0.063,0.292 ± 0.042,0.890 ± 0.029,0.401 ± 0.042,0.230 ± 0.056,0.196 ± 0.053
DSS,global,TNBC,CoxPH,Genes,15,0.520 ± 0.076,0.516 ± 0.075,0.519 ± 0.095,0.544 ± 0.090,0.522 ± 0.099,0.218 ± 0.026,0.227 ± 0.035,0.544 ± 0.090,0.418 ± 0.112,0.551 ± 0.083,0.509 ± 0.061,0.411 ± 0.184,0.608 ± 0.182,0.343 ± 0.098,0.686 ± 0.092,0.357 ± 0.102,0.024 ± 0.122,0.020 ± 0.114
DSS,global,Basal,CoxPH,Genes,15,0.491 ± 0.063,0.491 ± 0.065,0.463 ± 0.101,0.512 ± 0.089,0.502 ± 0.097,0.242 ± 0.031,0.254 ± 0.037,0.512 ± 0.090,0.463 ± 0.108,0.537 ± 0.068,0.489 ± 0.054,0.293 ± 0.212,0.685 ± 0.195,0.358 ± 0.244,0.624 ± 0.060,0.282 ± 0.158,-0.024 ± 0.145,-0.023 ± 0.113
DSS,global,HER2-enriched,CoxPH,Genes,15,0.499 ± 0.062,0.504 ± 0.065,0.519 ± 0.097,0.506 ± 0.094,0.502 ± 0.118,0.222 ± 0.022,0.234 ± 0.022,0.506 ± 0.095,0.411 ± 0.100,0.509 ± 0.115,0.480 ± 0.072,0.392 ± 0.225,0.568 ± 0.254,0.294 ± 0.153,0.636 ± 0.103,0.312 ± 0.151,-0.042 ± 0.153,-0.034 ± 0.128
DSS,global,Claudin-low,CoxPH,Genes,15,0.660 ± 0.106,0.657 ± 0.127,0.738 ± 0.103,0.697 ± 0.128,0.654 ± 0.145,0.141 ± 0.026,0.139 ± 0.034,0.696 ± 0.127,0.378 ± 0.134,0.658 ± 0.086,0.664 ± 0.093,0.673 ± 0.193,0.655 ± 0.115,0.308 ± 0.091,0.900 ± 0.067,0.414 ± 0.104,0.260 ± 0.143,0.220 ± 0.127
DSS,global,Aggressive (Basal/HER2/CL),CoxPH,Genes,15,0.560 ± 0.031,0.562 ± 0.030,0.566 ± 0.049,0.584 ± 0.045,0.575 ± 0.038,0.202 ± 0.015,0.210 ± 0.020,0.583 ± 0.046,0.390 ± 0.063,0.534 ± 0.058,0.550 ± 0.041,0.601 ± 0.155,0.498 ± 0.137,0.338 ± 0.043,0.751 ± 0.062,0.428 ± 0.065,0.094 ± 0.078,0.080 ± 0.065
DSS,global,LumB,CoxPH,Genes,15,0.608 ± 0.053,0.605 ± 0.062,0.603 ± 0.094,0.652 ± 0.073,0.609 ± 0.090,0.147 ± 0.023,0.147 ± 0.019,0.653 ± 0.071,0.345 ± 0.088,0.558 ± 0.097,0.597 ± 0.062,0.659 ± 0.199,0.535 ± 0.160,0.267 ± 0.062,0.869 ± 0.068,0.363 ± 0.064,0.161 ± 0.101,0.122 ± 0.075
DSS,global,LumA,CoxPH,Genes,15,0.665 ± 0.059,0.678 ± 0.071,0.670 ± 0.141,0.656 ± 0.129,0.697 ± 0.077,0.075 ± 0.015,0.064 ± 0.015,0.657 ± 0.129,0.232 ± 0.102,0.634 ± 0.091,0.608 ± 0.106,0.575 ± 0.267,0.640 ± 0.112,0.106 ± 0.035,0.948 ± 0.035,0.175 ± 0.060,0.107 ± 0.105,0.061 ± 0.062
DSS,global,All,CoxNet,Genes,15,0.669 ± 0.022,0.672 ± 0.025,0.736 ± 0.029,0.723 ± 0.037,0.683 ± 0.031,0.136 ± 0.013,0.134 ± 0.013,0.723 ± 0.037,0.356 ± 0.056,0.646 ± 0.042,0.668 ± 0.031,0.702 ± 0.108,0.635 ± 0.073,0.305 ± 0.037,0.904 ± 0.032,0.420 ± 0.029,0.265 ± 0.040,0.222 ± 0.033
DSS,global,TNBC,CoxNet,Genes,15,0.567 ± 0.065,0.565 ± 0.063,0.615 ± 0.095,0.590 ± 0.086,0.566 ± 0.067,0.208 ± 0.024,0.220 ± 0.034,0.590 ± 0.087,0.428 ± 0.117,0.599 ± 0.071,0.551 ± 0.070,0.439 ± 0.175,0.663 ± 0.129,0.382 ± 0.116,0.717 ± 0.077,0.401 ± 0.128,0.100 ± 0.138,0.097 ± 0.135
DSS,global,Basal,CoxNet,Genes,15,0.505 ± 0.081,0.502 ± 0.085,0.523 ± 0.130,0.512 ± 0.121,0.504 ± 0.131,0.233 ± 0.029,0.249 ± 0.036,0.514 ± 0.120,0.423 ± 0.110,0.470 ± 0.098,0.491 ± 0.089,0.550 ± 0.246,0.432 ± 0.226,0.366 ± 0.102,0.634 ± 0.144,0.413 ± 0.113,-0.010 ± 0.183,-0.019 ± 0.165
DSS,global,HER2-enriched,CoxNet,Genes,15,0.544 ± 0.045,0.548 ± 0.043,0.583 ± 0.085,0.590 ± 0.067,0.539 ± 0.109,0.211 ± 0.023,0.224 ± 0.026,0.590 ± 0.068,0.473 ± 0.087,0.566 ± 0.118,0.533 ± 0.050,0.420 ± 0.257,0.646 ± 0.281,0.418 ± 0.145,0.682 ± 0.074,0.364 ± 0.108,0.080 ± 0.126,0.071 ± 0.104
DSS,global,Claudin-low,CoxNet,Genes,15,0.631 ± 0.101,0.617 ± 0.114,0.730 ± 0.128,0.679 ± 0.130,0.603 ± 0.125,0.140 ± 0.025,0.139 ± 0.034,0.679 ± 0.129,0.367 ± 0.130,0.555 ± 0.076,0.596 ± 0.110,0.648 ± 0.254,0.543 ± 0.108,0.232 ± 0.079,0.875 ± 0.100,0.332 ± 0.109,0.144 ± 0.180,0.100 ± 0.141
DSS,global,Aggressive (Basal/HER2/CL),CoxNet,Genes,15,0.584 ± 0.035,0.582 ± 0.034,0.624 ± 0.053,0.619 ± 0.051,0.579 ± 0.046,0.195 ± 0.017,0.204 ± 0.022,0.619 ± 0.052,0.401 ± 0.068,0.551 ± 0.057,0.584 ± 0.050,0.666 ± 0.123,0.502 ± 0.095,0.363 ± 0.058,0.783 ± 0.056,0.466 ± 0.065,0.157 ± 0.092,0.136 ± 0.080
DSS,global,LumB,CoxNet,Genes,15,0.602 ± 0.049,0.606 ± 0.058,0.599 ± 0.114,0.650 ± 0.074,0.609 ± 0.076,0.147 ± 0.023,0.149 ± 0.021,0.649 ± 0.074,0.362 ± 0.104,0.617 ± 0.099,0.599 ± 0.073,0.570 ± 0.178,0.629 ± 0.148,0.281 ± 0.061,0.854 ± 0.058,0.366 ± 0.068,0.163 ± 0.111,0.141 ± 0.095
DSS,global,LumA,CoxNet,Genes,15,0.669 ± 0.061,0.687 ± 0.070,0.676 ± 0.125,0.680 ± 0.123,0.705 ± 0.077,0.078 ± 0.014,0.065 ± 0.013,0.679 ± 0.124,0.217 ± 0.110,0.614 ± 0.104,0.609 ± 0.107,0.601 ± 0.244,0.617 ± 0.124,0.109 ± 0.047,0.950 ± 0.033,0.181 ± 0.077,0.113 ± 0.117,0.067 ± 0.084
DSS,global,All,RSF,Genes,15,0.677 ± 0.018,0.681 ± 0.021,0.752 ± 0.024,0.735 ± 0.033,0.689 ± 0.028,0.132 ± 0.012,0.130 ± 0.011,0.736 ± 0.033,0.359 ± 0.051,0.732 ± 0.030,0.661 ± 0.035,0.544 ± 0.092,0.777 ± 0.050,0.359 ± 0.056,0.882 ± 0.028,0.426 ± 0.043,0.277 ± 0.055,0.264 ± 0.054
DSS,global,TNBC,RSF,Genes,15,0.563 ± 0.033,0.565 ± 0.029,0.587 ± 0.050,0.584 ± 0.042,0.579 ± 0.043,0.203 ± 0.017,0.214 ± 0.025,0.582 ± 0.042,0.428 ± 0.106,0.576 ± 0.052,0.546 ± 0.045,0.460 ± 0.075,0.633 ± 0.092,0.381 ± 0.105,0.711 ± 0.061,0.408 ± 0.072,0.092 ± 0.091,0.089 ± 0.089
DSS,global,Basal,RSF,Genes,15,0.501 ± 0.077,0.504 ± 0.076,0.502 ± 0.106,0.500 ± 0.093,0.494 ± 0.122,0.224 ± 0.025,0.238 ± 0.028,0.497 ± 0.093,0.439 ± 0.104,0.512 ± 0.074,0.500 ± 0.070,0.428 ± 0.136,0.572 ± 0.108,0.363 ± 0.088,0.631 ± 0.089,0.382 ± 0.097,-0.003 ± 0.141,-0.000 ± 0.135
DSS,global,HER2-enriched,RSF,Genes,15,0.560 ± 0.045,0.564 ± 0.046,0.608 ± 0.071,0.598 ± 0.073,0.571 ± 0.111,0.203 ± 0.020,0.214 ± 0.019,0.598 ± 0.074,0.454 ± 0.107,0.630 ± 0.050,0.568 ± 0.081,0.399 ± 0.240,0.736 ± 0.113,0.410 ± 0.124,0.725 ± 0.070,0.388 ± 0.171,0.135 ± 0.161,0.129 ± 0.152
DSS,global,Claudin-low,RSF,Genes,15,0.645 ± 0.087,0.635 ± 0.096,0.727 ± 0.123,0.698 ± 0.102,0.638 ± 0.104,0.137 ± 0.023,0.137 ± 0.031,0.697 ± 0.102,0.403 ± 0.148,0.696 ± 0.076,0.596 ± 0.110,0.441 ± 0.272,0.752 ± 0.116,0.304 ± 0.229,0.861 ± 0.063,0.322 ± 0.162,0.169 ± 0.198,0.145 ± 0.173
DSS,global,Aggressive (Basal/HER2/CL),RSF,Genes,15,0.590 ± 0.025,0.590 ± 0.025,0.617 ± 0.028,0.624 ± 0.041,0.598 ± 0.045,0.189 ± 0.013,0.197 ± 0.016,0.624 ± 0.042,0.401 ± 0.071,0.601 ± 0.029,0.553 ± 0.032,0.435 ± 0.078,0.671 ± 0.052,0.360 ± 0.063,0.737 ± 0.038,0.390 ± 0.057,0.101 ± 0.062,0.099 ± 0.060
DSS,global,LumB,RSF,Genes,15,0.606 ± 0.048,0.608 ± 0.055,0.622 ± 0.126,0.650 ± 0.066,0.615 ± 0.079,0.146 ± 0.022,0.148 ± 0.021,0.651 ± 0.065,0.328 ± 0.071,0.680 ± 0.062,0.591 ± 0.050,0.445 ± 0.096,0.738 ± 0.080,0.302 ± 0.074,0.842 ± 0.040,0.354 ± 0.072,0.161 ± 0.091,0.155 ± 0.090
DSS,global,LumA,RSF,Genes,15,0.674 ± 0.050,0.694 ± 0.064,0.672 ± 0.129,0.685 ± 0.120,0.707 ± 0.073,0.073 ± 0.016,0.060 ± 0.015,0.685 ± 0.121,0.266 ± 0.182,0.753 ± 0.053,0.622 ± 0.125,0.466 ± 0.247,0.778 ± 0.050,0.138 ± 0.071,0.946 ± 0.035,0.208 ± 0.106,0.141 ± 0.152,0.109 ± 0.123
DSS,global,All,ExtraSurvTrees,Genes,15,0.672 ± 0.018,0.675 ± 0.021,0.757 ± 0.026,0.732 ± 0.034,0.678 ± 0.029,0.133 ± 0.013,0.130 ± 0.012,0.733 ± 0.033,0.357 ± 0.050,0.685 ± 0.029,0.681 ± 0.041,0.672 ± 0.110,0.690 ± 0.049,0.330 ± 0.041,0.903 ± 0.035,0.438 ± 0.039,0.289 ± 0.058,0.255 ± 0.047
DSS,global,TNBC,ExtraSurvTrees,Genes,15,0.550 ± 0.045,0.552 ± 0.043,0.593 ± 0.070,0.567 ± 0.063,0.560 ± 0.065,0.204 ± 0.019,0.216 ± 0.026,0.566 ± 0.061,0.423 ± 0.105,0.603 ± 0.058,0.540 ± 0.067,0.378 ± 0.173,0.702 ± 0.114,0.373 ± 0.144,0.708 ± 0.064,0.364 ± 0.143,0.080 ± 0.138,0.078 ± 0.136
DSS,global,Basal,ExtraSurvTrees,Genes,15,0.480 ± 0.080,0.485 ± 0.082,0.499 ± 0.123,0.474 ± 0.114,0.478 ± 0.145,0.225 ± 0.023,0.239 ± 0.027,0.472 ± 0.113,0.410 ± 0.108,0.534 ± 0.092,0.483 ± 0.082,0.301 ± 0.138,0.666 ± 0.137,0.346 ± 0.143,0.619 ± 0.082,0.313 ± 0.130,-0.034 ± 0.171,-0.031 ± 0.164
DSS,global,HER2-enriched,ExtraSurvTrees,Genes,15,0.562 ± 0.050,0.565 ± 0.051,0.608 ± 0.085,0.612 ± 0.081,0.588 ± 0.105,0.204 ± 0.022,0.215 ± 0.023,0.614 ± 0.081,0.483 ± 0.102,0.598 ± 0.078,0.557 ± 0.080,0.436 ± 0.162,0.678 ± 0.122,0.409 ± 0.120,0.708 ± 0.066,0.411 ± 0.120,0.116 ± 0.157,0.112 ± 0.155
DSS,global,Claudin-low,ExtraSurvTrees,Genes,15,0.626 ± 0.096,0.612 ± 0.109,0.723 ± 0.123,0.672 ± 0.117,0.605 ± 0.123,0.140 ± 0.023,0.138 ± 0.031,0.671 ± 0.115,0.348 ± 0.127,0.692 ± 0.096,0.570 ± 0.124,0.371 ± 0.244,0.769 ± 0.109,0.299 ± 0.247,0.842 ± 0.078,0.288 ± 0.172,0.128 ± 0.225,0.110 ± 0.214
DSS,global,Aggressive (Basal/HER2/CL),ExtraSurvTrees,Genes,15,0.580 ± 0.031,0.579 ± 0.032,0.623 ± 0.030,0.618 ± 0.050,0.583 ± 0.050,0.190 ± 0.014,0.198 ± 0.017,0.618 ± 0.049,0.402 ± 0.078,0.595 ± 0.052,0.552 ± 0.046,0.441 ± 0.095,0.663 ± 0.088,0.362 ± 0.083,0.736 ± 0.043,0.391 ± 0.066,0.100 ± 0.090,0.097 ± 0.089
DSS,global,LumB,ExtraSurvTrees,Genes,15,0.602 ± 0.044,0.601 ± 0.049,0.641 ± 0.116,0.651 ± 0.061,0.597 ± 0.070,0.147 ± 0.023,0.148 ± 0.020,0.651 ± 0.060,0.334 ± 0.062,0.675 ± 0.070,0.587 ± 0.048,0.436 ± 0.155,0.738 ± 0.111,0.297 ± 0.060,0.841 ± 0.052,0.339 ± 0.056,0.154 ± 0.079,0.143 ± 0.073
DSS,global,LumA,ExtraSurvTrees,Genes,15,0.663 ± 0.060,0.679 ± 0.085,0.632 ± 0.144,0.673 ± 0.122,0.690 ± 0.096,0.075 ± 0.015,0.061 ± 0.015,0.672 ± 0.122,0.258 ± 0.183,0.662 ± 0.103,0.619 ± 0.092,0.566 ± 0.228,0.672 ± 0.119,0.119 ± 0.037,0.950 ± 0.034,0.192 ± 0.058,0.127 ± 0.103,0.082 ± 0.075
DSS,global,All,GBSA,Genes,15,0.672 ± 0.019,0.677 ± 0.022,0.730 ± 0.020,0.723 ± 0.034,0.694 ± 0.029,0.135 ± 0.011,0.134 ± 0.011,0.723 ± 0.034,0.337 ± 0.050,0.711 ± 0.024,0.656 ± 0.040,0.567 ± 0.107,0.745 ± 0.045,0.336 ± 0.052,0.884 ± 0.030,0.416 ± 0.052,0.261 ± 0.061,0.243 ± 0.056
DSS,global,TNBC,GBSA,Genes,15,0.560 ± 0.038,0.559 ± 0.040,0.572 ± 0.056,0.588 ± 0.049,0.591 ± 0.076,0.208 ± 0.019,0.221 ± 0.027,0.589 ± 0.050,0.424 ± 0.096,0.593 ± 0.043,0.568 ± 0.045,0.484 ± 0.132,0.652 ± 0.092,0.398 ± 0.092,0.730 ± 0.063,0.424 ± 0.087,0.132 ± 0.084,0.127 ± 0.079
DSS,global,Basal,GBSA,Genes,15,0.522 ± 0.078,0.523 ± 0.078,0.517 ± 0.084,0.529 ± 0.087,0.543 ± 0.123,0.234 ± 0.036,0.249 ± 0.038,0.528 ± 0.088,0.441 ± 0.112,0.538 ± 0.067,0.514 ± 0.064,0.409 ± 0.127,0.620 ± 0.114,0.388 ± 0.103,0.642 ± 0.074,0.386 ± 0.096,0.029 ± 0.128,0.030 ± 0.125
DSS,global,HER2-enriched,GBSA,Genes,15,0.538 ± 0.043,0.540 ± 0.050,0.560 ± 0.064,0.562 ± 0.068,0.552 ± 0.113,0.213 ± 0.021,0.227 ± 0.021,0.561 ± 0.069,0.420 ± 0.081,0.556 ± 0.056,0.522 ± 0.053,0.411 ± 0.132,0.633 ± 0.115,0.363 ± 0.091,0.681 ± 0.060,0.373 ± 0.082,0.044 ± 0.104,0.041 ± 0.100
DSS,global,Claudin-low,GBSA,Genes,15,0.658 ± 0.094,0.652 ± 0.112,0.721 ± 0.129,0.711 ± 0.110,0.664 ± 0.128,0.137 ± 0.025,0.136 ± 0.032,0.709 ± 0.109,0.410 ± 0.139,0.722 ± 0.084,0.636 ± 0.110,0.497 ± 0.220,0.775 ± 0.108,0.360 ± 0.214,0.875 ± 0.063,0.387 ± 0.155,0.246 ± 0.204,0.226 ± 0.187
DSS,global,Aggressive (Basal/HER2/CL),GBSA,Genes,15,0.592 ± 0.029,0.592 ± 0.028,0.605 ± 0.034,0.621 ± 0.041,0.614 ± 0.046,0.195 ± 0.015,0.204 ± 0.018,0.621 ± 0.042,0.390 ± 0.070,0.600 ± 0.032,0.564 ± 0.042,0.477 ± 0.113,0.652 ± 0.065,0.366 ± 0.061,0.748 ± 0.045,0.410 ± 0.072,0.121 ± 0.078,0.116 ± 0.075
DSS,global,LumB,GBSA,Genes,15,0.596 ± 0.052,0.600 ± 0.059,0.608 ± 0.121,0.629 ± 0.072,0.613 ± 0.083,0.147 ± 0.022,0.151 ± 0.021,0.629 ± 0.071,0.301 ± 0.061,0.639 ± 0.059,0.587 ± 0.052,0.495 ± 0.127,0.679 ± 0.088,0.278 ± 0.050,0.843 ± 0.049,0.346 ± 0.048,0.144 ± 0.078,0.130 ± 0.068
DSS,global,LumA,GBSA,Genes,15,0.678 ± 0.045,0.693 ± 0.050,0.686 ± 0.114,0.686 ± 0.112,0.710 ± 0.052,0.075 ± 0.014,0.063 ± 0.013,0.686 ± 0.113,0.240 ± 0.139,0.755 ± 0.039,0.601 ± 0.096,0.417 ± 0.221,0.785 ± 0.056,0.126 ± 0.047,0.943 ± 0.030,0.186 ± 0.074,0.116 ± 0.106,0.088 ± 0.078
DSS,global,All,CW-GBSA,Genes,15,0.669 ± 0.022,0.673 ± 0.025,0.732 ± 0.028,0.722 ± 0.037,0.685 ± 0.031,0.134 ± 0.013,0.132 ± 0.012,0.723 ± 0.037,0.356 ± 0.060,0.639 ± 0.052,0.668 ± 0.029,0.709 ± 0.118,0.627 ± 0.085,0.305 ± 0.046,0.906 ± 0.034,0.419 ± 0.039,0.265 ± 0.043,0.220 ± 0.041
DSS,global,TNBC,CW-GBSA,Genes,15,0.561 ± 0.065,0.558 ± 0.062,0.605 ± 0.098,0.584 ± 0.087,0.558 ± 0.068,0.208 ± 0.023,0.219 ± 0.032,0.585 ± 0.088,0.434 ± 0.123,0.602 ± 0.080,0.561 ± 0.077,0.453 ± 0.168,0.669 ± 0.141,0.404 ± 0.123,0.723 ± 0.086,0.412 ± 0.121,0.124 ± 0.150,0.120 ± 0.143
DSS,global,Basal,CW-GBSA,Genes,15,0.504 ± 0.086,0.501 ± 0.089,0.516 ± 0.138,0.515 ± 0.126,0.506 ± 0.134,0.233 ± 0.030,0.247 ± 0.035,0.516 ± 0.126,0.436 ± 0.116,0.501 ± 0.109,0.486 ± 0.094,0.448 ± 0.210,0.524 ± 0.206,0.366 ± 0.138,0.625 ± 0.124,0.384 ± 0.128,-0.020 ± 0.200,-0.025 ± 0.190
DSS,global,HER2-enriched,CW-GBSA,Genes,15,0.538 ± 0.050,0.542 ± 0.046,0.578 ± 0.078,0.578 ± 0.069,0.536 ± 0.109,0.209 ± 0.022,0.221 ± 0.023,0.578 ± 0.070,0.456 ± 0.089,0.553 ± 0.125,0.531 ± 0.064,0.433 ± 0.221,0.629 ± 0.273,0.411 ± 0.135,0.672 ± 0.081,0.376 ± 0.076,0.072 ± 0.144,0.070 ± 0.120
DSS,global,Claudin-low,CW-GBSA,Genes,15,0.641 ± 0.102,0.626 ± 0.115,0.739 ± 0.125,0.686 ± 0.124,0.612 ± 0.130,0.138 ± 0.026,0.138 ± 0.035,0.686 ± 0.124,0.375 ± 0.134,0.609 ± 0.074,0.639 ± 0.090,0.685 ± 0.184,0.593 ± 0.102,0.278 ± 0.089,0.894 ± 0.067,0.386 ± 0.100,0.217 ± 0.140,0.173 ± 0.117
DSS,global,Aggressive (Basal/HER2/CL),CW-GBSA,Genes,15,0.583 ± 0.034,0.582 ± 0.034,0.620 ± 0.051,0.617 ± 0.052,0.581 ± 0.050,0.194 ± 0.015,0.202 ± 0.020,0.617 ± 0.053,0.401 ± 0.070,0.560 ± 0.043,0.592 ± 0.049,0.670 ± 0.159,0.514 ± 0.102,0.369 ± 0.058,0.795 ± 0.067,0.469 ± 0.070,0.173 ± 0.092,0.146 ± 0.075
DSS,global,LumB,CW-GBSA,Genes,15,0.607 ± 0.048,0.610 ± 0.056,0.595 ± 0.112,0.660 ± 0.075,0.615 ± 0.074,0.145 ± 0.023,0.147 ± 0.021,0.660 ± 0.075,0.360 ± 0.100,0.538 ± 0.079,0.595 ± 0.055,0.685 ± 0.228,0.505 ± 0.151,0.254 ± 0.050,0.878 ± 0.068,0.359 ± 0.061,0.157 ± 0.087,0.109 ± 0.052
DSS,global,LumA,CW-GBSA,Genes,15,0.667 ± 0.059,0.685 ± 0.069,0.660 ± 0.122,0.668 ± 0.123,0.704 ± 0.077,0.076 ± 0.014,0.064 ± 0.013,0.667 ± 0.123,0.211 ± 0.108,0.675 ± 0.131,0.585 ± 0.100,0.475 ± 0.279,0.696 ± 0.161,0.111 ± 0.047,0.943 ± 0.031,0.167 ± 0.071,0.094 ± 0.105,0.063 ± 0.072
DSS,global,All,SurvSVM,Genes,15,0.662 ± 0.024,0.666 ± 0.027,0.722 ± 0.033,0.710 ± 0.041,0.680 ± 0.033,,,0.710 ± 0.041,0.346 ± 0.049,0.659 ± 0.038,0.662 ± 0.038,0.665 ± 0.101,0.659 ± 0.060,0.308 ± 0.036,0.896 ± 0.033,0.416 ± 0.036,0.257 ± 0.053,0.221 ± 0.046
DSS,global,TNBC,SurvSVM,Genes,15,0.527 ± 0.069,0.525 ± 0.068,0.545 ± 0.083,0.547 ± 0.082,0.525 ± 0.092,,,0.548 ± 0.082,0.418 ± 0.111,0.538 ± 0.084,0.532 ± 0.082,0.534 ± 0.184,0.529 ± 0.171,0.358 ± 0.106,0.707 ± 0.118,0.418 ± 0.110,0.064 ± 0.160,0.057 ± 0.146
DSS,global,Basal,SurvSVM,Genes,15,0.486 ± 0.065,0.486 ± 0.069,0.467 ± 0.108,0.496 ± 0.090,0.489 ± 0.105,,,0.496 ± 0.089,0.443 ± 0.108,0.510 ± 0.100,0.490 ± 0.095,0.413 ± 0.250,0.566 ± 0.187,0.346 ± 0.130,0.629 ± 0.110,0.356 ± 0.162,-0.023 ± 0.197,-0.021 ± 0.182
DSS,global,HER2-enriched,SurvSVM,Genes,15,0.519 ± 0.065,0.524 ± 0.068,0.543 ± 0.099,0.535 ± 0.099,0.528 ± 0.128,,,0.534 ± 0.100,0.428 ± 0.100,0.497 ± 0.102,0.481 ± 0.071,0.431 ± 0.228,0.531 ± 0.237,0.288 ± 0.165,0.644 ± 0.064,0.333 ± 0.164,-0.040 ± 0.150,-0.031 ± 0.137
DSS,global,Claudin-low,SurvSVM,Genes,15,0.651 ± 0.102,0.644 ± 0.119,0.735 ± 0.097,0.686 ± 0.121,0.635 ± 0.130,,,0.683 ± 0.119,0.355 ± 0.126,0.668 ± 0.085,0.632 ± 0.119,0.578 ± 0.232,0.685 ± 0.095,0.291 ± 0.127,0.878 ± 0.068,0.380 ± 0.151,0.210 ± 0.191,0.186 ± 0.172
DSS,global,Aggressive (Basal/HER2/CL),SurvSVM,Genes,15,0.566 ± 0.023,0.567 ± 0.022,0.583 ± 0.037,0.591 ± 0.042,0.573 ± 0.035,,,0.590 ± 0.042,0.388 ± 0.064,0.535 ± 0.033,0.559 ± 0.040,0.623 ± 0.149,0.494 ± 0.092,0.341 ± 0.054,0.765 ± 0.053,0.437 ± 0.074,0.111 ± 0.078,0.093 ± 0.062
DSS,global,LumB,SurvSVM,Genes,15,0.607 ± 0.060,0.607 ± 0.071,0.622 ± 0.079,0.657 ± 0.087,0.608 ± 0.096,,,0.659 ± 0.084,0.352 ± 0.094,0.568 ± 0.070,0.598 ± 0.080,0.643 ± 0.176,0.553 ± 0.098,0.261 ± 0.055,0.862 ± 0.072,0.365 ± 0.072,0.155 ± 0.125,0.121 ± 0.097
DSS,global,LumA,SurvSVM,Genes,15,0.662 ± 0.058,0.678 ± 0.073,0.663 ± 0.142,0.657 ± 0.126,0.696 ± 0.082,,,0.657 ± 0.126,0.241 ± 0.116,0.675 ± 0.091,0.603 ± 0.107,0.513 ± 0.281,0.692 ± 0.115,0.107 ± 0.051,0.945 ± 0.036,0.171 ± 0.079,0.104 ± 0.117,0.064 ± 0.086
DSS,global,All,XGB-Cox,Genes,15,0.666 ± 0.023,0.670 ± 0.025,0.718 ± 0.032,0.713 ± 0.036,0.685 ± 0.029,0.137 ± 0.012,0.135 ± 0.011,0.713 ± 0.036,0.335 ± 0.050,0.721 ± 0.030,0.632 ± 0.037,0.490 ± 0.102,0.775 ± 0.048,0.331 ± 0.047,0.870 ± 0.029,0.390 ± 0.043,0.230 ± 0.055,0.220 ± 0.049
DSS,global,TNBC,XGB-Cox,Genes,15,0.567 ± 0.047,0.562 ± 0.050,0.570 ± 0.054,0.596 ± 0.056,0.583 ± 0.084,0.212 ± 0.022,0.220 ± 0.025,0.597 ± 0.056,0.448 ± 0.122,0.613 ± 0.049,0.565 ± 0.042,0.433 ± 0.106,0.697 ± 0.100,0.414 ± 0.099,0.722 ± 0.057,0.413 ± 0.081,0.133 ± 0.082,0.130 ± 0.079
DSS,global,Basal,XGB-Cox,Genes,15,0.507 ± 0.074,0.506 ± 0.073,0.480 ± 0.120,0.515 ± 0.088,0.530 ± 0.118,0.243 ± 0.040,0.255 ± 0.038,0.513 ± 0.090,0.442 ± 0.119,0.520 ± 0.053,0.497 ± 0.052,0.378 ± 0.147,0.615 ± 0.133,0.365 ± 0.104,0.630 ± 0.059,0.353 ± 0.099,-0.006 ± 0.105,-0.005 ± 0.101
DSS,global,HER2-enriched,XGB-Cox,Genes,15,0.529 ± 0.057,0.533 ± 0.064,0.552 ± 0.088,0.545 ± 0.071,0.530 ± 0.124,0.221 ± 0.025,0.233 ± 0.023,0.545 ± 0.070,0.402 ± 0.086,0.596 ± 0.062,0.540 ± 0.067,0.376 ± 0.127,0.703 ± 0.088,0.388 ± 0.113,0.693 ± 0.057,0.377 ± 0.111,0.080 ± 0.134,0.079 ± 0.133
DSS,global,Claudin-low,XGB-Cox,Genes,15,0.684 ± 0.107,0.678 ± 0.126,0.740 ± 0.142,0.738 ± 0.121,0.674 ± 0.148,0.135 ± 0.029,0.133 ± 0.033,0.735 ± 0.117,0.457 ± 0.137,0.752 ± 0.064,0.645 ± 0.097,0.473 ± 0.192,0.818 ± 0.056,0.361 ± 0.099,0.870 ± 0.061,0.399 ± 0.130,0.257 ± 0.159,0.249 ± 0.153
DSS,global,Aggressive (Basal/HER2/CL),XGB-Cox,Genes,15,0.586 ± 0.031,0.587 ± 0.031,0.596 ± 0.041,0.612 ± 0.045,0.602 ± 0.049,0.201 ± 0.018,0.208 ± 0.020,0.612 ± 0.045,0.392 ± 0.066,0.606 ± 0.032,0.563 ± 0.024,0.448 ± 0.076,0.677 ± 0.073,0.374 ± 0.065,0.743 ± 0.038,0.401 ± 0.039,0.121 ± 0.047,0.117 ± 0.046
DSS,global,LumB,XGB-Cox,Genes,15,0.598 ± 0.062,0.598 ± 0.068,0.613 ± 0.104,0.628 ± 0.077,0.618 ± 0.092,0.150 ± 0.023,0.152 ± 0.021,0.628 ± 0.076,0.297 ± 0.076,0.672 ± 0.065,0.549 ± 0.060,0.347 ± 0.156,0.751 ± 0.093,0.254 ± 0.079,0.823 ± 0.047,0.286 ± 0.092,0.087 ± 0.105,0.082 ± 0.100
DSS,global,LumA,XGB-Cox,Genes,15,0.676 ± 0.046,0.691 ± 0.052,0.691 ± 0.130,0.685 ± 0.111,0.702 ± 0.055,0.075 ± 0.016,0.063 ± 0.014,0.685 ± 0.112,0.216 ± 0.129,0.770 ± 0.059,0.621 ± 0.109,0.445 ± 0.255,0.797 ± 0.073,0.140 ± 0.063,0.947 ± 0.032,0.206 ± 0.096,0.144 ± 0.129,0.112 ± 0.103
DSS,global,All,CoxPH,Mutations,15,0.594 ± 0.017,0.602 ± 0.019,0.638 ± 0.050,0.632 ± 0.025,0.617 ± 0.026,0.143 ± 0.013,0.141 ± 0.013,0.632 ± 0.025,0.271 ± 0.030,0.615 ± 0.030,0.602 ± 0.032,0.579 ± 0.090,0.625 ± 0.050,0.259 ± 0.031,0.867 ± 0.030,0.355 ± 0.034,0.160 ± 0.046,0.136 ± 0.037
DSS,global,TNBC,CoxPH,Mutations,15,0.531 ± 0.056,0.531 ± 0.055,0.540 ± 0.082,0.554 ± 0.061,0.525 ± 0.074,0.216 ± 0.027,0.228 ± 0.036,0.552 ± 0.061,0.387 ± 0.082,0.565 ± 0.084,0.529 ± 0.071,0.448 ± 0.134,0.611 ± 0.132,0.361 ± 0.109,0.698 ± 0.074,0.394 ± 0.109,0.059 ± 0.136,0.059 ± 0.131
DSS,global,Basal,CoxPH,Mutations,15,0.487 ± 0.073,0.484 ± 0.073,0.493 ± 0.115,0.496 ± 0.084,0.469 ± 0.102,0.245 ± 0.031,0.260 ± 0.038,0.498 ± 0.081,0.399 ± 0.081,0.485 ± 0.081,0.502 ± 0.074,0.547 ± 0.190,0.456 ± 0.174,0.374 ± 0.102,0.638 ± 0.118,0.426 ± 0.096,0.007 ± 0.155,0.002 ± 0.136
DSS,global,HER2-enriched,CoxPH,Mutations,15,0.530 ± 0.063,0.543 ± 0.061,0.548 ± 0.122,0.524 ± 0.090,0.607 ± 0.105,0.220 ± 0.027,0.237 ± 0.027,0.524 ± 0.090,0.380 ± 0.084,0.463 ± 0.067,0.524 ± 0.082,0.711 ± 0.177,0.336 ± 0.091,0.347 ± 0.074,0.716 ± 0.140,0.463 ± 0.096,0.055 ± 0.172,0.035 ± 0.132
DSS,global,Claudin-low,CoxPH,Mutations,15,0.616 ± 0.095,0.601 ± 0.104,0.603 ± 0.166,0.609 ± 0.127,0.601 ± 0.107,0.144 ± 0.025,0.144 ± 0.034,0.605 ± 0.124,0.328 ± 0.083,0.597 ± 0.132,0.543 ± 0.131,0.462 ± 0.255,0.624 ± 0.167,0.213 ± 0.090,0.829 ± 0.090,0.285 ± 0.131,0.060 ± 0.203,0.050 ± 0.176
DSS,global,Aggressive (Basal/HER2/CL),CoxPH,Mutations,15,0.548 ± 0.027,0.552 ± 0.029,0.550 ± 0.056,0.552 ± 0.042,0.573 ± 0.043,0.203 ± 0.019,0.214 ± 0.023,0.551 ± 0.041,0.341 ± 0.047,0.511 ± 0.049,0.544 ± 0.050,0.623 ± 0.114,0.464 ± 0.080,0.330 ± 0.042,0.745 ± 0.073,0.428 ± 0.050,0.081 ± 0.092,0.067 ± 0.078
DSS,global,LumB,CoxPH,Mutations,15,0.591 ± 0.058,0.593 ± 0.058,0.630 ± 0.092,0.623 ± 0.072,0.610 ± 0.077,0.152 ± 0.024,0.151 ± 0.021,0.624 ± 0.072,0.328 ± 0.080,0.634 ± 0.075,0.586 ± 0.070,0.506 ± 0.136,0.666 ± 0.102,0.280 ± 0.074,0.844 ± 0.046,0.353 ± 0.079,0.145 ± 0.112,0.132 ± 0.103
DSS,global,LumA,CoxPH,Mutations,15,0.546 ± 0.054,0.563 ± 0.070,0.601 ± 0.181,0.593 ± 0.140,0.570 ± 0.082,0.086 ± 0.015,0.071 ± 0.014,0.593 ± 0.140,0.158 ± 0.074,0.616 ± 0.110,0.562 ± 0.077,0.494 ± 0.239,0.631 ± 0.136,0.092 ± 0.030,0.939 ± 0.031,0.148 ± 0.047,0.061 ± 0.076,0.033 ± 0.045
DSS,global,All,CoxNet,Mutations,15,0.612 ± 0.024,0.616 ± 0.028,0.671 ± 0.045,0.671 ± 0.032,0.623 ± 0.036,0.140 ± 0.013,0.138 ± 0.013,0.671 ± 0.032,0.291 ± 0.032,0.672 ± 0.026,0.642 ± 0.027,0.592 ± 0.059,0.691 ± 0.035,0.304 ± 0.040,0.881 ± 0.024,0.399 ± 0.037,0.229 ± 0.042,0.206 ± 0.040
DSS,global,TNBC,CoxNet,Mutations,15,0.522 ± 0.048,0.522 ± 0.047,0.534 ± 0.073,0.543 ± 0.060,0.500 ± 0.047,0.213 ± 0.025,0.226 ± 0.035,0.542 ± 0.060,0.372 ± 0.072,0.538 ± 0.130,0.505 ± 0.066,0.427 ± 0.268,0.584 ± 0.289,0.355 ± 0.123,0.675 ± 0.086,0.342 ± 0.127,0.018 ± 0.137,0.016 ± 0.121
DSS,global,Basal,CoxNet,Mutations,15,0.466 ± 0.060,0.460 ± 0.062,0.473 ± 0.106,0.462 ± 0.082,0.425 ± 0.065,0.238 ± 0.027,0.255 ± 0.035,0.464 ± 0.078,0.367 ± 0.058,0.456 ± 0.116,0.467 ± 0.065,0.460 ± 0.383,0.474 ± 0.370,0.281 ± 0.143,0.519 ± 0.266,0.311 ± 0.185,-0.076 ± 0.158,-0.063 ± 0.122
DSS,global,HER2-enriched,CoxNet,Mutations,15,0.546 ± 0.075,0.555 ± 0.081,0.541 ± 0.109,0.565 ± 0.090,0.604 ± 0.128,0.217 ± 0.029,0.233 ± 0.032,0.565 ± 0.090,0.403 ± 0.075,0.472 ± 0.101,0.528 ± 0.073,0.674 ± 0.202,0.382 ± 0.202,0.353 ± 0.074,0.701 ± 0.135,0.449 ± 0.092,0.054 ± 0.152,0.045 ± 0.128
DSS,global,Claudin-low,CoxNet,Mutations,15,0.595 ± 0.097,0.584 ± 0.110,0.624 ± 0.117,0.597 ± 0.113,0.566 ± 0.121,0.145 ± 0.024,0.144 ± 0.032,0.596 ± 0.111,0.276 ± 0.084,0.563 ± 0.122,0.575 ± 0.113,0.593 ± 0.216,0.557 ± 0.159,0.235 ± 0.053,0.845 ± 0.100,0.321 ± 0.071,0.108 ± 0.164,0.082 ± 0.126
DSS,global,Aggressive (Basal/HER2/CL),CoxNet,Mutations,15,0.545 ± 0.033,0.547 ± 0.034,0.551 ± 0.068,0.558 ± 0.037,0.549 ± 0.047,0.200 ± 0.017,0.211 ± 0.023,0.558 ± 0.037,0.341 ± 0.036,0.474 ± 0.071,0.544 ± 0.047,0.719 ± 0.117,0.370 ± 0.127,0.329 ± 0.043,0.756 ± 0.080,0.447 ± 0.047,0.087 ± 0.092,0.066 ± 0.069
DSS,global,LumB,CoxNet,Mutations,15,0.591 ± 0.053,0.594 ± 0.057,0.622 ± 0.107,0.640 ± 0.075,0.607 ± 0.077,0.150 ± 0.025,0.150 ± 0.022,0.641 ± 0.075,0.312 ± 0.071,0.692 ± 0.055,0.602 ± 0.058,0.449 ± 0.139,0.755 ± 0.085,0.317 ± 0.081,0.846 ± 0.046,0.359 ± 0.067,0.181 ± 0.093,0.171 ± 0.087
DSS,global,LumA,CoxNet,Mutations,15,0.578 ± 0.041,0.585 ± 0.048,0.654 ± 0.157,0.674 ± 0.089,0.588 ± 0.052,0.082 ± 0.013,0.068 ± 0.012,0.674 ± 0.090,0.174 ± 0.078,0.625 ± 0.195,0.613 ± 0.069,0.600 ± 0.311,0.627 ± 0.234,0.120 ± 0.040,0.956 ± 0.026,0.184 ± 0.055,0.129 ± 0.071,0.078 ± 0.052
DSS,global,All,RSF,Mutations,15,0.626 ± 0.019,0.632 ± 0.022,0.683 ± 0.036,0.685 ± 0.024,0.642 ± 0.029,0.138 ± 0.012,0.135 ± 0.012,0.685 ± 0.024,0.313 ± 0.033,0.620 ± 0.037,0.639 ± 0.026,0.668 ± 0.073,0.610 ± 0.056,0.281 ± 0.038,0.890 ± 0.024,0.393 ± 0.039,0.218 ± 0.041,0.181 ± 0.039
DSS,global,TNBC,RSF,Mutations,15,0.524 ± 0.052,0.521 ± 0.053,0.532 ± 0.091,0.545 ± 0.067,0.501 ± 0.064,0.210 ± 0.024,0.223 ± 0.033,0.543 ± 0.067,0.408 ± 0.071,0.547 ± 0.055,0.521 ± 0.060,0.443 ± 0.149,0.598 ± 0.108,0.344 ± 0.090,0.694 ± 0.078,0.375 ± 0.091,0.039 ± 0.110,0.035 ± 0.103
DSS,global,Basal,RSF,Mutations,15,0.497 ± 0.078,0.488 ± 0.079,0.495 ± 0.143,0.497 ± 0.093,0.447 ± 0.106,0.233 ± 0.025,0.248 ± 0.032,0.501 ± 0.091,0.430 ± 0.097,0.503 ± 0.075,0.492 ± 0.069,0.434 ± 0.136,0.550 ± 0.141,0.365 ± 0.124,0.621 ± 0.077,0.384 ± 0.096,-0.015 ± 0.143,-0.014 ± 0.137
DSS,global,HER2-enriched,RSF,Mutations,15,0.537 ± 0.070,0.551 ± 0.076,0.528 ± 0.112,0.544 ± 0.093,0.609 ± 0.126,0.214 ± 0.028,0.229 ± 0.030,0.543 ± 0.093,0.423 ± 0.084,0.501 ± 0.082,0.500 ± 0.082,0.481 ± 0.281,0.518 ± 0.205,0.316 ± 0.083,0.681 ± 0.116,0.360 ± 0.138,-0.001 ± 0.168,-0.010 ± 0.147
DSS,global,Claudin-low,RSF,Mutations,15,0.595 ± 0.110,0.579 ± 0.124,0.582 ± 0.177,0.588 ± 0.128,0.567 ± 0.130,0.145 ± 0.026,0.144 ± 0.035,0.585 ± 0.126,0.307 ± 0.090,0.569 ± 0.146,0.520 ± 0.090,0.443 ± 0.205,0.597 ± 0.192,0.194 ± 0.085,0.818 ± 0.086,0.262 ± 0.104,0.025 ± 0.153,0.023 ± 0.134
DSS,global,Aggressive (Basal/HER2/CL),RSF,Mutations,15,0.552 ± 0.038,0.554 ± 0.040,0.547 ± 0.072,0.560 ± 0.053,0.562 ± 0.053,0.197 ± 0.017,0.207 ± 0.022,0.560 ± 0.053,0.363 ± 0.040,0.555 ± 0.035,0.523 ± 0.030,0.440 ± 0.096,0.607 ± 0.074,0.321 ± 0.044,0.718 ± 0.048,0.365 ± 0.046,0.043 ± 0.054,0.041 ± 0.052
DSS,global,LumB,RSF,Mutations,15,0.603 ± 0.048,0.603 ± 0.047,0.640 ± 0.125,0.645 ± 0.069,0.614 ± 0.064,0.149 ± 0.024,0.149 ± 0.021,0.646 ± 0.069,0.354 ± 0.085,0.604 ± 0.083,0.589 ± 0.048,0.564 ± 0.138,0.614 ± 0.129,0.273 ± 0.066,0.851 ± 0.043,0.359 ± 0.066,0.148 ± 0.081,0.129 ± 0.076
DSS,global,LumA,RSF,Mutations,15,0.586 ± 0.047,0.605 ± 0.056,0.635 ± 0.141,0.678 ± 0.100,0.615 ± 0.064,0.080 ± 0.014,0.066 ± 0.013,0.677 ± 0.101,0.204 ± 0.088,0.573 ± 0.085,0.599 ± 0.087,0.630 ± 0.200,0.568 ± 0.100,0.106 ± 0.042,0.952 ± 0.023,0.179 ± 0.063,0.106 ± 0.085,0.061 ± 0.054
DSS,global,All,ExtraSurvTrees,Mutations,15,0.626 ± 0.020,0.631 ± 0.023,0.681 ± 0.038,0.684 ± 0.026,0.641 ± 0.030,0.138 ± 0.013,0.135 ± 0.012,0.684 ± 0.026,0.314 ± 0.029,0.606 ± 0.035,0.639 ± 0.024,0.689 ± 0.070,0.589 ± 0.053,0.277 ± 0.038,0.893 ± 0.024,0.392 ± 0.038,0.217 ± 0.038,0.176 ± 0.036
DSS,global,TNBC,ExtraSurvTrees,Mutations,15,0.519 ± 0.062,0.515 ± 0.064,0.523 ± 0.099,0.538 ± 0.079,0.496 ± 0.077,0.211 ± 0.024,0.223 ± 0.033,0.536 ± 0.079,0.403 ± 0.082,0.537 ± 0.059,0.508 ± 0.068,0.420 ± 0.165,0.595 ± 0.099,0.322 ± 0.082,0.685 ± 0.087,0.356 ± 0.099,0.011 ± 0.124,0.007 ± 0.117
DSS,global,Basal,ExtraSurvTrees,Mutations,15,0.488 ± 0.080,0.479 ± 0.082,0.480 ± 0.144,0.489 ± 0.097,0.440 ± 0.114,0.233 ± 0.025,0.248 ± 0.032,0.493 ± 0.094,0.423 ± 0.093,0.519 ± 0.096,0.498 ± 0.092,0.413 ± 0.167,0.584 ± 0.152,0.370 ± 0.121,0.628 ± 0.109,0.378 ± 0.110,-0.003 ± 0.184,-0.006 ± 0.178
DSS,global,HER2-enriched,ExtraSurvTrees,Mutations,15,0.533 ± 0.075,0.546 ± 0.078,0.525 ± 0.120,0.536 ± 0.092,0.607 ± 0.124,0.214 ± 0.028,0.229 ± 0.030,0.536 ± 0.092,0.417 ± 0.090,0.526 ± 0.080,0.509 ± 0.072,0.457 ± 0.227,0.562 ± 0.185,0.335 ± 0.089,0.681 ± 0.091,0.369 ± 0.126,0.017 ± 0.145,0.013 ± 0.137
DSS,global,Claudin-low,ExtraSurvTrees,Mutations,15,0.594 ± 0.116,0.578 ± 0.130,0.572 ± 0.181,0.587 ± 0.131,0.569 ± 0.133,0.145 ± 0.026,0.144 ± 0.034,0.583 ± 0.129,0.302 ± 0.098,0.597 ± 0.126,0.542 ± 0.104,0.456 ± 0.181,0.628 ± 0.152,0.210 ± 0.082,0.824 ± 0.091,0.283 ± 0.105,0.055 ± 0.167,0.051 ± 0.140
DSS,global,Aggressive (Basal/HER2/CL),ExtraSurvTrees,Mutations,15,0.550 ± 0.041,0.552 ± 0.043,0.542 ± 0.077,0.556 ± 0.052,0.561 ± 0.054,0.198 ± 0.017,0.207 ± 0.022,0.556 ± 0.052,0.359 ± 0.036,0.537 ± 0.037,0.517 ± 0.043,0.459 ± 0.108,0.575 ± 0.061,0.310 ± 0.029,0.714 ± 0.063,0.365 ± 0.048,0.029 ± 0.079,0.025 ± 0.073
DSS,global,LumB,ExtraSurvTrees,Mutations,15,0.599 ± 0.048,0.597 ± 0.046,0.637 ± 0.123,0.638 ± 0.064,0.606 ± 0.065,0.150 ± 0.024,0.149 ± 0.021,0.640 ± 0.065,0.349 ± 0.078,0.597 ± 0.077,0.586 ± 0.049,0.565 ± 0.146,0.608 ± 0.125,0.271 ± 0.077,0.851 ± 0.040,0.353 ± 0.069,0.144 ± 0.082,0.124 ± 0.074
DSS,global,LumA,ExtraSurvTrees,Mutations,15,0.586 ± 0.048,0.604 ± 0.056,0.639 ± 0.136,0.681 ± 0.101,0.613 ± 0.065,0.080 ± 0.014,0.066 ± 0.013,0.680 ± 0.102,0.214 ± 0.091,0.554 ± 0.118,0.602 ± 0.079,0.660 ± 0.219,0.544 ± 0.139,0.107 ± 0.042,0.954 ± 0.024,0.180 ± 0.063,0.110 ± 0.081,0.061 ± 0.055
DSS,global,All,GBSA,Mutations,15,0.618 ± 0.027,0.623 ± 0.032,0.672 ± 0.054,0.675 ± 0.030,0.633 ± 0.040,0.139 ± 0.012,0.137 ± 0.013,0.675 ± 0.031,0.316 ± 0.044,0.672 ± 0.028,0.624 ± 0.029,0.546 ± 0.095,0.703 ± 0.053,0.295 ± 0.040,0.872 ± 0.028,0.378 ± 0.036,0.203 ± 0.042,0.184 ± 0.036
DSS,global,TNBC,GBSA,Mutations,15,0.541 ± 0.061,0.540 ± 0.062,0.540 ± 0.095,0.566 ± 0.076,0.532 ± 0.070,0.211 ± 0.024,0.224 ± 0.035,0.564 ± 0.076,0.435 ± 0.081,0.607 ± 0.070,0.543 ± 0.056,0.356 ± 0.084,0.731 ± 0.100,0.394 ± 0.106,0.702 ± 0.072,0.364 ± 0.071,0.091 ± 0.114,0.088 ± 0.112
DSS,global,Basal,GBSA,Mutations,15,0.517 ± 0.070,0.510 ± 0.071,0.514 ± 0.120,0.525 ± 0.087,0.478 ± 0.092,0.236 ± 0.028,0.251 ± 0.037,0.528 ± 0.085,0.448 ± 0.054,0.530 ± 0.081,0.507 ± 0.074,0.414 ± 0.143,0.600 ± 0.143,0.381 ± 0.096,0.632 ± 0.106,0.385 ± 0.092,0.013 ± 0.150,0.012 ± 0.143
DSS,global,HER2-enriched,GBSA,Mutations,15,0.541 ± 0.062,0.552 ± 0.065,0.535 ± 0.125,0.558 ± 0.081,0.611 ± 0.105,0.214 ± 0.025,0.230 ± 0.029,0.559 ± 0.081,0.443 ± 0.094,0.584 ± 0.085,0.529 ± 0.068,0.364 ± 0.166,0.694 ± 0.150,0.388 ± 0.128,0.685 ± 0.069,0.357 ± 0.117,0.064 ± 0.147,0.060 ± 0.139
DSS,global,Claudin-low,GBSA,Mutations,15,0.634 ± 0.093,0.617 ± 0.108,0.633 ± 0.150,0.627 ± 0.099,0.625 ± 0.128,0.141 ± 0.022,0.141 ± 0.029,0.624 ± 0.096,0.376 ± 0.125,0.702 ± 0.097,0.597 ± 0.085,0.440 ± 0.198,0.754 ± 0.125,0.300 ± 0.140,0.855 ± 0.061,0.344 ± 0.129,0.171 ± 0.159,0.159 ± 0.151
DSS,global,Aggressive (Basal/HER2/CL),GBSA,Mutations,15,0.569 ± 0.042,0.572 ± 0.045,0.567 ± 0.077,0.585 ± 0.053,0.590 ± 0.057,0.197 ± 0.017,0.208 ± 0.023,0.585 ± 0.053,0.400 ± 0.050,0.614 ± 0.073,0.550 ± 0.036,0.398 ± 0.116,0.701 ± 0.135,0.380 ± 0.074,0.732 ± 0.047,0.376 ± 0.058,0.105 ± 0.078,0.101 ± 0.074
DSS,global,LumB,GBSA,Mutations,15,0.588 ± 0.059,0.592 ± 0.059,0.612 ± 0.131,0.626 ± 0.072,0.600 ± 0.080,0.151 ± 0.023,0.151 ± 0.021,0.627 ± 0.072,0.320 ± 0.077,0.672 ± 0.041,0.601 ± 0.060,0.482 ± 0.135,0.720 ± 0.062,0.300 ± 0.079,0.850 ± 0.041,0.363 ± 0.081,0.173 ± 0.098,0.162 ± 0.089
DSS,global,LumA,GBSA,Mutations,15,0.572 ± 0.043,0.577 ± 0.054,0.648 ± 0.136,0.665 ± 0.116,0.580 ± 0.063,0.083 ± 0.014,0.068 ± 0.013,0.664 ± 0.116,0.178 ± 0.063,0.522 ± 0.077,0.587 ± 0.098,0.664 ± 0.215,0.511 ± 0.090,0.098 ± 0.038,0.950 ± 0.031,0.169 ± 0.060,0.091 ± 0.097,0.047 ± 0.051
DSS,global,All,CW-GBSA,Mutations,15,0.612 ± 0.022,0.616 ± 0.026,0.673 ± 0.045,0.666 ± 0.028,0.625 ± 0.034,0.140 ± 0.013,0.138 ± 0.012,0.666 ± 0.028,0.288 ± 0.041,0.647 ± 0.038,0.639 ± 0.025,0.625 ± 0.051,0.653 ± 0.051,0.292 ± 0.040,0.884 ± 0.022,0.396 ± 0.038,0.221 ± 0.042,0.193 ± 0.042
DSS,global,TNBC,CW-GBSA,Mutations,15,0.520 ± 0.061,0.520 ± 0.063,0.532 ± 0.081,0.539 ± 0.079,0.497 ± 0.068,0.212 ± 0.026,0.225 ± 0.036,0.537 ± 0.079,0.378 ± 0.078,0.498 ± 0.074,0.510 ± 0.051,0.517 ± 0.243,0.504 ± 0.215,0.327 ± 0.075,0.692 ± 0.081,0.370 ± 0.110,0.019 ± 0.095,0.014 ± 0.082
DSS,global,Basal,CW-GBSA,Mutations,15,0.462 ± 0.064,0.457 ± 0.067,0.476 ± 0.120,0.458 ± 0.070,0.413 ± 0.080,0.238 ± 0.028,0.255 ± 0.036,0.462 ± 0.064,0.388 ± 0.062,0.467 ± 0.079,0.463 ± 0.053,0.426 ± 0.293,0.501 ± 0.263,0.291 ± 0.097,0.603 ± 0.107,0.319 ± 0.162,-0.085 ± 0.114,-0.073 ± 0.095
DSS,global,HER2-enriched,CW-GBSA,Mutations,15,0.535 ± 0.056,0.547 ± 0.059,0.521 ± 0.106,0.537 ± 0.073,0.603 ± 0.109,0.217 ± 0.027,0.233 ± 0.029,0.537 ± 0.071,0.383 ± 0.080,0.510 ± 0.069,0.550 ± 0.067,0.675 ± 0.125,0.425 ± 0.111,0.371 ± 0.060,0.724 ± 0.093,0.476 ± 0.072,0.097 ± 0.129,0.082 ± 0.114
DSS,global,Claudin-low,CW-GBSA,Mutations,15,0.605 ± 0.103,0.598 ± 0.117,0.618 ± 0.144,0.596 ± 0.118,0.591 ± 0.132,0.144 ± 0.024,0.143 ± 0.032,0.593 ± 0.114,0.284 ± 0.065,0.578 ± 0.102,0.586 ± 0.109,0.593 ± 0.206,0.579 ± 0.132,0.240 ± 0.062,0.853 ± 0.089,0.329 ± 0.091,0.126 ± 0.159,0.099 ± 0.126
DSS,global,Aggressive (Basal/HER2/CL),CW-GBSA,Mutations,15,0.540 ± 0.036,0.544 ± 0.037,0.543 ± 0.061,0.545 ± 0.047,0.550 ± 0.048,0.200 ± 0.017,0.211 ± 0.023,0.545 ± 0.046,0.336 ± 0.054,0.504 ± 0.063,0.558 ± 0.046,0.687 ± 0.168,0.428 ± 0.142,0.337 ± 0.044,0.769 ± 0.072,0.444 ± 0.073,0.110 ± 0.088,0.086 ± 0.070
DSS,global,LumB,CW-GBSA,Mutations,15,0.585 ± 0.055,0.587 ± 0.062,0.602 ± 0.094,0.630 ± 0.083,0.603 ± 0.084,0.150 ± 0.025,0.150 ± 0.021,0.631 ± 0.083,0.326 ± 0.068,0.702 ± 0.059,0.622 ± 0.048,0.488 ± 0.075,0.756 ± 0.081,0.346 ± 0.103,0.855 ± 0.035,0.394 ± 0.069,0.219 ± 0.094,0.210 ± 0.094
DSS,global,LumA,CW-GBSA,Mutations,15,0.571 ± 0.042,0.574 ± 0.055,0.674 ± 0.158,0.652 ± 0.114,0.574 ± 0.065,0.083 ± 0.013,0.068 ± 0.012,0.652 ± 0.115,0.176 ± 0.087,0.593 ± 0.135,0.570 ± 0.098,0.539 ± 0.306,0.600 ± 0.165,0.095 ± 0.050,0.944 ± 0.036,0.152 ± 0.071,0.072 ± 0.107,0.037 ± 0.074
DSS,global,All,SurvSVM,Mutations,15,0.600 ± 0.019,0.607 ± 0.022,0.653 ± 0.045,0.643 ± 0.028,0.621 ± 0.031,,,0.643 ± 0.028,0.281 ± 0.038,0.613 ± 0.034,0.606 ± 0.022,0.594 ± 0.073,0.618 ± 0.054,0.262 ± 0.032,0.870 ± 0.025,0.361 ± 0.031,0.167 ± 0.031,0.141 ± 0.028
DSS,global,TNBC,SurvSVM,Mutations,15,0.526 ± 0.051,0.527 ± 0.051,0.545 ± 0.069,0.547 ± 0.068,0.513 ± 0.062,,,0.544 ± 0.067,0.382 ± 0.075,0.532 ± 0.056,0.528 ± 0.069,0.514 ± 0.177,0.543 ± 0.106,0.344 ± 0.090,0.707 ± 0.092,0.402 ± 0.100,0.053 ± 0.131,0.045 ± 0.116
DSS,global,Basal,SurvSVM,Mutations,15,0.491 ± 0.065,0.487 ± 0.068,0.502 ± 0.107,0.495 ± 0.083,0.472 ± 0.104,,,0.498 ± 0.078,0.403 ± 0.072,0.469 ± 0.047,0.494 ± 0.061,0.565 ± 0.154,0.423 ± 0.074,0.357 ± 0.055,0.631 ± 0.105,0.429 ± 0.073,-0.012 ± 0.120,-0.017 ± 0.113
DSS,global,HER2-enriched,SurvSVM,Mutations,15,0.536 ± 0.059,0.548 ± 0.054,0.560 ± 0.114,0.534 ± 0.088,0.602 ± 0.095,,,0.532 ± 0.088,0.392 ± 0.093,0.479 ± 0.071,0.520 ± 0.065,0.626 ± 0.252,0.413 ± 0.180,0.338 ± 0.068,0.711 ± 0.121,0.422 ± 0.121,0.043 ± 0.143,0.026 ± 0.111
DSS,global,Claudin-low,SurvSVM,Mutations,15,0.590 ± 0.108,0.577 ± 0.120,0.568 ± 0.182,0.581 ± 0.139,0.575 ± 0.129,,,0.577 ± 0.137,0.307 ± 0.122,0.600 ± 0.148,0.552 ± 0.101,0.487 ± 0.234,0.617 ± 0.196,0.235 ± 0.081,0.837 ± 0.078,0.303 ± 0.106,0.086 ± 0.166,0.073 ± 0.145
DSS,global,Aggressive (Basal/HER2/CL),SurvSVM,Mutations,15,0.546 ± 0.033,0.549 ± 0.033,0.556 ± 0.057,0.550 ± 0.053,0.563 ± 0.046,,,0.550 ± 0.053,0.346 ± 0.058,0.499 ± 0.046,0.535 ± 0.054,0.615 ± 0.157,0.454 ± 0.090,0.320 ± 0.052,0.742 ± 0.075,0.416 ± 0.067,0.066 ± 0.103,0.050 ± 0.086
DSS,global,LumB,SurvSVM,Mutations,15,0.597 ± 0.057,0.601 ± 0.057,0.646 ± 0.099,0.641 ± 0.064,0.614 ± 0.079,,,0.642 ± 0.064,0.344 ± 0.084,0.619 ± 0.078,0.592 ± 0.052,0.548 ± 0.086,0.636 ± 0.105,0.278 ± 0.064,0.848 ± 0.041,0.364 ± 0.064,0.152 ± 0.087,0.137 ± 0.083
DSS,global,LumA,SurvSVM,Mutations,15,0.542 ± 0.052,0.558 ± 0.068,0.599 ± 0.180,0.593 ± 0.129,0.566 ± 0.080,,,0.593 ± 0.130,0.163 ± 0.074,0.533 ± 0.118,0.556 ± 0.088,0.579 ± 0.252,0.533 ± 0.146,0.089 ± 0.029,0.941 ± 0.032,0.147 ± 0.044,0.058 ± 0.083,0.028 ± 0.040
DSS,global,All,XGB-Cox,Mutations,15,0.609 ± 0.019,0.615 ± 0.022,0.658 ± 0.050,0.655 ± 0.026,0.629 ± 0.029,0.141 ± 0.013,0.139 ± 0.013,0.655 ± 0.027,0.281 ± 0.031,0.653 ± 0.033,0.608 ± 0.033,0.535 ± 0.090,0.682 ± 0.052,0.276 ± 0.036,0.866 ± 0.029,0.361 ± 0.038,0.175 ± 0.048,0.157 ± 0.042
DSS,global,TNBC,XGB-Cox,Mutations,15,0.535 ± 0.055,0.533 ± 0.054,0.536 ± 0.080,0.565 ± 0.057,0.527 ± 0.064,0.214 ± 0.026,0.225 ± 0.035,0.563 ± 0.058,0.406 ± 0.084,0.594 ± 0.054,0.540 ± 0.059,0.398 ± 0.147,0.683 ± 0.092,0.370 ± 0.099,0.707 ± 0.066,0.374 ± 0.116,0.078 ± 0.115,0.077 ± 0.114
DSS,global,Basal,XGB-Cox,Mutations,15,0.498 ± 0.068,0.492 ± 0.068,0.496 ± 0.114,0.516 ± 0.076,0.469 ± 0.099,0.240 ± 0.029,0.255 ± 0.037,0.519 ± 0.074,0.414 ± 0.086,0.542 ± 0.066,0.511 ± 0.053,0.405 ± 0.175,0.617 ± 0.162,0.382 ± 0.097,0.641 ± 0.078,0.377 ± 0.111,0.022 ± 0.107,0.020 ± 0.102
DSS,global,HER2-enriched,XGB-Cox,Mutations,15,0.528 ± 0.066,0.539 ± 0.066,0.541 ± 0.129,0.527 ± 0.098,0.595 ± 0.109,0.217 ± 0.028,0.234 ± 0.029,0.528 ± 0.098,0.391 ± 0.094,0.533 ± 0.074,0.513 ± 0.089,0.460 ± 0.233,0.565 ± 0.132,0.332 ± 0.110,0.687 ± 0.093,0.377 ± 0.146,0.023 ± 0.178,0.016 ± 0.163
DSS,global,Claudin-low,XGB-Cox,Mutations,15,0.619 ± 0.094,0.601 ± 0.107,0.609 ± 0.153,0.614 ± 0.112,0.605 ± 0.114,0.143 ± 0.023,0.143 ± 0.032,0.610 ± 0.108,0.322 ± 0.110,0.609 ± 0.124,0.564 ± 0.096,0.496 ± 0.203,0.632 ± 0.162,0.238 ± 0.078,0.843 ± 0.070,0.312 ± 0.097,0.101 ± 0.145,0.089 ± 0.121
DSS,global,Aggressive (Basal/HER2/CL),XGB-Cox,Mutations,15,0.556 ± 0.030,0.559 ± 0.032,0.555 ± 0.060,0.567 ± 0.040,0.579 ± 0.046,0.200 ± 0.018,0.211 ± 0.023,0.567 ± 0.040,0.351 ± 0.048,0.584 ± 0.059,0.548 ± 0.029,0.463 ± 0.116,0.634 ± 0.116,0.354 ± 0.043,0.736 ± 0.050,0.394 ± 0.040,0.093 ± 0.057,0.089 ± 0.055
DSS,global,LumB,XGB-Cox,Mutations,15,0.589 ± 0.056,0.591 ± 0.055,0.614 ± 0.112,0.623 ± 0.065,0.603 ± 0.073,0.151 ± 0.023,0.151 ± 0.021,0.624 ± 0.065,0.328 ± 0.077,0.657 ± 0.082,0.579 ± 0.066,0.447 ± 0.141,0.712 ± 0.120,0.288 ± 0.096,0.838 ± 0.044,0.337 ± 0.089,0.141 ± 0.118,0.133 ± 0.112
DSS,global,LumA,XGB-Cox,Mutations,15,0.563 ± 0.051,0.574 ± 0.061,0.635 ± 0.136,0.637 ± 0.122,0.581 ± 0.074,0.084 ± 0.015,0.069 ± 0.014,0.637 ± 0.122,0.182 ± 0.073,0.533 ± 0.117,0.552 ± 0.083,0.572 ± 0.188,0.532 ± 0.136,0.093 ± 0.035,0.937 ± 0.030,0.154 ± 0.046,0.055 ± 0.077,0.033 ± 0.044
DSS,global,All,CoxPH,Clin+Genes,15,0.702 ± 0.032,0.704 ± 0.035,0.730 ± 0.041,0.751 ± 0.044,0.734 ± 0.042,0.130 ± 0.015,0.127 ± 0.012,0.752 ± 0.044,0.418 ± 0.077,0.703 ± 0.033,0.682 ± 0.044,0.647 ± 0.095,0.717 ± 0.043,0.342 ± 0.058,0.899 ± 0.029,0.444 ± 0.059,0.296 ± 0.072,0.269 ± 0.069
DSS,global,TNBC,CoxPH,Clin+Genes,15,0.628 ± 0.062,0.620 ± 0.067,0.650 ± 0.094,0.680 ± 0.079,0.636 ± 0.087,0.203 ± 0.024,0.206 ± 0.024,0.682 ± 0.078,0.554 ± 0.124,0.659 ± 0.066,0.620 ± 0.063,0.513 ± 0.145,0.727 ± 0.146,0.498 ± 0.152,0.761 ± 0.061,0.484 ± 0.097,0.248 ± 0.129,0.236 ± 0.123
DSS,global,Basal,CoxPH,Clin+Genes,15,0.567 ± 0.063,0.567 ± 0.068,0.586 ± 0.097,0.606 ± 0.094,0.584 ± 0.091,0.240 ± 0.032,0.249 ± 0.034,0.607 ± 0.092,0.533 ± 0.132,0.609 ± 0.083,0.582 ± 0.078,0.481 ± 0.162,0.683 ± 0.148,0.487 ± 0.140,0.695 ± 0.067,0.467 ± 0.118,0.172 ± 0.159,0.165 ± 0.156
DSS,global,HER2-enriched,CoxPH,Clin+Genes,15,0.631 ± 0.058,0.632 ± 0.061,0.659 ± 0.082,0.671 ± 0.070,0.680 ± 0.084,0.201 ± 0.028,0.210 ± 0.024,0.673 ± 0.070,0.542 ± 0.100,0.631 ± 0.044,0.622 ± 0.046,0.598 ± 0.169,0.645 ± 0.117,0.462 ± 0.068,0.772 ± 0.071,0.510 ± 0.079,0.239 ± 0.089,0.224 ± 0.080
DSS,global,Claudin-low,CoxPH,Clin+Genes,15,0.738 ± 0.050,0.732 ± 0.055,0.815 ± 0.097,0.777 ± 0.116,0.744 ± 0.082,0.120 ± 0.022,0.116 ± 0.023,0.780 ± 0.116,0.574 ± 0.173,0.754 ± 0.100,0.700 ± 0.105,0.619 ± 0.210,0.781 ± 0.135,0.433 ± 0.177,0.903 ± 0.053,0.482 ± 0.145,0.362 ± 0.183,0.339 ± 0.175
DSS,global,Aggressive (Basal/HER2/CL),CoxPH,Clin+Genes,15,0.650 ± 0.029,0.650 ± 0.026,0.674 ± 0.042,0.694 ± 0.036,0.684 ± 0.037,0.187 ± 0.015,0.192 ± 0.014,0.695 ± 0.036,0.507 ± 0.075,0.657 ± 0.029,0.634 ± 0.042,0.590 ± 0.160,0.679 ± 0.099,0.439 ± 0.044,0.803 ± 0.043,0.496 ± 0.078,0.255 ± 0.071,0.242 ± 0.062
DSS,global,LumB,CoxPH,Clin+Genes,15,0.659 ± 0.051,0.655 ± 0.063,0.625 ± 0.085,0.702 ± 0.085,0.684 ± 0.084,0.146 ± 0.029,0.150 ± 0.028,0.703 ± 0.083,0.389 ± 0.119,0.631 ± 0.084,0.627 ± 0.079,0.624 ± 0.180,0.630 ± 0.119,0.299 ± 0.065,0.873 ± 0.067,0.396 ± 0.082,0.209 ± 0.129,0.178 ± 0.106
DSS,global,LumA,CoxPH,Clin+Genes,15,0.709 ± 0.062,0.708 ± 0.076,0.714 ± 0.139,0.744 ± 0.104,0.729 ± 0.087,0.071 ± 0.014,0.057 ± 0.014,0.744 ± 0.104,0.301 ± 0.130,0.710 ± 0.066,0.665 ± 0.080,0.610 ± 0.182,0.720 ± 0.076,0.147 ± 0.046,0.957 ± 0.027,0.231 ± 0.067,0.183 ± 0.088,0.131 ± 0.068
DSS,global,All,CoxNet,Clin+Genes,15,0.718 ± 0.027,0.719 ± 0.030,0.786 ± 0.038,0.785 ± 0.040,0.744 ± 0.035,0.127 ± 0.012,0.125 ± 0.010,0.786 ± 0.040,0.449 ± 0.080,0.698 ± 0.033,0.711 ± 0.035,0.731 ± 0.091,0.690 ± 0.050,0.350 ± 0.040,0.920 ± 0.025,0.471 ± 0.044,0.337 ± 0.054,0.295 ± 0.047
DSS,global,TNBC,CoxNet,Clin+Genes,15,0.660 ± 0.042,0.655 ± 0.048,0.725 ± 0.059,0.717 ± 0.052,0.666 ± 0.064,0.191 ± 0.020,0.200 ± 0.026,0.719 ± 0.051,0.576 ± 0.130,0.677 ± 0.047,0.649 ± 0.045,0.588 ± 0.132,0.710 ± 0.108,0.500 ± 0.100,0.789 ± 0.047,0.531 ± 0.089,0.293 ± 0.092,0.284 ± 0.090
DSS,global,Basal,CoxNet,Clin+Genes,15,0.598 ± 0.061,0.598 ± 0.066,0.665 ± 0.090,0.639 ± 0.082,0.601 ± 0.086,0.224 ± 0.026,0.235 ± 0.031,0.644 ± 0.078,0.529 ± 0.125,0.620 ± 0.069,0.602 ± 0.079,0.566 ± 0.180,0.639 ± 0.102,0.475 ± 0.112,0.729 ± 0.069,0.511 ± 0.131,0.204 ± 0.158,0.197 ± 0.154
DSS,global,HER2-enriched,CoxNet,Clin+Genes,15,0.664 ± 0.052,0.659 ± 0.057,0.731 ± 0.072,0.725 ± 0.064,0.696 ± 0.073,0.192 ± 0.024,0.203 ± 0.026,0.727 ± 0.063,0.594 ± 0.115,0.661 ± 0.071,0.648 ± 0.058,0.610 ± 0.149,0.687 ± 0.137,0.509 ± 0.091,0.782 ± 0.071,0.541 ± 0.077,0.294 ± 0.111,0.281 ± 0.112
DSS,global,Claudin-low,CoxNet,Clin+Genes,15,0.747 ± 0.058,0.734 ± 0.079,0.872 ± 0.045,0.815 ± 0.088,0.744 ± 0.099,0.119 ± 0.019,0.117 ± 0.025,0.818 ± 0.087,0.630 ± 0.141,0.759 ± 0.089,0.701 ± 0.075,0.620 ± 0.211,0.783 ± 0.140,0.440 ± 0.145,0.907 ± 0.037,0.482 ± 0.113,0.367 ± 0.121,0.339 ± 0.122
DSS,global,Aggressive (Basal/HER2/CL),CoxNet,Clin+Genes,15,0.681 ± 0.025,0.678 ± 0.025,0.760 ± 0.029,0.745 ± 0.036,0.702 ± 0.030,0.179 ± 0.014,0.185 ± 0.017,0.746 ± 0.035,0.542 ± 0.097,0.671 ± 0.050,0.662 ± 0.036,0.643 ± 0.126,0.680 ± 0.105,0.467 ± 0.073,0.824 ± 0.032,0.534 ± 0.070,0.307 ± 0.071,0.292 ± 0.074
DSS,global,LumB,CoxNet,Clin+Genes,15,0.680 ± 0.039,0.681 ± 0.048,0.663 ± 0.077,0.740 ± 0.063,0.719 ± 0.061,0.141 ± 0.022,0.145 ± 0.020,0.739 ± 0.062,0.403 ± 0.110,0.631 ± 0.074,0.667 ± 0.073,0.731 ± 0.187,0.604 ± 0.115,0.314 ± 0.057,0.904 ± 0.053,0.432 ± 0.080,0.269 ± 0.111,0.219 ± 0.091
DSS,global,LumA,CoxNet,Clin+Genes,15,0.700 ± 0.073,0.704 ± 0.082,0.716 ± 0.145,0.752 ± 0.097,0.726 ± 0.093,0.074 ± 0.013,0.060 ± 0.013,0.752 ± 0.098,0.316 ± 0.147,0.690 ± 0.125,0.673 ± 0.090,0.648 ± 0.214,0.697 ± 0.141,0.155 ± 0.061,0.959 ± 0.029,0.239 ± 0.077,0.195 ± 0.097,0.139 ± 0.082
DSS,global,All,RSF,Clin+Genes,15,0.732 ± 0.023,0.734 ± 0.026,0.808 ± 0.034,0.804 ± 0.037,0.754 ± 0.032,0.122 ± 0.012,0.119 ± 0.010,0.805 ± 0.037,0.475 ± 0.073,0.765 ± 0.030,0.721 ± 0.039,0.651 ± 0.093,0.792 ± 0.042,0.417 ± 0.047,0.909 ± 0.029,0.504 ± 0.038,0.379 ± 0.056,0.360 ± 0.051
DSS,global,TNBC,RSF,Clin+Genes,15,0.671 ± 0.034,0.669 ± 0.038,0.744 ± 0.042,0.729 ± 0.040,0.693 ± 0.059,0.185 ± 0.018,0.192 ± 0.021,0.730 ± 0.039,0.574 ± 0.114,0.685 ± 0.047,0.658 ± 0.043,0.602 ± 0.097,0.714 ± 0.091,0.507 ± 0.101,0.794 ± 0.037,0.547 ± 0.087,0.309 ± 0.092,0.303 ± 0.092
DSS,global,Basal,RSF,Clin+Genes,15,0.618 ± 0.065,0.621 ± 0.067,0.687 ± 0.075,0.653 ± 0.088,0.627 ± 0.105,0.213 ± 0.025,0.223 ± 0.025,0.655 ± 0.087,0.542 ± 0.145,0.630 ± 0.084,0.615 ± 0.080,0.559 ± 0.101,0.671 ± 0.128,0.510 ± 0.140,0.721 ± 0.063,0.526 ± 0.100,0.230 ± 0.163,0.225 ± 0.160
DSS,global,HER2-enriched,RSF,Clin+Genes,15,0.680 ± 0.053,0.678 ± 0.058,0.748 ± 0.060,0.760 ± 0.048,0.727 ± 0.074,0.182 ± 0.019,0.189 ± 0.017,0.762 ± 0.048,0.605 ± 0.083,0.676 ± 0.058,0.682 ± 0.055,0.698 ± 0.106,0.667 ± 0.085,0.515 ± 0.084,0.816 ± 0.066,0.587 ± 0.071,0.348 ± 0.107,0.332 ± 0.106
DSS,global,Claudin-low,RSF,Clin+Genes,15,0.746 ± 0.052,0.730 ± 0.071,0.877 ± 0.042,0.826 ± 0.066,0.733 ± 0.094,0.119 ± 0.018,0.115 ± 0.021,0.828 ± 0.065,0.617 ± 0.147,0.769 ± 0.056,0.735 ± 0.059,0.683 ± 0.142,0.787 ± 0.084,0.430 ± 0.115,0.918 ± 0.039,0.516 ± 0.095,0.403 ± 0.104,0.377 ± 0.104
DSS,global,Aggressive (Basal/HER2/CL),RSF,Clin+Genes,15,0.690 ± 0.024,0.688 ± 0.022,0.767 ± 0.031,0.759 ± 0.029,0.714 ± 0.030,0.172 ± 0.012,0.176 ± 0.013,0.759 ± 0.029,0.550 ± 0.086,0.699 ± 0.039,0.681 ± 0.031,0.640 ± 0.057,0.722 ± 0.063,0.499 ± 0.059,0.825 ± 0.029,0.558 ± 0.048,0.342 ± 0.062,0.335 ± 0.064
DSS,global,LumB,RSF,Clin+Genes,15,0.686 ± 0.054,0.683 ± 0.061,0.675 ± 0.066,0.745 ± 0.070,0.713 ± 0.077,0.136 ± 0.020,0.139 ± 0.018,0.744 ± 0.070,0.412 ± 0.110,0.718 ± 0.057,0.670 ± 0.077,0.594 ± 0.172,0.747 ± 0.074,0.368 ± 0.083,0.883 ± 0.048,0.447 ± 0.106,0.291 ± 0.130,0.272 ± 0.123
DSS,global,LumA,RSF,Clin+Genes,15,0.733 ± 0.059,0.740 ± 0.070,0.737 ± 0.145,0.783 ± 0.093,0.767 ± 0.080,0.070 ± 0.015,0.057 ± 0.014,0.782 ± 0.094,0.338 ± 0.167,0.761 ± 0.051,0.701 ± 0.095,0.628 ± 0.201,0.774 ± 0.059,0.182 ± 0.066,0.961 ± 0.027,0.274 ± 0.085,0.237 ± 0.108,0.183 ± 0.090
DSS,global,All,ExtraSurvTrees,Clin+Genes,15,0.714 ± 0.020,0.716 ± 0.022,0.789 ± 0.033,0.784 ± 0.038,0.731 ± 0.027,0.126 ± 0.013,0.123 ± 0.011,0.785 ± 0.037,0.445 ± 0.056,0.713 ± 0.028,0.714 ± 0.030,0.713 ± 0.068,0.714 ± 0.039,0.362 ± 0.037,0.916 ± 0.024,0.478 ± 0.032,0.344 ± 0.041,0.308 ± 0.039
DSS,global,TNBC,ExtraSurvTrees,Clin+Genes,15,0.653 ± 0.040,0.651 ± 0.043,0.728 ± 0.039,0.704 ± 0.047,0.651 ± 0.068,0.193 ± 0.019,0.201 ± 0.024,0.705 ± 0.047,0.564 ± 0.105,0.656 ± 0.067,0.638 ± 0.045,0.592 ± 0.109,0.683 ± 0.120,0.494 ± 0.137,0.780 ± 0.057,0.523 ± 0.076,0.273 ± 0.107,0.261 ± 0.101
DSS,global,Basal,ExtraSurvTrees,Clin+Genes,15,0.599 ± 0.065,0.603 ± 0.063,0.687 ± 0.073,0.618 ± 0.093,0.589 ± 0.091,0.218 ± 0.022,0.230 ± 0.023,0.620 ± 0.092,0.512 ± 0.115,0.628 ± 0.073,0.600 ± 0.075,0.520 ± 0.156,0.681 ± 0.110,0.494 ± 0.119,0.712 ± 0.065,0.499 ± 0.123,0.203 ± 0.152,0.199 ± 0.148
DSS,global,HER2-enriched,ExtraSurvTrees,Clin+Genes,15,0.659 ± 0.068,0.657 ± 0.072,0.709 ± 0.080,0.734 ± 0.079,0.699 ± 0.100,0.187 ± 0.023,0.194 ± 0.021,0.736 ± 0.079,0.575 ± 0.099,0.695 ± 0.060,0.698 ± 0.066,0.703 ± 0.132,0.694 ± 0.091,0.540 ± 0.077,0.824 ± 0.085,0.603 ± 0.067,0.380 ± 0.122,0.364 ± 0.113
DSS,global,Claudin-low,ExtraSurvTrees,Clin+Genes,15,0.721 ± 0.067,0.704 ± 0.088,0.858 ± 0.050,0.792 ± 0.078,0.689 ± 0.125,0.130 ± 0.021,0.125 ± 0.026,0.793 ± 0.075,0.547 ± 0.146,0.723 ± 0.062,0.680 ± 0.066,0.611 ± 0.173,0.749 ± 0.102,0.368 ± 0.109,0.896 ± 0.048,0.440 ± 0.089,0.305 ± 0.101,0.278 ± 0.094
DSS,global,Aggressive (Basal/HER2/CL),ExtraSurvTrees,Clin+Genes,15,0.668 ± 0.026,0.666 ± 0.026,0.739 ± 0.039,0.731 ± 0.040,0.682 ± 0.043,0.178 ± 0.014,0.183 ± 0.016,0.732 ± 0.039,0.513 ± 0.076,0.683 ± 0.048,0.666 ± 0.046,0.631 ± 0.100,0.700 ± 0.079,0.477 ± 0.057,0.819 ± 0.039,0.541 ± 0.065,0.313 ± 0.086,0.304 ± 0.084
DSS,global,LumB,ExtraSurvTrees,Clin+Genes,15,0.664 ± 0.051,0.665 ± 0.060,0.648 ± 0.104,0.714 ± 0.067,0.693 ± 0.076,0.141 ± 0.020,0.144 ± 0.018,0.714 ± 0.067,0.387 ± 0.109,0.674 ± 0.063,0.653 ± 0.074,0.622 ± 0.142,0.685 ± 0.078,0.333 ± 0.085,0.881 ± 0.045,0.428 ± 0.095,0.256 ± 0.124,0.231 ± 0.114
DSS,global,LumA,ExtraSurvTrees,Clin+Genes,15,0.712 ± 0.060,0.719 ± 0.072,0.703 ± 0.144,0.761 ± 0.097,0.741 ± 0.082,0.071 ± 0.015,0.058 ± 0.014,0.759 ± 0.098,0.329 ± 0.191,0.703 ± 0.053,0.694 ± 0.093,0.681 ± 0.221,0.706 ± 0.066,0.153 ± 0.049,0.965 ± 0.030,0.245 ± 0.073,0.211 ± 0.103,0.144 ± 0.074
DSS,global,All,GBSA,Clin+Genes,15,0.729 ± 0.025,0.732 ± 0.027,0.791 ± 0.033,0.794 ± 0.036,0.758 ± 0.032,0.124 ± 0.011,0.122 ± 0.009,0.794 ± 0.036,0.452 ± 0.085,0.761 ± 0.035,0.704 ± 0.047,0.613 ± 0.100,0.795 ± 0.045,0.407 ± 0.058,0.900 ± 0.029,0.484 ± 0.056,0.353 ± 0.073,0.338 ± 0.071
DSS,global,TNBC,GBSA,Clin+Genes,15,0.661 ± 0.039,0.659 ± 0.045,0.727 ± 0.052,0.723 ± 0.050,0.685 ± 0.075,0.192 ± 0.021,0.198 ± 0.021,0.724 ± 0.050,0.556 ± 0.125,0.699 ± 0.060,0.653 ± 0.057,0.531 ± 0.096,0.776 ± 0.088,0.539 ± 0.130,0.777 ± 0.058,0.528 ± 0.093,0.311 ± 0.123,0.306 ± 0.121
DSS,global,Basal,GBSA,Clin+Genes,15,0.600 ± 0.054,0.602 ± 0.058,0.659 ± 0.070,0.640 ± 0.076,0.607 ± 0.100,0.232 ± 0.039,0.240 ± 0.036,0.642 ± 0.074,0.523 ± 0.134,0.625 ± 0.098,0.597 ± 0.089,0.495 ± 0.123,0.698 ± 0.137,0.502 ± 0.128,0.699 ± 0.090,0.491 ± 0.109,0.197 ± 0.181,0.195 ± 0.179
DSS,global,HER2-enriched,GBSA,Clin+Genes,15,0.673 ± 0.044,0.670 ± 0.050,0.724 ± 0.059,0.737 ± 0.046,0.719 ± 0.068,0.187 ± 0.021,0.197 ± 0.017,0.738 ± 0.045,0.573 ± 0.098,0.689 ± 0.055,0.661 ± 0.067,0.580 ± 0.136,0.743 ± 0.069,0.530 ± 0.082,0.781 ± 0.064,0.548 ± 0.096,0.316 ± 0.124,0.312 ± 0.122
DSS,global,Claudin-low,GBSA,Clin+Genes,15,0.755 ± 0.062,0.740 ± 0.080,0.874 ± 0.049,0.831 ± 0.089,0.746 ± 0.106,0.113 ± 0.019,0.107 ± 0.019,0.833 ± 0.087,0.647 ± 0.167,0.758 ± 0.078,0.721 ± 0.108,0.662 ± 0.216,0.780 ± 0.107,0.433 ± 0.168,0.913 ± 0.048,0.497 ± 0.144,0.385 ± 0.174,0.357 ± 0.165
DSS,global,Aggressive (Basal/HER2/CL),GBSA,Clin+Genes,15,0.684 ± 0.023,0.683 ± 0.023,0.749 ± 0.029,0.748 ± 0.028,0.711 ± 0.032,0.177 ± 0.016,0.182 ± 0.015,0.749 ± 0.028,0.527 ± 0.091,0.705 ± 0.050,0.672 ± 0.053,0.592 ± 0.105,0.751 ± 0.068,0.506 ± 0.073,0.813 ± 0.047,0.542 ± 0.072,0.331 ± 0.100,0.326 ± 0.098
DSS,global,LumB,GBSA,Clin+Genes,15,0.682 ± 0.054,0.682 ± 0.064,0.667 ± 0.090,0.734 ± 0.073,0.711 ± 0.081,0.136 ± 0.021,0.142 ± 0.019,0.734 ± 0.072,0.406 ± 0.113,0.715 ± 0.063,0.665 ± 0.081,0.588 ± 0.175,0.742 ± 0.080,0.360 ± 0.081,0.882 ± 0.048,0.443 ± 0.109,0.283 ± 0.139,0.265 ± 0.130
DSS,global,LumA,GBSA,Clin+Genes,15,0.738 ± 0.050,0.748 ± 0.055,0.734 ± 0.138,0.788 ± 0.083,0.774 ± 0.063,0.071 ± 0.014,0.058 ± 0.014,0.787 ± 0.084,0.331 ± 0.143,0.761 ± 0.047,0.721 ± 0.094,0.670 ± 0.205,0.771 ± 0.058,0.191 ± 0.070,0.965 ± 0.027,0.287 ± 0.084,0.258 ± 0.105,0.197 ± 0.087
DSS,global,All,CW-GBSA,Clin+Genes,15,0.723 ± 0.027,0.725 ± 0.029,0.782 ± 0.038,0.788 ± 0.042,0.752 ± 0.033,0.125 ± 0.012,0.123 ± 0.010,0.789 ± 0.041,0.456 ± 0.080,0.714 ± 0.039,0.718 ± 0.035,0.722 ± 0.063,0.713 ± 0.048,0.366 ± 0.052,0.918 ± 0.023,0.483 ± 0.049,0.351 ± 0.059,0.315 ± 0.062
DSS,global,TNBC,CW-GBSA,Clin+Genes,15,0.659 ± 0.045,0.654 ± 0.051,0.727 ± 0.060,0.716 ± 0.057,0.665 ± 0.066,0.193 ± 0.022,0.202 ± 0.027,0.718 ± 0.056,0.581 ± 0.127,0.687 ± 0.048,0.651 ± 0.035,0.569 ± 0.129,0.732 ± 0.103,0.512 ± 0.081,0.787 ± 0.048,0.531 ± 0.078,0.300 ± 0.073,0.293 ± 0.071
DSS,global,Basal,CW-GBSA,Clin+Genes,15,0.605 ± 0.057,0.605 ± 0.060,0.678 ± 0.082,0.645 ± 0.082,0.607 ± 0.081,0.225 ± 0.027,0.238 ± 0.029,0.649 ± 0.078,0.543 ± 0.134,0.639 ± 0.090,0.606 ± 0.087,0.489 ± 0.106,0.723 ± 0.120,0.522 ± 0.153,0.707 ± 0.063,0.499 ± 0.115,0.220 ± 0.180,0.216 ± 0.176
DSS,global,HER2-enriched,CW-GBSA,Clin+Genes,15,0.666 ± 0.047,0.662 ± 0.050,0.712 ± 0.079,0.725 ± 0.056,0.703 ± 0.073,0.185 ± 0.021,0.195 ± 0.021,0.727 ± 0.056,0.582 ± 0.100,0.659 ± 0.072,0.651 ± 0.045,0.640 ± 0.163,0.663 ± 0.162,0.512 ± 0.078,0.791 ± 0.061,0.550 ± 0.061,0.302 ± 0.083,0.284 ± 0.082
DSS,global,Claudin-low,CW-GBSA,Clin+Genes,15,0.742 ± 0.059,0.728 ± 0.080,0.853 ± 0.064,0.800 ± 0.098,0.736 ± 0.097,0.119 ± 0.019,0.116 ± 0.024,0.802 ± 0.097,0.624 ± 0.158,0.771 ± 0.067,0.714 ± 0.085,0.629 ± 0.199,0.800 ± 0.102,0.441 ± 0.152,0.909 ± 0.042,0.495 ± 0.125,0.382 ± 0.142,0.358 ± 0.138
DSS,global,Aggressive (Basal/HER2/CL),CW-GBSA,Clin+Genes,15,0.681 ± 0.026,0.678 ± 0.024,0.744 ± 0.033,0.739 ± 0.036,0.705 ± 0.029,0.177 ± 0.013,0.183 ± 0.015,0.740 ± 0.035,0.540 ± 0.088,0.671 ± 0.029,0.662 ± 0.026,0.646 ± 0.112,0.679 ± 0.084,0.465 ± 0.052,0.823 ± 0.039,0.535 ± 0.049,0.306 ± 0.049,0.291 ± 0.042
DSS,global,LumB,CW-GBSA,Clin+Genes,15,0.694 ± 0.042,0.695 ± 0.052,0.671 ± 0.069,0.747 ± 0.064,0.736 ± 0.065,0.139 ± 0.021,0.145 ± 0.019,0.747 ± 0.062,0.407 ± 0.117,0.663 ± 0.078,0.672 ± 0.059,0.690 ± 0.161,0.654 ± 0.121,0.336 ± 0.066,0.898 ± 0.041,0.443 ± 0.074,0.283 ± 0.091,0.244 ± 0.088
DSS,global,LumA,CW-GBSA,Clin+Genes,15,0.708 ± 0.067,0.711 ± 0.076,0.718 ± 0.153,0.758 ± 0.095,0.734 ± 0.088,0.072 ± 0.014,0.059 ± 0.013,0.757 ± 0.096,0.327 ± 0.154,0.694 ± 0.067,0.695 ± 0.082,0.693 ± 0.186,0.697 ± 0.079,0.155 ± 0.052,0.964 ± 0.028,0.246 ± 0.072,0.212 ± 0.091,0.146 ± 0.075
DSS,global,All,SurvSVM,Clin+Genes,15,0.710 ± 0.030,0.712 ± 0.031,0.756 ± 0.037,0.763 ± 0.044,0.740 ± 0.035,,,0.764 ± 0.044,0.431 ± 0.090,0.714 ± 0.037,0.696 ± 0.040,0.668 ± 0.094,0.725 ± 0.052,0.357 ± 0.057,0.906 ± 0.027,0.461 ± 0.055,0.321 ± 0.067,0.292 ± 0.065
DSS,global,TNBC,SurvSVM,Clin+Genes,15,0.638 ± 0.062,0.631 ± 0.065,0.663 ± 0.089,0.685 ± 0.075,0.645 ± 0.083,,,0.687 ± 0.074,0.550 ± 0.129,0.639 ± 0.068,0.630 ± 0.075,0.617 ± 0.135,0.644 ± 0.093,0.453 ± 0.119,0.783 ± 0.061,0.517 ± 0.118,0.248 ± 0.145,0.238 ± 0.144
DSS,global,Basal,SurvSVM,Clin+Genes,15,0.579 ± 0.067,0.579 ± 0.073,0.598 ± 0.104,0.610 ± 0.106,0.597 ± 0.102,,,0.613 ± 0.102,0.534 ± 0.146,0.580 ± 0.081,0.569 ± 0.075,0.536 ± 0.148,0.601 ± 0.147,0.450 ± 0.118,0.693 ± 0.074,0.478 ± 0.106,0.140 ± 0.150,0.134 ± 0.144
DSS,global,HER2-enriched,SurvSVM,Clin+Genes,15,0.636 ± 0.056,0.637 ± 0.060,0.680 ± 0.071,0.682 ± 0.069,0.683 ± 0.086,,,0.684 ± 0.069,0.559 ± 0.098,0.653 ± 0.060,0.640 ± 0.070,0.618 ± 0.159,0.662 ± 0.093,0.480 ± 0.093,0.785 ± 0.053,0.534 ± 0.112,0.272 ± 0.135,0.262 ± 0.130
DSS,global,Claudin-low,SurvSVM,Clin+Genes,15,0.733 ± 0.049,0.720 ± 0.056,0.839 ± 0.083,0.784 ± 0.104,0.727 ± 0.081,,,0.786 ± 0.103,0.579 ± 0.151,0.710 ± 0.111,0.678 ± 0.082,0.635 ± 0.184,0.722 ± 0.163,0.392 ± 0.196,0.899 ± 0.051,0.451 ± 0.124,0.316 ± 0.164,0.284 ± 0.160
DSS,global,Aggressive (Basal/HER2/CL),SurvSVM,Clin+Genes,15,0.657 ± 0.028,0.657 ± 0.026,0.697 ± 0.037,0.706 ± 0.037,0.686 ± 0.035,,,0.706 ± 0.037,0.511 ± 0.091,0.648 ± 0.043,0.646 ± 0.043,0.646 ± 0.118,0.646 ± 0.083,0.439 ± 0.069,0.817 ± 0.040,0.518 ± 0.073,0.273 ± 0.085,0.257 ± 0.079
DSS,global,LumB,SurvSVM,Clin+Genes,15,0.659 ± 0.051,0.657 ± 0.064,0.627 ± 0.086,0.696 ± 0.085,0.686 ± 0.083,,,0.697 ± 0.082,0.394 ± 0.117,0.640 ± 0.064,0.633 ± 0.065,0.624 ± 0.119,0.642 ± 0.079,0.304 ± 0.070,0.873 ± 0.047,0.405 ± 0.081,0.216 ± 0.108,0.190 ± 0.097
DSS,global,LumA,SurvSVM,Clin+Genes,15,0.718 ± 0.058,0.720 ± 0.072,0.722 ± 0.147,0.754 ± 0.099,0.743 ± 0.083,,,0.753 ± 0.100,0.335 ± 0.154,0.719 ± 0.065,0.686 ± 0.068,0.642 ± 0.181,0.729 ± 0.081,0.161 ± 0.052,0.960 ± 0.026,0.248 ± 0.066,0.208 ± 0.071,0.151 ± 0.063
DSS,global,All,XGB-Cox,Clin+Genes,15,0.723 ± 0.024,0.726 ± 0.024,0.779 ± 0.033,0.787 ± 0.036,0.753 ± 0.028,0.126 ± 0.012,0.122 ± 0.010,0.788 ± 0.036,0.450 ± 0.078,0.766 ± 0.029,0.703 ± 0.039,0.603 ± 0.073,0.803 ± 0.029,0.410 ± 0.052,0.899 ± 0.024,0.486 ± 0.053,0.354 ± 0.067,0.342 ± 0.066
DSS,global,TNBC,XGB-Cox,Clin+Genes,15,0.654 ± 0.047,0.649 ± 0.053,0.712 ± 0.057,0.719 ± 0.066,0.678 ± 0.082,0.195 ± 0.024,0.197 ± 0.020,0.720 ± 0.065,0.565 ± 0.141,0.685 ± 0.064,0.650 ± 0.063,0.560 ± 0.091,0.739 ± 0.097,0.511 ± 0.132,0.781 ± 0.045,0.530 ± 0.103,0.295 ± 0.131,0.292 ± 0.131
DSS,global,Basal,XGB-Cox,Clin+Genes,15,0.587 ± 0.056,0.589 ± 0.060,0.626 ± 0.081,0.628 ± 0.078,0.601 ± 0.095,0.236 ± 0.040,0.242 ± 0.038,0.629 ± 0.077,0.537 ± 0.128,0.613 ± 0.071,0.597 ± 0.066,0.532 ± 0.081,0.662 ± 0.122,0.489 ± 0.128,0.705 ± 0.063,0.502 ± 0.081,0.194 ± 0.135,0.190 ± 0.131
DSS,global,HER2-enriched,XGB-Cox,Clin+Genes,15,0.661 ± 0.055,0.659 ± 0.061,0.704 ± 0.071,0.720 ± 0.059,0.705 ± 0.080,0.194 ± 0.026,0.203 ± 0.021,0.722 ± 0.059,0.558 ± 0.092,0.663 ± 0.068,0.621 ± 0.071,0.498 ± 0.147,0.745 ± 0.100,0.500 ± 0.117,0.749 ± 0.062,0.489 ± 0.114,0.245 ± 0.142,0.240 ± 0.141
DSS,global,Claudin-low,XGB-Cox,Clin+Genes,15,0.750 ± 0.059,0.735 ± 0.081,0.861 ± 0.048,0.824 ± 0.084,0.741 ± 0.108,0.114 ± 0.022,0.106 ± 0.018,0.826 ± 0.083,0.611 ± 0.190,0.786 ± 0.071,0.746 ± 0.108,0.682 ± 0.201,0.809 ± 0.076,0.456 ± 0.160,0.920 ± 0.051,0.532 ± 0.154,0.427 ± 0.187,0.405 ± 0.183
DSS,global,Aggressive (Basal/HER2/CL),XGB-Cox,Clin+Genes,15,0.674 ± 0.025,0.673 ± 0.024,0.727 ± 0.035,0.737 ± 0.032,0.703 ± 0.034,0.182 ± 0.017,0.184 ± 0.016,0.737 ± 0.031,0.530 ± 0.093,0.694 ± 0.037,0.652 ± 0.034,0.551 ± 0.093,0.753 ± 0.075,0.491 ± 0.078,0.800 ± 0.027,0.514 ± 0.062,0.297 ± 0.068,0.293 ± 0.068
DSS,global,LumB,XGB-Cox,Clin+Genes,15,0.678 ± 0.059,0.676 ± 0.066,0.664 ± 0.072,0.733 ± 0.080,0.710 ± 0.080,0.138 ± 0.025,0.142 ± 0.023,0.733 ± 0.080,0.412 ± 0.118,0.714 ± 0.066,0.642 ± 0.081,0.525 ± 0.163,0.758 ± 0.077,0.352 ± 0.090,0.867 ± 0.047,0.417 ± 0.112,0.249 ± 0.142,0.237 ± 0.137
DSS,global,LumA,XGB-Cox,Clin+Genes,15,0.731 ± 0.052,0.741 ± 0.058,0.738 ± 0.143,0.775 ± 0.094,0.765 ± 0.068,0.070 ± 0.014,0.057 ± 0.014,0.775 ± 0.095,0.341 ± 0.159,0.792 ± 0.071,0.688 ± 0.099,0.562 ± 0.212,0.813 ± 0.084,0.208 ± 0.103,0.956 ± 0.028,0.278 ± 0.091,0.239 ± 0.115,0.195 ± 0.102
DSS,global,All,CoxPH,Clin+Genes+Mut,15,0.690 ± 0.026,0.694 ± 0.028,0.713 ± 0.042,0.735 ± 0.041,0.725 ± 0.034,0.135 ± 0.015,0.132 ± 0.013,0.735 ± 0.041,0.402 ± 0.064,0.714 ± 0.034,0.663 ± 0.040,0.581 ± 0.099,0.746 ± 0.052,0.343 ± 0.058,0.887 ± 0.029,0.426 ± 0.054,0.274 ± 0.066,0.255 ± 0.064
DSS,global,TNBC,CoxPH,Clin+Genes+Mut,15,0.626 ± 0.057,0.618 ± 0.058,0.649 ± 0.090,0.680 ± 0.068,0.632 ± 0.076,0.210 ± 0.026,0.211 ± 0.026,0.681 ± 0.067,0.542 ± 0.132,0.659 ± 0.074,0.603 ± 0.054,0.458 ± 0.129,0.747 ± 0.152,0.496 ± 0.141,0.744 ± 0.057,0.457 ± 0.100,0.221 ± 0.121,0.211 ± 0.118
DSS,global,Basal,CoxPH,Clin+Genes+Mut,15,0.555 ± 0.056,0.554 ± 0.062,0.572 ± 0.084,0.598 ± 0.100,0.564 ± 0.091,0.250 ± 0.036,0.257 ± 0.038,0.600 ± 0.097,0.515 ± 0.129,0.611 ± 0.062,0.561 ± 0.082,0.379 ± 0.170,0.743 ± 0.078,0.444 ± 0.178,0.677 ± 0.060,0.402 ± 0.164,0.122 ± 0.180,0.122 ± 0.169
DSS,global,HER2-enriched,CoxPH,Clin+Genes+Mut,15,0.615 ± 0.066,0.617 ± 0.063,0.632 ± 0.091,0.645 ± 0.083,0.684 ± 0.082,0.213 ± 0.031,0.225 ± 0.028,0.647 ± 0.085,0.510 ± 0.100,0.609 ± 0.081,0.584 ± 0.088,0.517 ± 0.192,0.651 ± 0.130,0.443 ± 0.152,0.735 ± 0.070,0.460 ± 0.131,0.171 ± 0.179,0.159 ± 0.170
DSS,global,Claudin-low,CoxPH,Clin+Genes+Mut,15,0.740 ± 0.061,0.726 ± 0.059,0.792 ± 0.096,0.766 ± 0.115,0.737 ± 0.078,0.123 ± 0.026,0.120 ± 0.028,0.768 ± 0.114,0.557 ± 0.184,0.751 ± 0.056,0.690 ± 0.099,0.588 ± 0.228,0.792 ± 0.088,0.400 ± 0.150,0.896 ± 0.057,0.451 ± 0.130,0.331 ± 0.155,0.307 ± 0.142
DSS,global,Aggressive (Basal/HER2/CL),CoxPH,Clin+Genes+Mut,15,0.641 ± 0.027,0.641 ± 0.023,0.659 ± 0.044,0.681 ± 0.028,0.677 ± 0.028,0.196 ± 0.017,0.201 ± 0.016,0.682 ± 0.028,0.487 ± 0.072,0.659 ± 0.028,0.625 ± 0.024,0.541 ± 0.085,0.709 ± 0.063,0.444 ± 0.054,0.785 ± 0.040,0.483 ± 0.044,0.239 ± 0.045,0.234 ± 0.043
DSS,global,LumB,CoxPH,Clin+Genes+Mut,15,0.649 ± 0.052,0.648 ± 0.061,0.631 ± 0.072,0.683 ± 0.085,0.677 ± 0.080,0.151 ± 0.028,0.155 ± 0.028,0.684 ± 0.083,0.388 ± 0.113,0.671 ± 0.058,0.618 ± 0.080,0.530 ± 0.174,0.706 ± 0.075,0.306 ± 0.097,0.859 ± 0.049,0.382 ± 0.110,0.197 ± 0.136,0.180 ± 0.127
DSS,global,LumA,CoxPH,Clin+Genes+Mut,15,0.678 ± 0.058,0.690 ± 0.068,0.689 ± 0.170,0.707 ± 0.114,0.707 ± 0.076,0.073 ± 0.015,0.059 ± 0.016,0.707 ± 0.114,0.302 ± 0.138,0.729 ± 0.080,0.646 ± 0.086,0.543 ± 0.253,0.748 ± 0.108,0.151 ± 0.057,0.954 ± 0.028,0.215 ± 0.071,0.168 ± 0.084,0.122 ± 0.062
DSS,global,All,CoxNet,Clin+Genes+Mut,15,0.718 ± 0.028,0.719 ± 0.031,0.784 ± 0.040,0.785 ± 0.042,0.745 ± 0.036,0.127 ± 0.012,0.125 ± 0.010,0.786 ± 0.042,0.449 ± 0.082,0.705 ± 0.031,0.714 ± 0.042,0.727 ± 0.101,0.700 ± 0.045,0.355 ± 0.038,0.919 ± 0.030,0.474 ± 0.046,0.342 ± 0.063,0.302 ± 0.053
DSS,global,TNBC,CoxNet,Clin+Genes+Mut,15,0.658 ± 0.043,0.654 ± 0.049,0.724 ± 0.059,0.716 ± 0.052,0.665 ± 0.065,0.191 ± 0.021,0.200 ± 0.026,0.718 ± 0.052,0.575 ± 0.131,0.677 ± 0.053,0.648 ± 0.047,0.581 ± 0.121,0.714 ± 0.111,0.502 ± 0.095,0.785 ± 0.056,0.530 ± 0.080,0.290 ± 0.094,0.282 ± 0.092
DSS,global,Basal,CoxNet,Clin+Genes+Mut,15,0.595 ± 0.062,0.595 ± 0.067,0.663 ± 0.089,0.636 ± 0.083,0.598 ± 0.090,0.224 ± 0.027,0.236 ± 0.031,0.641 ± 0.080,0.525 ± 0.127,0.610 ± 0.072,0.590 ± 0.079,0.547 ± 0.170,0.634 ± 0.103,0.464 ± 0.115,0.717 ± 0.066,0.497 ± 0.129,0.181 ± 0.160,0.175 ± 0.156
DSS,global,HER2-enriched,CoxNet,Clin+Genes+Mut,15,0.662 ± 0.055,0.657 ± 0.059,0.730 ± 0.077,0.723 ± 0.066,0.696 ± 0.073,0.192 ± 0.024,0.203 ± 0.026,0.725 ± 0.066,0.594 ± 0.116,0.663 ± 0.074,0.651 ± 0.061,0.619 ± 0.144,0.684 ± 0.138,0.511 ± 0.090,0.785 ± 0.072,0.547 ± 0.077,0.299 ± 0.116,0.286 ± 0.117
DSS,global,Claudin-low,CoxNet,Clin+Genes+Mut,15,0.744 ± 0.058,0.731 ± 0.080,0.868 ± 0.047,0.809 ± 0.098,0.740 ± 0.098,0.120 ± 0.019,0.118 ± 0.024,0.812 ± 0.096,0.622 ± 0.155,0.752 ± 0.087,0.697 ± 0.080,0.620 ± 0.211,0.774 ± 0.137,0.429 ± 0.153,0.906 ± 0.037,0.475 ± 0.121,0.357 ± 0.132,0.329 ± 0.131
DSS,global,Aggressive (Basal/HER2/CL),CoxNet,Clin+Genes+Mut,15,0.679 ± 0.028,0.676 ± 0.027,0.757 ± 0.034,0.742 ± 0.040,0.701 ± 0.032,0.179 ± 0.014,0.186 ± 0.017,0.744 ± 0.039,0.541 ± 0.097,0.674 ± 0.051,0.663 ± 0.039,0.643 ± 0.125,0.683 ± 0.103,0.469 ± 0.072,0.825 ± 0.034,0.536 ± 0.071,0.310 ± 0.076,0.296 ± 0.078
DSS,global,LumB,CoxNet,Clin+Genes+Mut,15,0.681 ± 0.040,0.682 ± 0.049,0.660 ± 0.076,0.741 ± 0.065,0.720 ± 0.063,0.140 ± 0.022,0.145 ± 0.020,0.741 ± 0.063,0.403 ± 0.110,0.628 ± 0.072,0.665 ± 0.076,0.728 ± 0.186,0.601 ± 0.111,0.311 ± 0.057,0.903 ± 0.055,0.430 ± 0.081,0.264 ± 0.115,0.214 ± 0.094
DSS,global,LumA,CoxNet,Clin+Genes+Mut,15,0.701 ± 0.073,0.705 ± 0.081,0.715 ± 0.147,0.751 ± 0.098,0.728 ± 0.092,0.074 ± 0.013,0.060 ± 0.013,0.751 ± 0.099,0.317 ± 0.148,0.699 ± 0.125,0.673 ± 0.084,0.638 ± 0.224,0.709 ± 0.145,0.159 ± 0.061,0.959 ± 0.028,0.240 ± 0.076,0.198 ± 0.088,0.143 ± 0.076
DSS,global,All,RSF,Clin+Genes+Mut,15,0.732 ± 0.022,0.733 ± 0.025,0.808 ± 0.033,0.804 ± 0.035,0.752 ± 0.031,0.123 ± 0.012,0.119 ± 0.010,0.804 ± 0.035,0.476 ± 0.072,0.763 ± 0.029,0.721 ± 0.034,0.655 ± 0.076,0.787 ± 0.035,0.412 ± 0.032,0.909 ± 0.025,0.504 ± 0.035,0.377 ± 0.050,0.358 ± 0.046
DSS,global,TNBC,RSF,Clin+Genes+Mut,15,0.669 ± 0.038,0.667 ± 0.040,0.746 ± 0.048,0.727 ± 0.040,0.689 ± 0.065,0.186 ± 0.018,0.193 ± 0.021,0.729 ± 0.040,0.579 ± 0.122,0.693 ± 0.054,0.658 ± 0.042,0.578 ± 0.085,0.738 ± 0.091,0.525 ± 0.107,0.788 ± 0.046,0.545 ± 0.078,0.314 ± 0.096,0.309 ± 0.093
DSS,global,Basal,RSF,Clin+Genes+Mut,15,0.617 ± 0.063,0.620 ± 0.065,0.692 ± 0.077,0.652 ± 0.084,0.623 ± 0.107,0.214 ± 0.024,0.224 ± 0.024,0.655 ± 0.082,0.549 ± 0.144,0.641 ± 0.083,0.621 ± 0.076,0.556 ± 0.116,0.687 ± 0.126,0.520 ± 0.125,0.726 ± 0.059,0.530 ± 0.104,0.244 ± 0.153,0.241 ± 0.152
DSS,global,HER2-enriched,RSF,Clin+Genes+Mut,15,0.677 ± 0.053,0.675 ± 0.058,0.742 ± 0.065,0.753 ± 0.052,0.722 ± 0.075,0.183 ± 0.020,0.190 ± 0.018,0.755 ± 0.052,0.595 ± 0.082,0.687 ± 0.058,0.694 ± 0.051,0.710 ± 0.080,0.678 ± 0.085,0.529 ± 0.070,0.821 ± 0.059,0.602 ± 0.055,0.368 ± 0.094,0.355 ± 0.094
DSS,global,Claudin-low,RSF,Clin+Genes+Mut,15,0.748 ± 0.058,0.730 ± 0.076,0.879 ± 0.047,0.825 ± 0.073,0.733 ± 0.097,0.120 ± 0.018,0.116 ± 0.021,0.828 ± 0.072,0.627 ± 0.162,0.753 ± 0.088,0.726 ± 0.080,0.686 ± 0.147,0.766 ± 0.117,0.418 ± 0.121,0.913 ± 0.046,0.507 ± 0.106,0.385 ± 0.135,0.359 ± 0.137
DSS,global,Aggressive (Basal/HER2/CL),RSF,Clin+Genes+Mut,15,0.689 ± 0.023,0.687 ± 0.021,0.766 ± 0.026,0.757 ± 0.026,0.713 ± 0.031,0.173 ± 0.012,0.177 ± 0.013,0.758 ± 0.026,0.545 ± 0.084,0.706 ± 0.040,0.685 ± 0.033,0.641 ± 0.076,0.729 ± 0.069,0.506 ± 0.059,0.828 ± 0.026,0.563 ± 0.054,0.352 ± 0.065,0.344 ± 0.066
DSS,global,LumB,RSF,Clin+Genes+Mut,15,0.688 ± 0.053,0.685 ± 0.061,0.674 ± 0.065,0.747 ± 0.066,0.716 ± 0.080,0.136 ± 0.020,0.139 ± 0.018,0.746 ± 0.066,0.421 ± 0.107,0.724 ± 0.046,0.675 ± 0.072,0.595 ± 0.166,0.755 ± 0.061,0.372 ± 0.082,0.885 ± 0.046,0.451 ± 0.104,0.299 ± 0.123,0.281 ± 0.117
DSS,global,LumA,RSF,Clin+Genes+Mut,15,0.732 ± 0.061,0.741 ± 0.074,0.737 ± 0.148,0.782 ± 0.094,0.765 ± 0.086,0.070 ± 0.015,0.057 ± 0.014,0.781 ± 0.095,0.339 ± 0.162,0.768 ± 0.052,0.715 ± 0.090,0.650 ± 0.212,0.781 ± 0.068,0.192 ± 0.057,0.963 ± 0.028,0.282 ± 0.065,0.253 ± 0.087,0.194 ± 0.068
DSS,global,All,ExtraSurvTrees,Clin+Genes+Mut,15,0.714 ± 0.020,0.717 ± 0.023,0.790 ± 0.034,0.787 ± 0.037,0.730 ± 0.028,0.127 ± 0.013,0.123 ± 0.011,0.788 ± 0.036,0.446 ± 0.055,0.719 ± 0.023,0.716 ± 0.031,0.710 ± 0.068,0.722 ± 0.030,0.366 ± 0.038,0.916 ± 0.025,0.481 ± 0.037,0.348 ± 0.046,0.315 ± 0.042
DSS,global,TNBC,ExtraSurvTrees,Clin+Genes+Mut,15,0.654 ± 0.034,0.652 ± 0.036,0.726 ± 0.040,0.704 ± 0.042,0.654 ± 0.066,0.194 ± 0.019,0.203 ± 0.024,0.705 ± 0.042,0.558 ± 0.106,0.669 ± 0.050,0.635 ± 0.041,0.543 ± 0.167,0.727 ± 0.129,0.518 ± 0.136,0.776 ± 0.063,0.501 ± 0.090,0.278 ± 0.080,0.261 ± 0.075
DSS,global,Basal,ExtraSurvTrees,Clin+Genes+Mut,15,0.598 ± 0.061,0.601 ± 0.061,0.682 ± 0.072,0.614 ± 0.091,0.587 ± 0.089,0.218 ± 0.022,0.231 ± 0.023,0.617 ± 0.090,0.501 ± 0.122,0.618 ± 0.080,0.579 ± 0.093,0.448 ± 0.211,0.709 ± 0.129,0.470 ± 0.134,0.696 ± 0.078,0.444 ± 0.160,0.161 ± 0.182,0.156 ± 0.176
DSS,global,HER2-enriched,ExtraSurvTrees,Clin+Genes+Mut,15,0.651 ± 0.067,0.650 ± 0.071,0.694 ± 0.080,0.731 ± 0.083,0.696 ± 0.100,0.188 ± 0.023,0.195 ± 0.022,0.733 ± 0.083,0.565 ± 0.094,0.707 ± 0.062,0.694 ± 0.055,0.662 ± 0.066,0.727 ± 0.083,0.555 ± 0.079,0.808 ± 0.056,0.601 ± 0.064,0.376 ± 0.109,0.371 ± 0.111
DSS,global,Claudin-low,ExtraSurvTrees,Clin+Genes+Mut,15,0.730 ± 0.066,0.716 ± 0.088,0.859 ± 0.054,0.794 ± 0.076,0.703 ± 0.123,0.131 ± 0.020,0.127 ± 0.026,0.794 ± 0.071,0.552 ± 0.153,0.700 ± 0.074,0.666 ± 0.073,0.613 ± 0.161,0.719 ± 0.108,0.342 ± 0.100,0.889 ± 0.054,0.424 ± 0.080,0.274 ± 0.111,0.246 ± 0.100
DSS,global,Aggressive (Basal/HER2/CL),ExtraSurvTrees,Clin+Genes+Mut,15,0.667 ± 0.027,0.666 ± 0.026,0.734 ± 0.042,0.731 ± 0.041,0.683 ± 0.042,0.179 ± 0.015,0.184 ± 0.017,0.731 ± 0.041,0.510 ± 0.076,0.703 ± 0.049,0.673 ± 0.051,0.599 ± 0.122,0.747 ± 0.083,0.508 ± 0.083,0.817 ± 0.050,0.542 ± 0.072,0.335 ± 0.097,0.326 ± 0.095
DSS,global,LumB,ExtraSurvTrees,Clin+Genes+Mut,15,0.668 ± 0.051,0.669 ± 0.060,0.650 ± 0.098,0.729 ± 0.064,0.694 ± 0.081,0.141 ± 0.021,0.143 ± 0.019,0.729 ± 0.064,0.412 ± 0.104,0.664 ± 0.060,0.651 ± 0.078,0.630 ± 0.134,0.672 ± 0.063,0.323 ± 0.073,0.879 ± 0.052,0.424 ± 0.087,0.247 ± 0.126,0.221 ± 0.113
DSS,global,LumA,ExtraSurvTrees,Clin+Genes+Mut,15,0.706 ± 0.061,0.716 ± 0.075,0.698 ± 0.152,0.759 ± 0.104,0.737 ± 0.084,0.071 ± 0.015,0.058 ± 0.014,0.758 ± 0.104,0.313 ± 0.171,0.750 ± 0.066,0.698 ± 0.095,0.635 ± 0.205,0.762 ± 0.076,0.174 ± 0.052,0.960 ± 0.029,0.266 ± 0.070,0.228 ± 0.099,0.172 ± 0.079
DSS,global,All,GBSA,Clin+Genes+Mut,15,0.729 ± 0.025,0.733 ± 0.028,0.789 ± 0.033,0.796 ± 0.036,0.759 ± 0.033,0.124 ± 0.011,0.121 ± 0.009,0.796 ± 0.036,0.456 ± 0.082,0.771 ± 0.030,0.709 ± 0.048,0.608 ± 0.096,0.809 ± 0.033,0.420 ± 0.059,0.900 ± 0.030,0.493 ± 0.057,0.365 ± 0.076,0.352 ± 0.073
DSS,global,TNBC,GBSA,Clin+Genes+Mut,15,0.664 ± 0.040,0.662 ± 0.047,0.728 ± 0.055,0.728 ± 0.052,0.690 ± 0.078,0.191 ± 0.021,0.197 ± 0.021,0.729 ± 0.051,0.557 ± 0.130,0.695 ± 0.058,0.661 ± 0.057,0.569 ± 0.088,0.753 ± 0.081,0.530 ± 0.123,0.787 ± 0.052,0.542 ± 0.097,0.319 ± 0.118,0.316 ± 0.120
DSS,global,Basal,GBSA,Clin+Genes+Mut,15,0.605 ± 0.052,0.607 ± 0.057,0.659 ± 0.063,0.647 ± 0.072,0.614 ± 0.097,0.231 ± 0.038,0.239 ± 0.035,0.649 ± 0.070,0.532 ± 0.133,0.623 ± 0.100,0.599 ± 0.088,0.512 ± 0.113,0.686 ± 0.145,0.506 ± 0.128,0.701 ± 0.095,0.499 ± 0.102,0.201 ± 0.181,0.198 ± 0.179
DSS,global,HER2-enriched,GBSA,Clin+Genes+Mut,15,0.672 ± 0.047,0.669 ± 0.053,0.728 ± 0.064,0.740 ± 0.050,0.719 ± 0.072,0.187 ± 0.023,0.197 ± 0.019,0.741 ± 0.049,0.574 ± 0.091,0.686 ± 0.066,0.661 ± 0.072,0.586 ± 0.112,0.737 ± 0.072,0.529 ± 0.096,0.779 ± 0.064,0.552 ± 0.093,0.315 ± 0.136,0.312 ± 0.135
DSS,global,Claudin-low,GBSA,Clin+Genes+Mut,15,0.753 ± 0.064,0.737 ± 0.083,0.872 ± 0.050,0.829 ± 0.090,0.741 ± 0.106,0.113 ± 0.019,0.107 ± 0.019,0.831 ± 0.089,0.660 ± 0.147,0.769 ± 0.080,0.723 ± 0.106,0.649 ± 0.247,0.797 ± 0.118,0.440 ± 0.142,0.913 ± 0.055,0.496 ± 0.140,0.391 ± 0.160,0.363 ± 0.155
DSS,global,Aggressive (Basal/HER2/CL),GBSA,Clin+Genes+Mut,15,0.684 ± 0.026,0.683 ± 0.026,0.748 ± 0.031,0.750 ± 0.028,0.712 ± 0.035,0.177 ± 0.016,0.181 ± 0.015,0.751 ± 0.028,0.534 ± 0.089,0.701 ± 0.044,0.676 ± 0.041,0.616 ± 0.074,0.735 ± 0.063,0.501 ± 0.067,0.819 ± 0.036,0.550 ± 0.060,0.335 ± 0.080,0.329 ± 0.081
DSS,global,LumB,GBSA,Clin+Genes+Mut,15,0.681 ± 0.056,0.682 ± 0.065,0.662 ± 0.099,0.736 ± 0.076,0.714 ± 0.083,0.136 ± 0.021,0.141 ± 0.019,0.736 ± 0.076,0.410 ± 0.115,0.732 ± 0.070,0.669 ± 0.086,0.566 ± 0.175,0.772 ± 0.090,0.386 ± 0.114,0.878 ± 0.051,0.450 ± 0.117,0.297 ± 0.152,0.282 ± 0.147
DSS,global,LumA,GBSA,Clin+Genes+Mut,15,0.737 ± 0.053,0.747 ± 0.060,0.733 ± 0.140,0.787 ± 0.085,0.774 ± 0.068,0.071 ± 0.014,0.058 ± 0.014,0.786 ± 0.086,0.332 ± 0.151,0.772 ± 0.060,0.719 ± 0.101,0.652 ± 0.249,0.786 ± 0.083,0.197 ± 0.081,0.964 ± 0.030,0.283 ± 0.103,0.259 ± 0.119,0.200 ± 0.103
DSS,global,All,CW-GBSA,Clin+Genes+Mut,15,0.723 ± 0.027,0.726 ± 0.030,0.782 ± 0.041,0.788 ± 0.042,0.752 ± 0.034,0.125 ± 0.012,0.123 ± 0.010,0.789 ± 0.042,0.457 ± 0.079,0.707 ± 0.037,0.719 ± 0.035,0.736 ± 0.081,0.701 ± 0.053,0.361 ± 0.048,0.921 ± 0.025,0.481 ± 0.044,0.351 ± 0.055,0.310 ± 0.054
DSS,global,TNBC,CW-GBSA,Clin+Genes+Mut,15,0.662 ± 0.045,0.657 ± 0.050,0.727 ± 0.063,0.718 ± 0.060,0.666 ± 0.064,0.193 ± 0.022,0.202 ± 0.027,0.720 ± 0.059,0.580 ± 0.125,0.694 ± 0.035,0.654 ± 0.049,0.557 ± 0.128,0.751 ± 0.068,0.513 ± 0.089,0.786 ± 0.049,0.529 ± 0.098,0.303 ± 0.093,0.299 ± 0.093
DSS,global,Basal,CW-GBSA,Clin+Genes+Mut,15,0.606 ± 0.058,0.606 ± 0.062,0.675 ± 0.084,0.643 ± 0.086,0.604 ± 0.083,0.226 ± 0.027,0.239 ± 0.030,0.648 ± 0.081,0.535 ± 0.134,0.634 ± 0.074,0.609 ± 0.091,0.517 ± 0.177,0.700 ± 0.099,0.494 ± 0.146,0.720 ± 0.067,0.496 ± 0.150,0.215 ± 0.181,0.211 ± 0.178
DSS,global,HER2-enriched,CW-GBSA,Clin+Genes+Mut,15,0.669 ± 0.049,0.666 ± 0.053,0.717 ± 0.072,0.728 ± 0.056,0.707 ± 0.073,0.186 ± 0.022,0.195 ± 0.022,0.730 ± 0.055,0.594 ± 0.103,0.644 ± 0.060,0.652 ± 0.050,0.678 ± 0.183,0.625 ± 0.146,0.489 ± 0.068,0.804 ± 0.075,0.550 ± 0.074,0.297 ± 0.087,0.272 ± 0.080
DSS,global,Claudin-low,CW-GBSA,Clin+Genes+Mut,15,0.745 ± 0.067,0.729 ± 0.087,0.861 ± 0.062,0.802 ± 0.103,0.736 ± 0.104,0.119 ± 0.019,0.116 ± 0.024,0.805 ± 0.102,0.627 ± 0.153,0.769 ± 0.066,0.734 ± 0.103,0.681 ± 0.204,0.787 ± 0.083,0.426 ± 0.138,0.918 ± 0.047,0.513 ± 0.142,0.399 ± 0.169,0.374 ± 0.163
DSS,global,Aggressive (Basal/HER2/CL),CW-GBSA,Clin+Genes+Mut,15,0.683 ± 0.028,0.680 ± 0.026,0.747 ± 0.035,0.741 ± 0.038,0.706 ± 0.029,0.177 ± 0.013,0.183 ± 0.015,0.742 ± 0.037,0.544 ± 0.089,0.677 ± 0.034,0.668 ± 0.031,0.658 ± 0.131,0.679 ± 0.097,0.471 ± 0.048,0.830 ± 0.035,0.543 ± 0.059,0.318 ± 0.054,0.302 ± 0.048
DSS,global,LumB,CW-GBSA,Clin+Genes+Mut,15,0.687 ± 0.042,0.690 ± 0.051,0.648 ± 0.078,0.738 ± 0.062,0.734 ± 0.065,0.139 ± 0.021,0.144 ± 0.018,0.738 ± 0.061,0.407 ± 0.116,0.670 ± 0.077,0.685 ± 0.055,0.711 ± 0.167,0.658 ± 0.125,0.349 ± 0.068,0.905 ± 0.041,0.457 ± 0.071,0.306 ± 0.083,0.264 ± 0.082
DSS,global,LumA,CW-GBSA,Clin+Genes+Mut,15,0.705 ± 0.064,0.709 ± 0.072,0.728 ± 0.148,0.760 ± 0.094,0.730 ± 0.081,0.073 ± 0.013,0.059 ± 0.013,0.759 ± 0.095,0.326 ± 0.159,0.728 ± 0.069,0.691 ± 0.091,0.641 ± 0.216,0.740 ± 0.084,0.166 ± 0.064,0.960 ± 0.029,0.253 ± 0.080,0.215 ± 0.099,0.158 ± 0.083
DSS,global,All,SurvSVM,Clin+Genes+Mut,15,0.696 ± 0.027,0.700 ± 0.028,0.736 ± 0.042,0.744 ± 0.043,0.730 ± 0.032,,,0.745 ± 0.043,0.410 ± 0.079,0.702 ± 0.035,0.687 ± 0.039,0.664 ± 0.080,0.711 ± 0.045,0.344 ± 0.057,0.903 ± 0.025,0.450 ± 0.055,0.304 ± 0.066,0.275 ± 0.064
DSS,global,TNBC,SurvSVM,Clin+Genes+Mut,15,0.636 ± 0.052,0.628 ± 0.051,0.666 ± 0.087,0.688 ± 0.062,0.642 ± 0.057,,,0.689 ± 0.062,0.537 ± 0.123,0.639 ± 0.071,0.629 ± 0.055,0.607 ± 0.104,0.651 ± 0.119,0.465 ± 0.105,0.777 ± 0.071,0.517 ± 0.076,0.249 ± 0.113,0.239 ± 0.111
DSS,global,Basal,SurvSVM,Clin+Genes+Mut,15,0.580 ± 0.065,0.578 ± 0.071,0.600 ± 0.096,0.615 ± 0.098,0.588 ± 0.103,,,0.618 ± 0.093,0.519 ± 0.137,0.578 ± 0.069,0.577 ± 0.056,0.575 ± 0.103,0.579 ± 0.121,0.449 ± 0.091,0.698 ± 0.066,0.497 ± 0.076,0.150 ± 0.109,0.146 ± 0.107
DSS,global,HER2-enriched,SurvSVM,Clin+Genes+Mut,15,0.603 ± 0.062,0.605 ± 0.061,0.646 ± 0.090,0.630 ± 0.085,0.662 ± 0.081,,,0.631 ± 0.086,0.520 ± 0.098,0.570 ± 0.084,0.569 ± 0.070,0.580 ± 0.169,0.558 ± 0.152,0.407 ± 0.094,0.734 ± 0.064,0.467 ± 0.105,0.139 ± 0.138,0.129 ± 0.123
DSS,global,Claudin-low,SurvSVM,Clin+Genes+Mut,15,0.736 ± 0.057,0.716 ± 0.062,0.808 ± 0.084,0.766 ± 0.108,0.726 ± 0.085,,,0.768 ± 0.107,0.560 ± 0.173,0.718 ± 0.100,0.646 ± 0.095,0.539 ± 0.229,0.753 ± 0.151,0.369 ± 0.153,0.882 ± 0.054,0.408 ± 0.123,0.266 ± 0.156,0.243 ± 0.144
DSS,global,Aggressive (Basal/HER2/CL),SurvSVM,Clin+Genes+Mut,15,0.647 ± 0.028,0.645 ± 0.024,0.681 ± 0.048,0.686 ± 0.034,0.676 ± 0.030,,,0.687 ± 0.034,0.489 ± 0.088,0.642 ± 0.034,0.628 ± 0.040,0.598 ± 0.100,0.658 ± 0.060,0.426 ± 0.056,0.797 ± 0.047,0.496 ± 0.062,0.239 ± 0.077,0.229 ± 0.069
DSS,global,LumB,SurvSVM,Clin+Genes+Mut,15,0.655 ± 0.056,0.656 ± 0.068,0.635 ± 0.080,0.690 ± 0.092,0.687 ± 0.090,,,0.691 ± 0.089,0.393 ± 0.122,0.644 ± 0.065,0.638 ± 0.069,0.628 ± 0.139,0.648 ± 0.082,0.310 ± 0.076,0.876 ± 0.047,0.409 ± 0.086,0.226 ± 0.113,0.199 ± 0.102
DSS,global,LumA,SurvSVM,Clin+Genes+Mut,15,0.677 ± 0.063,0.691 ± 0.072,0.674 ± 0.172,0.714 ± 0.114,0.709 ± 0.081,,,0.713 ± 0.114,0.304 ± 0.149,0.745 ± 0.084,0.654 ± 0.095,0.546 ± 0.193,0.762 ± 0.092,0.162 ± 0.073,0.953 ± 0.027,0.242 ± 0.095,0.186 ± 0.119,0.147 ± 0.103
DSS,global,All,XGB-Cox,Clin+Genes+Mut,15,0.727 ± 0.026,0.730 ± 0.027,0.782 ± 0.035,0.793 ± 0.038,0.758 ± 0.031,0.125 ± 0.012,0.121 ± 0.010,0.793 ± 0.038,0.458 ± 0.083,0.770 ± 0.038,0.706 ± 0.041,0.606 ± 0.065,0.806 ± 0.041,0.419 ± 0.070,0.900 ± 0.022,0.493 ± 0.061,0.362 ± 0.078,0.351 ± 0.079
DSS,global,TNBC,XGB-Cox,Clin+Genes+Mut,15,0.659 ± 0.052,0.654 ± 0.057,0.714 ± 0.074,0.723 ± 0.075,0.679 ± 0.083,0.192 ± 0.027,0.194 ± 0.025,0.725 ± 0.074,0.580 ± 0.136,0.687 ± 0.071,0.660 ± 0.062,0.594 ± 0.102,0.726 ± 0.115,0.522 ± 0.145,0.792 ± 0.042,0.547 ± 0.103,0.317 ± 0.135,0.309 ± 0.136
DSS,global,Basal,XGB-Cox,Clin+Genes+Mut,15,0.592 ± 0.058,0.595 ± 0.064,0.625 ± 0.084,0.632 ± 0.082,0.607 ± 0.103,0.235 ± 0.045,0.241 ± 0.042,0.634 ± 0.080,0.544 ± 0.137,0.636 ± 0.080,0.612 ± 0.065,0.534 ± 0.114,0.689 ± 0.153,0.524 ± 0.129,0.714 ± 0.068,0.515 ± 0.083,0.229 ± 0.137,0.223 ± 0.131
DSS,global,HER2-enriched,XGB-Cox,Clin+Genes+Mut,15,0.662 ± 0.056,0.663 ± 0.059,0.710 ± 0.077,0.730 ± 0.051,0.711 ± 0.072,0.193 ± 0.026,0.202 ± 0.023,0.732 ± 0.051,0.563 ± 0.101,0.683 ± 0.057,0.631 ± 0.075,0.478 ± 0.160,0.785 ± 0.075,0.523 ± 0.114,0.753 ± 0.062,0.490 ± 0.127,0.268 ± 0.144,0.263 ± 0.144
DSS,global,Claudin-low,XGB-Cox,Clin+Genes+Mut,15,0.754 ± 0.056,0.735 ± 0.076,0.868 ± 0.044,0.826 ± 0.083,0.739 ± 0.103,0.110 ± 0.019,0.103 ± 0.017,0.829 ± 0.082,0.628 ± 0.183,0.787 ± 0.072,0.742 ± 0.113,0.671 ± 0.253,0.813 ± 0.100,0.467 ± 0.186,0.922 ± 0.054,0.520 ± 0.172,0.428 ± 0.193,0.398 ± 0.192
DSS,global,Aggressive (Basal/HER2/CL),XGB-Cox,Clin+Genes+Mut,15,0.678 ± 0.028,0.676 ± 0.027,0.731 ± 0.032,0.742 ± 0.035,0.706 ± 0.039,0.180 ± 0.017,0.182 ± 0.017,0.743 ± 0.034,0.536 ± 0.096,0.705 ± 0.042,0.662 ± 0.033,0.554 ± 0.105,0.769 ± 0.091,0.515 ± 0.088,0.805 ± 0.033,0.525 ± 0.060,0.321 ± 0.069,0.314 ± 0.070
DSS,global,LumB,XGB-Cox,Clin+Genes+Mut,15,0.679 ± 0.056,0.680 ± 0.065,0.653 ± 0.068,0.737 ± 0.081,0.717 ± 0.079,0.138 ± 0.024,0.142 ± 0.022,0.737 ± 0.081,0.420 ± 0.114,0.743 ± 0.077,0.643 ± 0.095,0.484 ± 0.187,0.803 ± 0.088,0.380 ± 0.137,0.864 ± 0.048,0.421 ± 0.152,0.265 ± 0.181,0.259 ± 0.179
DSS,global,LumA,XGB-Cox,Clin+Genes+Mut,15,0.731 ± 0.053,0.742 ± 0.061,0.745 ± 0.135,0.779 ± 0.096,0.766 ± 0.071,0.070 ± 0.015,0.057 ± 0.014,0.778 ± 0.096,0.340 ± 0.166,0.811 ± 0.049,0.684 ± 0.093,0.531 ± 0.218,0.837 ± 0.063,0.201 ± 0.073,0.955 ± 0.028,0.278 ± 0.095,0.235 ± 0.113,0.197 ± 0.100
DSS,specific,TNBC,CoxPH,Clinical,15,0.608 ± 0.058,0.604 ± 0.060,0.648 ± 0.081,0.647 ± 0.068,0.587 ± 0.066,0.201 ± 0.022,0.202 ± 0.025,0.647 ± 0.069,0.542 ± 0.125,0.659 ± 0.055,0.608 ± 0.053,0.471 ± 0.089,0.745 ± 0.075,0.473 ± 0.121,0.748 ± 0.054,0.467 ± 0.095,0.218 ± 0.114,0.215 ± 0.113
DSS,specific,TNBC,CoxNet,Clinical,15,0.651 ± 0.044,0.646 ± 0.051,0.713 ± 0.037,0.704 ± 0.052,0.642 ± 0.073,0.188 ± 0.017,0.193 ± 0.016,0.705 ± 0.051,0.578 ± 0.116,0.658 ± 0.065,0.639 ± 0.060,0.595 ± 0.126,0.682 ± 0.101,0.479 ± 0.111,0.784 ± 0.056,0.522 ± 0.101,0.269 ± 0.119,0.261 ± 0.119
DSS,specific,TNBC,RSF,Clinical,15,0.660 ± 0.036,0.655 ± 0.044,0.724 ± 0.030,0.712 ± 0.039,0.666 ± 0.062,0.186 ± 0.016,0.191 ± 0.018,0.714 ± 0.038,0.578 ± 0.111,0.672 ± 0.064,0.664 ± 0.055,0.653 ± 0.133,0.674 ± 0.109,0.499 ± 0.112,0.812 ± 0.048,0.555 ± 0.103,0.319 ± 0.112,0.305 ± 0.110
DSS,specific,TNBC,ExtraSurvTrees,Clinical,15,0.636 ± 0.039,0.631 ± 0.046,0.692 ± 0.055,0.678 ± 0.045,0.626 ± 0.070,0.196 ± 0.017,0.204 ± 0.021,0.679 ± 0.045,0.530 ± 0.092,0.669 ± 0.054,0.638 ± 0.052,0.550 ± 0.092,0.726 ± 0.085,0.494 ± 0.119,0.771 ± 0.058,0.512 ± 0.081,0.270 ± 0.108,0.264 ± 0.105
DSS,specific,TNBC,GBSA,Clinical,15,0.612 ± 0.035,0.603 ± 0.043,0.658 ± 0.048,0.658 ± 0.037,0.606 ± 0.067,0.199 ± 0.020,0.200 ± 0.024,0.659 ± 0.037,0.549 ± 0.094,0.669 ± 0.052,0.622 ± 0.050,0.490 ± 0.135,0.754 ± 0.090,0.498 ± 0.109,0.758 ± 0.063,0.477 ± 0.097,0.248 ± 0.097,0.240 ± 0.098
DSS,specific,TNBC,CW-GBSA,Clinical,15,0.624 ± 0.052,0.618 ± 0.059,0.667 ± 0.064,0.660 ± 0.064,0.605 ± 0.074,0.189 ± 0.016,0.192 ± 0.017,0.662 ± 0.064,0.565 ± 0.102,0.659 ± 0.047,0.623 ± 0.056,0.533 ± 0.154,0.714 ± 0.090,0.477 ± 0.108,0.768 ± 0.057,0.488 ± 0.113,0.244 ± 0.105,0.235 ± 0.105
DSS,specific,TNBC,SurvSVM,Clinical,15,0.599 ± 0.066,0.595 ± 0.069,0.638 ± 0.091,0.632 ± 0.078,0.576 ± 0.077,,,0.633 ± 0.079,0.521 ± 0.124,0.614 ± 0.070,0.590 ± 0.075,0.523 ± 0.129,0.657 ± 0.089,0.422 ± 0.110,0.744 ± 0.080,0.460 ± 0.103,0.173 ± 0.144,0.168 ± 0.138
DSS,specific,TNBC,XGB-Cox,Clinical,15,0.613 ± 0.043,0.603 ± 0.050,0.657 ± 0.060,0.657 ± 0.050,0.602 ± 0.073,0.209 ± 0.025,0.211 ± 0.030,0.657 ± 0.049,0.541 ± 0.104,0.665 ± 0.063,0.617 ± 0.054,0.494 ± 0.114,0.741 ± 0.107,0.492 ± 0.125,0.756 ± 0.055,0.481 ± 0.099,0.240 ± 0.114,0.235 ± 0.114
DSS,specific,TNBC,CoxPH,Clin+Genes,15,0.565 ± 0.039,0.563 ± 0.039,0.581 ± 0.064,0.587 ± 0.052,0.552 ± 0.060,0.256 ± 0.028,0.264 ± 0.035,0.588 ± 0.052,0.459 ± 0.088,0.613 ± 0.054,0.557 ± 0.050,0.395 ± 0.105,0.719 ± 0.080,0.404 ± 0.100,0.713 ± 0.078,0.389 ± 0.072,0.115 ± 0.104,0.111 ± 0.100
DSS,specific,TNBC,CoxNet,Clin+Genes,15,0.596 ± 0.054,0.593 ± 0.056,0.625 ± 0.079,0.625 ± 0.077,0.594 ± 0.078,0.208 ± 0.027,0.215 ± 0.031,0.626 ± 0.077,0.498 ± 0.107,0.636 ± 0.063,0.599 ± 0.071,0.510 ± 0.148,0.688 ± 0.079,0.434 ± 0.089,0.749 ± 0.082,0.465 ± 0.108,0.190 ± 0.133,0.185 ± 0.128
DSS,specific,TNBC,RSF,Clin+Genes,15,0.646 ± 0.040,0.646 ± 0.042,0.690 ± 0.059,0.682 ± 0.050,0.669 ± 0.057,0.191 ± 0.017,0.199 ± 0.021,0.682 ± 0.051,0.541 ± 0.103,0.650 ± 0.056,0.618 ± 0.073,0.536 ± 0.173,0.699 ± 0.077,0.454 ± 0.093,0.766 ± 0.082,0.484 ± 0.112,0.227 ± 0.135,0.220 ± 0.127
DSS,specific,TNBC,ExtraSurvTrees,Clin+Genes,15,0.634 ± 0.031,0.632 ± 0.037,0.691 ± 0.051,0.671 ± 0.034,0.631 ± 0.066,0.197 ± 0.017,0.205 ± 0.021,0.672 ± 0.035,0.516 ± 0.091,0.653 ± 0.064,0.629 ± 0.048,0.582 ± 0.111,0.677 ± 0.109,0.468 ± 0.076,0.774 ± 0.066,0.514 ± 0.076,0.250 ± 0.095,0.243 ± 0.095
DSS,specific,TNBC,GBSA,Clin+Genes,15,0.629 ± 0.046,0.628 ± 0.048,0.648 ± 0.077,0.662 ± 0.069,0.651 ± 0.068,0.207 ± 0.023,0.213 ± 0.026,0.663 ± 0.068,0.516 ± 0.103,0.676 ± 0.049,0.600 ± 0.043,0.392 ± 0.094,0.808 ± 0.073,0.499 ± 0.124,0.737 ± 0.056,0.432 ± 0.087,0.217 ± 0.097,0.210 ± 0.094
DSS,specific,TNBC,CW-GBSA,Clin+Genes,15,0.607 ± 0.048,0.603 ± 0.052,0.637 ± 0.067,0.639 ± 0.067,0.598 ± 0.062,0.198 ± 0.020,0.203 ± 0.022,0.640 ± 0.068,0.526 ± 0.100,0.642 ± 0.038,0.612 ± 0.045,0.524 ± 0.138,0.699 ± 0.083,0.451 ± 0.082,0.758 ± 0.069,0.474 ± 0.079,0.215 ± 0.079,0.208 ± 0.075
DSS,specific,TNBC,SurvSVM,Clin+Genes,15,0.549 ± 0.055,0.549 ± 0.054,0.560 ± 0.074,0.565 ± 0.071,0.535 ± 0.088,,,0.566 ± 0.071,0.434 ± 0.079,0.573 ± 0.066,0.546 ± 0.045,0.462 ± 0.107,0.629 ± 0.124,0.377 ± 0.072,0.708 ± 0.087,0.403 ± 0.053,0.088 ± 0.089,0.084 ± 0.088
DSS,specific,TNBC,XGB-Cox,Clin+Genes,15,0.617 ± 0.050,0.615 ± 0.050,0.636 ± 0.091,0.642 ± 0.065,0.635 ± 0.067,0.226 ± 0.029,0.234 ± 0.032,0.642 ± 0.065,0.490 ± 0.097,0.657 ± 0.057,0.597 ± 0.048,0.423 ± 0.126,0.772 ± 0.094,0.476 ± 0.096,0.737 ± 0.075,0.431 ± 0.083,0.202 ± 0.095,0.195 ± 0.095
DSS,specific,Basal,CoxPH,Clinical,15,0.535 ± 0.089,0.543 ± 0.087,0.568 ± 0.116,0.545 ± 0.110,0.510 ± 0.120,0.248 ± 0.042,0.257 ± 0.049,0.542 ± 0.113,0.470 ± 0.135,0.564 ± 0.119,0.537 ± 0.121,0.427 ± 0.207,0.647 ± 0.152,0.409 ± 0.148,0.660 ± 0.119,0.406 ± 0.165,0.071 ± 0.240,0.073 ± 0.235
DSS,specific,Basal,CoxNet,Clinical,15,0.621 ± 0.074,0.622 ± 0.076,0.703 ± 0.078,0.663 ± 0.088,0.610 ± 0.098,0.216 ± 0.023,0.226 ± 0.023,0.668 ± 0.085,0.558 ± 0.146,0.605 ± 0.070,0.618 ± 0.071,0.670 ± 0.138,0.566 ± 0.119,0.477 ± 0.105,0.750 ± 0.077,0.550 ± 0.099,0.231 ± 0.138,0.217 ± 0.132
DSS,specific,Basal,RSF,Clinical,15,0.610 ± 0.068,0.611 ± 0.067,0.683 ± 0.078,0.641 ± 0.084,0.605 ± 0.087,0.214 ± 0.020,0.223 ± 0.020,0.643 ± 0.083,0.528 ± 0.121,0.630 ± 0.068,0.623 ± 0.070,0.602 ± 0.137,0.644 ± 0.100,0.498 ± 0.101,0.739 ± 0.074,0.539 ± 0.099,0.241 ± 0.137,0.234 ± 0.132
DSS,specific,Basal,ExtraSurvTrees,Clinical,15,0.565 ± 0.066,0.568 ± 0.064,0.625 ± 0.084,0.586 ± 0.084,0.554 ± 0.082,0.219 ± 0.019,0.230 ± 0.019,0.587 ± 0.084,0.478 ± 0.097,0.591 ± 0.077,0.579 ± 0.066,0.534 ± 0.161,0.624 ± 0.161,0.461 ± 0.104,0.697 ± 0.072,0.482 ± 0.098,0.158 ± 0.129,0.152 ± 0.128
DSS,specific,Basal,GBSA,Clinical,15,0.596 ± 0.070,0.593 ± 0.073,0.635 ± 0.096,0.609 ± 0.094,0.585 ± 0.103,0.235 ± 0.038,0.245 ± 0.039,0.611 ± 0.092,0.535 ± 0.109,0.622 ± 0.066,0.594 ± 0.067,0.501 ± 0.106,0.686 ± 0.097,0.485 ± 0.107,0.701 ± 0.072,0.489 ± 0.102,0.187 ± 0.135,0.186 ± 0.135
DSS,specific,Basal,CW-GBSA,Clinical,15,0.560 ± 0.082,0.566 ± 0.083,0.624 ± 0.109,0.586 ± 0.096,0.538 ± 0.111,0.227 ± 0.027,0.235 ± 0.030,0.586 ± 0.096,0.495 ± 0.121,0.591 ± 0.085,0.569 ± 0.093,0.476 ± 0.171,0.662 ± 0.091,0.444 ± 0.109,0.686 ± 0.104,0.451 ± 0.127,0.134 ± 0.180,0.131 ± 0.176
DSS,specific,Basal,SurvSVM,Clinical,15,0.542 ± 0.086,0.549 ± 0.085,0.575 ± 0.131,0.555 ± 0.103,0.526 ± 0.112,,,0.554 ± 0.104,0.483 ± 0.126,0.544 ± 0.077,0.532 ± 0.079,0.493 ± 0.147,0.571 ± 0.116,0.403 ± 0.102,0.662 ± 0.093,0.437 ± 0.107,0.065 ± 0.155,0.063 ± 0.146
DSS,specific,Basal,XGB-Cox,Clinical,15,0.588 ± 0.064,0.587 ± 0.063,0.641 ± 0.093,0.609 ± 0.092,0.593 ± 0.080,0.235 ± 0.034,0.247 ± 0.040,0.611 ± 0.092,0.535 ± 0.090,0.601 ± 0.099,0.578 ± 0.098,0.490 ± 0.153,0.666 ± 0.101,0.459 ± 0.133,0.692 ± 0.099,0.469 ± 0.137,0.153 ± 0.200,0.153 ± 0.198
DSS,specific,Basal,CoxPH,Clin+Genes,15,0.503 ± 0.065,0.501 ± 0.068,0.498 ± 0.118,0.520 ± 0.090,0.507 ± 0.093,0.333 ± 0.046,0.345 ± 0.051,0.521 ± 0.090,0.424 ± 0.094,0.536 ± 0.074,0.499 ± 0.074,0.333 ± 0.146,0.664 ± 0.109,0.366 ± 0.100,0.630 ± 0.093,0.334 ± 0.094,-0.003 ± 0.148,-0.006 ± 0.144
DSS,specific,Basal,CoxNet,Clin+Genes,15,0.499 ± 0.066,0.494 ± 0.069,0.507 ± 0.121,0.516 ± 0.076,0.499 ± 0.088,0.287 ± 0.039,0.296 ± 0.042,0.520 ± 0.076,0.424 ± 0.084,0.528 ± 0.074,0.506 ± 0.076,0.399 ± 0.174,0.613 ± 0.131,0.374 ± 0.107,0.638 ± 0.094,0.370 ± 0.104,0.012 ± 0.151,0.008 ± 0.148
DSS,specific,Basal,RSF,Clin+Genes,15,0.468 ± 0.064,0.464 ± 0.065,0.454 ± 0.100,0.470 ± 0.076,0.464 ± 0.094,0.228 ± 0.022,0.240 ± 0.022,0.474 ± 0.074,0.385 ± 0.080,0.508 ± 0.068,0.470 ± 0.064,0.309 ± 0.147,0.630 ± 0.117,0.315 ± 0.100,0.610 ± 0.082,0.301 ± 0.114,-0.067 ± 0.133,-0.062 ± 0.128
DSS,specific,Basal,ExtraSurvTrees,Clin+Genes,15,0.530 ± 0.065,0.530 ± 0.064,0.567 ± 0.079,0.549 ± 0.077,0.516 ± 0.079,0.221 ± 0.020,0.233 ± 0.021,0.551 ± 0.076,0.443 ± 0.086,0.553 ± 0.062,0.532 ± 0.060,0.421 ± 0.188,0.643 ± 0.130,0.369 ± 0.144,0.658 ± 0.082,0.384 ± 0.150,0.051 ± 0.140,0.059 ± 0.117
DSS,specific,Basal,GBSA,Clin+Genes,15,0.451 ± 0.055,0.448 ± 0.058,0.421 ± 0.079,0.455 ± 0.078,0.447 ± 0.086,0.298 ± 0.041,0.314 ± 0.041,0.458 ± 0.077,0.374 ± 0.072,0.513 ± 0.050,0.461 ± 0.063,0.255 ± 0.117,0.667 ± 0.055,0.300 ± 0.130,0.607 ± 0.066,0.270 ± 0.111,-0.085 ± 0.135,-0.083 ± 0.130
DSS,specific,Basal,CW-GBSA,Clin+Genes,15,0.503 ± 0.063,0.497 ± 0.063,0.498 ± 0.113,0.524 ± 0.068,0.508 ± 0.089,0.245 ± 0.029,0.254 ± 0.027,0.528 ± 0.067,0.432 ± 0.076,0.534 ± 0.064,0.504 ± 0.071,0.383 ± 0.166,0.626 ± 0.124,0.374 ± 0.123,0.637 ± 0.083,0.365 ± 0.106,0.010 ± 0.143,0.005 ± 0.137
DSS,specific,Basal,SurvSVM,Clin+Genes,15,0.497 ± 0.072,0.496 ± 0.077,0.491 ± 0.116,0.507 ± 0.101,0.500 ± 0.117,,,0.507 ± 0.101,0.409 ± 0.074,0.498 ± 0.056,0.477 ± 0.065,0.375 ± 0.116,0.579 ± 0.080,0.341 ± 0.101,0.613 ± 0.083,0.348 ± 0.080,-0.046 ± 0.130,-0.048 ± 0.127
DSS,specific,Basal,XGB-Cox,Clin+Genes,15,0.464 ± 0.065,0.460 ± 0.068,0.445 ± 0.094,0.470 ± 0.085,0.462 ± 0.090,0.318 ± 0.041,0.334 ± 0.043,0.472 ± 0.084,0.394 ± 0.092,0.551 ± 0.067,0.489 ± 0.074,0.239 ± 0.139,0.738 ± 0.066,0.332 ± 0.130,0.626 ± 0.077,0.269 ± 0.129,-0.031 ± 0.156,-0.027 ± 0.152
DSS,specific,HER2-enriched,CoxPH,Clinical,15,0.647 ± 0.069,0.648 ± 0.071,0.677 ± 0.131,0.694 ± 0.104,0.703 ± 0.083,0.195 ± 0.026,0.204 ± 0.026,0.696 ± 0.103,0.573 ± 0.132,0.666 ± 0.095,0.644 ± 0.099,0.593 ± 0.167,0.695 ± 0.122,0.504 ± 0.137,0.781 ± 0.069,0.536 ± 0.139,0.286 ± 0.194,0.279 ± 0.189
DSS,specific,HER2-enriched,CoxNet,Clinical,15,0.666 ± 0.057,0.663 ± 0.060,0.701 ± 0.101,0.719 ± 0.070,0.709 ± 0.066,0.190 ± 0.018,0.199 ± 0.017,0.721 ± 0.069,0.596 ± 0.098,0.683 ± 0.066,0.669 ± 0.069,0.630 ± 0.107,0.708 ± 0.081,0.525 ± 0.103,0.793 ± 0.059,0.569 ± 0.091,0.328 ± 0.135,0.322 ± 0.134
DSS,specific,HER2-enriched,RSF,Clinical,15,0.680 ± 0.058,0.675 ± 0.064,0.739 ± 0.059,0.760 ± 0.063,0.722 ± 0.081,0.182 ± 0.021,0.187 ± 0.018,0.761 ± 0.062,0.610 ± 0.077,0.685 ± 0.073,0.696 ± 0.064,0.731 ± 0.096,0.662 ± 0.108,0.528 ± 0.091,0.829 ± 0.061,0.608 ± 0.075,0.375 ± 0.122,0.358 ± 0.124
DSS,specific,HER2-enriched,ExtraSurvTrees,Clinical,15,0.641 ± 0.069,0.638 ± 0.075,0.683 ± 0.078,0.716 ± 0.089,0.675 ± 0.101,0.190 ± 0.022,0.197 ± 0.019,0.718 ± 0.089,0.566 ± 0.098,0.683 ± 0.073,0.691 ± 0.082,0.722 ± 0.121,0.660 ± 0.077,0.517 ± 0.085,0.826 ± 0.077,0.601 ± 0.094,0.362 ± 0.153,0.347 ± 0.145
DSS,specific,HER2-enriched,GBSA,Clinical,15,0.655 ± 0.060,0.655 ± 0.063,0.708 ± 0.087,0.728 ± 0.068,0.701 ± 0.073,0.191 ± 0.021,0.194 ± 0.025,0.730 ± 0.067,0.601 ± 0.093,0.692 ± 0.056,0.649 ± 0.090,0.537 ± 0.206,0.760 ± 0.075,0.517 ± 0.123,0.778 ± 0.055,0.519 ± 0.159,0.296 ± 0.172,0.291 ± 0.172
DSS,specific,HER2-enriched,CW-GBSA,Clinical,15,0.659 ± 0.057,0.658 ± 0.061,0.687 ± 0.101,0.719 ± 0.077,0.711 ± 0.074,0.185 ± 0.019,0.191 ± 0.017,0.722 ± 0.074,0.598 ± 0.114,0.687 ± 0.077,0.671 ± 0.075,0.636 ± 0.150,0.706 ± 0.128,0.534 ± 0.118,0.801 ± 0.054,0.571 ± 0.109,0.338 ± 0.149,0.328 ± 0.150
DSS,specific,HER2-enriched,SurvSVM,Clinical,15,0.656 ± 0.057,0.656 ± 0.061,0.706 ± 0.121,0.715 ± 0.092,0.696 ± 0.079,,,0.717 ± 0.091,0.605 ± 0.121,0.672 ± 0.092,0.638 ± 0.105,0.559 ± 0.186,0.717 ± 0.108,0.502 ± 0.133,0.774 ± 0.076,0.524 ± 0.147,0.276 ± 0.204,0.271 ± 0.198
DSS,specific,HER2-enriched,XGB-Cox,Clinical,15,0.641 ± 0.058,0.641 ± 0.061,0.703 ± 0.092,0.700 ± 0.062,0.685 ± 0.079,0.202 ± 0.025,0.209 ± 0.028,0.703 ± 0.059,0.567 ± 0.104,0.675 ± 0.044,0.635 ± 0.064,0.520 ± 0.149,0.750 ± 0.070,0.509 ± 0.103,0.762 ± 0.049,0.506 ± 0.113,0.270 ± 0.122,0.265 ± 0.122
DSS,specific,HER2-enriched,CoxPH,Clin+Genes,15,0.543 ± 0.061,0.541 ± 0.066,0.562 ± 0.109,0.554 ± 0.080,0.550 ± 0.083,0.280 ± 0.038,0.299 ± 0.043,0.557 ± 0.079,0.445 ± 0.069,0.575 ± 0.057,0.526 ± 0.058,0.379 ± 0.143,0.672 ± 0.110,0.371 ± 0.101,0.686 ± 0.048,0.365 ± 0.102,0.054 ± 0.115,0.051 ± 0.113
DSS,specific,HER2-enriched,CoxNet,Clin+Genes,15,0.556 ± 0.064,0.555 ± 0.068,0.575 ± 0.113,0.579 ± 0.090,0.566 ± 0.076,0.234 ± 0.040,0.250 ± 0.045,0.582 ± 0.090,0.458 ± 0.084,0.608 ± 0.076,0.571 ± 0.073,0.460 ± 0.160,0.681 ± 0.136,0.437 ± 0.120,0.717 ± 0.066,0.430 ± 0.107,0.146 ± 0.144,0.139 ± 0.140
DSS,specific,HER2-enriched,RSF,Clin+Genes,15,0.615 ± 0.067,0.616 ± 0.072,0.651 ± 0.099,0.678 ± 0.081,0.653 ± 0.078,0.195 ± 0.021,0.204 ± 0.020,0.680 ± 0.082,0.545 ± 0.089,0.682 ± 0.062,0.654 ± 0.082,0.568 ± 0.147,0.740 ± 0.052,0.517 ± 0.116,0.776 ± 0.068,0.537 ± 0.118,0.300 ± 0.157,0.296 ± 0.155
DSS,specific,HER2-enriched,ExtraSurvTrees,Clin+Genes,15,0.624 ± 0.066,0.624 ± 0.073,0.664 ± 0.085,0.697 ± 0.093,0.664 ± 0.095,0.192 ± 0.021,0.201 ± 0.020,0.698 ± 0.094,0.540 ± 0.091,0.684 ± 0.081,0.680 ± 0.091,0.685 ± 0.174,0.675 ± 0.119,0.518 ± 0.102,0.821 ± 0.076,0.585 ± 0.121,0.349 ± 0.171,0.334 ± 0.168
DSS,specific,HER2-enriched,GBSA,Clin+Genes,15,0.565 ± 0.050,0.562 ± 0.053,0.593 ± 0.116,0.599 ± 0.069,0.585 ± 0.065,0.228 ± 0.027,0.242 ± 0.027,0.600 ± 0.070,0.462 ± 0.083,0.639 ± 0.063,0.566 ± 0.074,0.351 ± 0.126,0.781 ± 0.070,0.449 ± 0.140,0.707 ± 0.049,0.387 ± 0.125,0.142 ± 0.154,0.138 ± 0.151
DSS,specific,HER2-enriched,CW-GBSA,Clin+Genes,15,0.585 ± 0.052,0.582 ± 0.058,0.587 ± 0.110,0.620 ± 0.063,0.607 ± 0.077,0.205 ± 0.019,0.214 ± 0.017,0.623 ± 0.063,0.516 ± 0.068,0.621 ± 0.064,0.592 ± 0.062,0.506 ± 0.131,0.679 ± 0.106,0.447 ± 0.093,0.734 ± 0.060,0.465 ± 0.091,0.182 ± 0.120,0.178 ± 0.120
DSS,specific,HER2-enriched,SurvSVM,Clin+Genes,15,0.556 ± 0.062,0.555 ± 0.067,0.575 ± 0.117,0.581 ± 0.091,0.574 ± 0.099,,,0.582 ± 0.091,0.468 ± 0.089,0.608 ± 0.071,0.572 ± 0.084,0.473 ± 0.189,0.670 ± 0.122,0.421 ± 0.123,0.722 ± 0.073,0.433 ± 0.134,0.142 ± 0.164,0.135 ± 0.157
DSS,specific,HER2-enriched,XGB-Cox,Clin+Genes,15,0.555 ± 0.040,0.553 ± 0.043,0.583 ± 0.096,0.601 ± 0.057,0.567 ± 0.053,0.243 ± 0.029,0.253 ± 0.027,0.603 ± 0.057,0.468 ± 0.080,0.629 ± 0.061,0.546 ± 0.052,0.299 ± 0.118,0.793 ± 0.115,0.443 ± 0.138,0.693 ± 0.036,0.341 ± 0.106,0.110 ± 0.117,0.101 ± 0.111
DSS,specific,Claudin-low,CoxPH,Clinical,15,0.628 ± 0.097,0.611 ± 0.096,0.689 ± 0.143,0.695 ± 0.138,0.620 ± 0.102,0.146 ± 0.023,0.138 ± 0.028,0.696 ± 0.138,0.475 ± 0.155,0.720 ± 0.094,0.634 ± 0.100,0.504 ± 0.230,0.763 ± 0.141,0.380 ± 0.224,0.877 ± 0.050,0.392 ± 0.149,0.253 ± 0.186,0.228 ± 0.173
DSS,specific,Claudin-low,CoxNet,Clinical,15,0.690 ± 0.079,0.680 ± 0.087,0.782 ± 0.090,0.739 ± 0.126,0.695 ± 0.096,0.129 ± 0.023,0.126 ± 0.027,0.742 ± 0.125,0.578 ± 0.166,0.758 ± 0.092,0.670 ± 0.106,0.534 ± 0.221,0.806 ± 0.117,0.434 ± 0.215,0.886 ± 0.056,0.445 ± 0.145,0.322 ± 0.195,0.300 ± 0.179
DSS,specific,Claudin-low,RSF,Clinical,15,0.682 ± 0.086,0.662 ± 0.097,0.792 ± 0.089,0.759 ± 0.114,0.661 ± 0.124,0.130 ± 0.024,0.126 ± 0.027,0.761 ± 0.113,0.569 ± 0.180,0.696 ± 0.116,0.680 ± 0.078,0.656 ± 0.191,0.703 ± 0.171,0.383 ± 0.197,0.904 ± 0.054,0.449 ± 0.117,0.316 ± 0.156,0.278 ± 0.153
DSS,specific,Claudin-low,ExtraSurvTrees,Clinical,15,0.637 ± 0.071,0.616 ± 0.083,0.745 ± 0.105,0.703 ± 0.101,0.602 ± 0.128,0.140 ± 0.026,0.137 ± 0.032,0.704 ± 0.101,0.432 ± 0.153,0.698 ± 0.098,0.653 ± 0.088,0.587 ± 0.165,0.719 ± 0.134,0.350 ± 0.163,0.886 ± 0.050,0.420 ± 0.127,0.265 ± 0.164,0.243 ± 0.158
DSS,specific,Claudin-low,GBSA,Clinical,15,0.612 ± 0.093,0.607 ± 0.094,0.677 ± 0.152,0.667 ± 0.133,0.617 ± 0.107,0.142 ± 0.020,0.133 ± 0.022,0.669 ± 0.133,0.494 ± 0.138,0.747 ± 0.078,0.659 ± 0.095,0.521 ± 0.185,0.798 ± 0.099,0.394 ± 0.180,0.883 ± 0.044,0.427 ± 0.147,0.293 ± 0.176,0.279 ± 0.169
DSS,specific,Claudin-low,CW-GBSA,Clinical,15,0.664 ± 0.081,0.645 ± 0.085,0.754 ± 0.119,0.724 ± 0.134,0.652 ± 0.101,0.128 ± 0.021,0.121 ± 0.022,0.726 ± 0.133,0.552 ± 0.180,0.786 ± 0.075,0.694 ± 0.101,0.549 ± 0.213,0.839 ± 0.100,0.497 ± 0.249,0.893 ± 0.053,0.478 ± 0.144,0.378 ± 0.186,0.353 ± 0.171
DSS,specific,Claudin-low,SurvSVM,Clinical,15,0.603 ± 0.097,0.585 ± 0.095,0.683 ± 0.138,0.672 ± 0.139,0.587 ± 0.117,,,0.672 ± 0.138,0.446 ± 0.140,0.676 ± 0.098,0.626 ± 0.106,0.553 ± 0.233,0.699 ± 0.136,0.297 ± 0.086,0.874 ± 0.073,0.375 ± 0.115,0.207 ± 0.162,0.183 ± 0.139
DSS,specific,Claudin-low,XGB-Cox,Clinical,15,0.631 ± 0.128,0.607 ± 0.128,0.717 ± 0.148,0.701 ± 0.167,0.598 ± 0.151,0.138 ± 0.025,0.127 ± 0.029,0.703 ± 0.167,0.535 ± 0.162,0.754 ± 0.079,0.685 ± 0.115,0.576 ± 0.224,0.795 ± 0.094,0.414 ± 0.187,0.894 ± 0.055,0.455 ± 0.160,0.332 ± 0.198,0.311 ± 0.188
DSS,specific,Claudin-low,CoxPH,Clin+Genes,15,0.621 ± 0.079,0.614 ± 0.074,0.676 ± 0.191,0.653 ± 0.135,0.628 ± 0.086,0.181 ± 0.045,0.177 ± 0.055,0.653 ± 0.134,0.409 ± 0.165,0.745 ± 0.086,0.623 ± 0.089,0.422 ± 0.163,0.823 ± 0.104,0.386 ± 0.192,0.860 ± 0.057,0.377 ± 0.139,0.241 ± 0.183,0.230 ± 0.179
DSS,specific,Claudin-low,CoxNet,Clin+Genes,15,0.633 ± 0.075,0.631 ± 0.081,0.742 ± 0.112,0.668 ± 0.119,0.652 ± 0.105,0.135 ± 0.023,0.131 ± 0.028,0.671 ± 0.117,0.465 ± 0.152,0.755 ± 0.060,0.643 ± 0.074,0.466 ± 0.193,0.819 ± 0.095,0.391 ± 0.140,0.875 ± 0.046,0.395 ± 0.119,0.269 ± 0.120,0.253 ± 0.116
DSS,specific,Claudin-low,RSF,Clin+Genes,15,0.643 ± 0.086,0.630 ± 0.094,0.758 ± 0.122,0.713 ± 0.124,0.633 ± 0.115,0.136 ± 0.024,0.133 ± 0.029,0.714 ± 0.123,0.478 ± 0.171,0.777 ± 0.081,0.651 ± 0.097,0.451 ± 0.178,0.851 ± 0.102,0.467 ± 0.264,0.872 ± 0.049,0.421 ± 0.152,0.309 ± 0.199,0.291 ± 0.188
DSS,specific,Claudin-low,ExtraSurvTrees,Clin+Genes,15,0.619 ± 0.074,0.604 ± 0.088,0.735 ± 0.121,0.676 ± 0.123,0.589 ± 0.125,0.141 ± 0.025,0.139 ± 0.031,0.676 ± 0.120,0.401 ± 0.157,0.707 ± 0.080,0.639 ± 0.074,0.529 ± 0.206,0.749 ± 0.131,0.340 ± 0.119,0.877 ± 0.053,0.388 ± 0.104,0.242 ± 0.118,0.220 ± 0.113
DSS,specific,Claudin-low,GBSA,Clin+Genes,15,0.613 ± 0.066,0.604 ± 0.076,0.720 ± 0.115,0.660 ± 0.105,0.615 ± 0.088,0.139 ± 0.023,0.133 ± 0.029,0.663 ± 0.105,0.466 ± 0.125,0.811 ± 0.045,0.612 ± 0.059,0.297 ± 0.143,0.928 ± 0.050,0.537 ± 0.225,0.854 ± 0.046,0.349 ± 0.117,0.282 ± 0.108,0.253 ± 0.108
DSS,specific,Claudin-low,CW-GBSA,Clin+Genes,15,0.639 ± 0.066,0.633 ± 0.070,0.759 ± 0.122,0.686 ± 0.109,0.645 ± 0.091,0.131 ± 0.020,0.126 ± 0.024,0.689 ± 0.108,0.510 ± 0.141,0.760 ± 0.094,0.692 ± 0.081,0.581 ± 0.189,0.803 ± 0.128,0.447 ± 0.180,0.894 ± 0.049,0.470 ± 0.124,0.356 ± 0.154,0.333 ± 0.155
DSS,specific,Claudin-low,SurvSVM,Clin+Genes,15,0.596 ± 0.097,0.583 ± 0.103,0.629 ± 0.203,0.624 ± 0.145,0.584 ± 0.118,,,0.623 ± 0.144,0.368 ± 0.145,0.696 ± 0.079,0.590 ± 0.115,0.412 ± 0.205,0.767 ± 0.069,0.280 ± 0.125,0.847 ± 0.073,0.322 ± 0.136,0.149 ± 0.191,0.140 ± 0.181
DSS,specific,Claudin-low,XGB-Cox,Clin+Genes,15,0.595 ± 0.065,0.587 ± 0.070,0.693 ± 0.112,0.637 ± 0.109,0.592 ± 0.090,0.151 ± 0.026,0.142 ± 0.029,0.638 ± 0.107,0.431 ± 0.168,0.806 ± 0.059,0.576 ± 0.088,0.210 ± 0.177,0.942 ± 0.060,0.425 ± 0.375,0.841 ± 0.050,0.259 ± 0.203,0.203 ± 0.231,0.177 ± 0.203
DSS,specific,Aggressive (Basal/HER2/CL),CoxPH,Clinical,15,0.649 ± 0.034,0.648 ± 0.034,0.685 ± 0.044,0.693 ± 0.049,0.675 ± 0.042,0.183 ± 0.015,0.187 ± 0.016,0.694 ± 0.049,0.504 ± 0.097,0.655 ± 0.062,0.635 ± 0.070,0.593 ± 0.144,0.676 ± 0.091,0.440 ± 0.085,0.800 ± 0.060,0.501 ± 0.098,0.254 ± 0.132,0.244 ± 0.127
DSS,specific,Aggressive (Basal/HER2/CL),CoxNet,Clinical,15,0.670 ± 0.035,0.667 ± 0.036,0.739 ± 0.035,0.727 ± 0.042,0.690 ± 0.044,0.179 ± 0.014,0.185 ± 0.016,0.729 ± 0.042,0.556 ± 0.106,0.691 ± 0.042,0.671 ± 0.042,0.626 ± 0.069,0.716 ± 0.056,0.485 ± 0.072,0.819 ± 0.029,0.545 ± 0.066,0.322 ± 0.083,0.316 ± 0.084
DSS,specific,Aggressive (Basal/HER2/CL),RSF,Clinical,15,0.687 ± 0.024,0.682 ± 0.025,0.758 ± 0.022,0.755 ± 0.025,0.707 ± 0.036,0.171 ± 0.012,0.174 ± 0.013,0.756 ± 0.024,0.565 ± 0.090,0.700 ± 0.025,0.693 ± 0.020,0.675 ± 0.075,0.711 ± 0.058,0.499 ± 0.053,0.838 ± 0.035,0.570 ± 0.039,0.360 ± 0.036,0.348 ± 0.037
DSS,specific,Aggressive (Basal/HER2/CL),ExtraSurvTrees,Clinical,15,0.667 ± 0.025,0.664 ± 0.025,0.729 ± 0.042,0.729 ± 0.036,0.679 ± 0.044,0.179 ± 0.014,0.183 ± 0.015,0.730 ± 0.035,0.515 ± 0.073,0.671 ± 0.042,0.665 ± 0.024,0.654 ± 0.121,0.677 ± 0.102,0.471 ± 0.072,0.826 ± 0.038,0.538 ± 0.050,0.313 ± 0.049,0.296 ± 0.050
DSS,specific,Aggressive (Basal/HER2/CL),GBSA,Clinical,15,0.662 ± 0.028,0.659 ± 0.028,0.721 ± 0.036,0.721 ± 0.037,0.684 ± 0.039,0.178 ± 0.016,0.181 ± 0.018,0.722 ± 0.038,0.547 ± 0.076,0.696 ± 0.038,0.657 ± 0.035,0.562 ± 0.063,0.752 ± 0.049,0.492 ± 0.056,0.801 ± 0.039,0.523 ± 0.050,0.303 ± 0.067,0.301 ± 0.067
DSS,specific,Aggressive (Basal/HER2/CL),CW-GBSA,Clinical,15,0.669 ± 0.030,0.668 ± 0.027,0.726 ± 0.043,0.721 ± 0.039,0.696 ± 0.029,0.176 ± 0.014,0.181 ± 0.013,0.722 ± 0.039,0.537 ± 0.096,0.670 ± 0.043,0.658 ± 0.039,0.633 ± 0.077,0.684 ± 0.066,0.463 ± 0.065,0.815 ± 0.038,0.532 ± 0.058,0.296 ± 0.075,0.286 ± 0.075
DSS,specific,Aggressive (Basal/HER2/CL),SurvSVM,Clinical,15,0.653 ± 0.034,0.651 ± 0.032,0.705 ± 0.045,0.704 ± 0.045,0.672 ± 0.034,,,0.705 ± 0.045,0.512 ± 0.101,0.674 ± 0.046,0.658 ± 0.057,0.624 ± 0.121,0.692 ± 0.063,0.462 ± 0.068,0.816 ± 0.053,0.528 ± 0.080,0.296 ± 0.106,0.286 ± 0.100
DSS,specific,Aggressive (Basal/HER2/CL),XGB-Cox,Clinical,15,0.661 ± 0.032,0.656 ± 0.032,0.720 ± 0.036,0.717 ± 0.041,0.680 ± 0.043,0.180 ± 0.016,0.182 ± 0.020,0.718 ± 0.041,0.546 ± 0.088,0.681 ± 0.055,0.653 ± 0.042,0.587 ± 0.071,0.719 ± 0.084,0.479 ± 0.075,0.803 ± 0.040,0.523 ± 0.058,0.294 ± 0.086,0.288 ± 0.088
DSS,specific,Aggressive (Basal/HER2/CL),CoxPH,Clin+Genes,15,0.619 ± 0.052,0.614 ± 0.052,0.645 ± 0.068,0.653 ± 0.070,0.639 ± 0.063,0.199 ± 0.023,0.205 ± 0.022,0.654 ± 0.069,0.447 ± 0.077,0.641 ± 0.053,0.601 ± 0.064,0.508 ± 0.145,0.694 ± 0.082,0.414 ± 0.089,0.773 ± 0.052,0.451 ± 0.099,0.194 ± 0.122,0.188 ± 0.118
DSS,specific,Aggressive (Basal/HER2/CL),CoxNet,Clin+Genes,15,0.668 ± 0.035,0.663 ± 0.037,0.727 ± 0.045,0.723 ± 0.046,0.689 ± 0.039,0.180 ± 0.014,0.185 ± 0.013,0.724 ± 0.045,0.527 ± 0.079,0.680 ± 0.037,0.668 ± 0.044,0.639 ± 0.095,0.696 ± 0.050,0.471 ± 0.054,0.820 ± 0.046,0.540 ± 0.061,0.312 ± 0.080,0.302 ± 0.077
DSS,specific,Aggressive (Basal/HER2/CL),RSF,Clin+Genes,15,0.677 ± 0.021,0.673 ± 0.021,0.740 ± 0.029,0.737 ± 0.021,0.695 ± 0.032,0.174 ± 0.011,0.178 ± 0.011,0.738 ± 0.021,0.524 ± 0.081,0.699 ± 0.025,0.663 ± 0.040,0.576 ± 0.091,0.749 ± 0.034,0.492 ± 0.064,0.808 ± 0.033,0.529 ± 0.069,0.312 ± 0.074,0.309 ± 0.072
DSS,specific,Aggressive (Basal/HER2/CL),ExtraSurvTrees,Clin+Genes,15,0.667 ± 0.023,0.664 ± 0.023,0.733 ± 0.035,0.731 ± 0.032,0.681 ± 0.040,0.179 ± 0.014,0.184 ± 0.015,0.732 ± 0.032,0.506 ± 0.067,0.674 ± 0.059,0.671 ± 0.057,0.669 ± 0.103,0.674 ± 0.081,0.470 ± 0.081,0.829 ± 0.041,0.549 ± 0.080,0.320 ± 0.108,0.306 ± 0.108
DSS,specific,Aggressive (Basal/HER2/CL),GBSA,Clin+Genes,15,0.650 ± 0.020,0.645 ± 0.022,0.703 ± 0.042,0.702 ± 0.031,0.659 ± 0.037,0.187 ± 0.012,0.189 ± 0.013,0.703 ± 0.031,0.501 ± 0.076,0.691 ± 0.037,0.643 ± 0.035,0.532 ± 0.101,0.754 ± 0.071,0.484 ± 0.062,0.793 ± 0.032,0.502 ± 0.065,0.281 ± 0.068,0.278 ± 0.067
DSS,specific,Aggressive (Basal/HER2/CL),CW-GBSA,Clin+Genes,15,0.664 ± 0.035,0.660 ± 0.035,0.712 ± 0.049,0.715 ± 0.043,0.689 ± 0.039,0.178 ± 0.014,0.183 ± 0.014,0.716 ± 0.043,0.514 ± 0.072,0.672 ± 0.042,0.656 ± 0.049,0.615 ± 0.107,0.696 ± 0.055,0.461 ± 0.041,0.810 ± 0.057,0.524 ± 0.059,0.291 ± 0.086,0.281 ± 0.082
DSS,specific,Aggressive (Basal/HER2/CL),SurvSVM,Clin+Genes,15,0.623 ± 0.052,0.618 ± 0.050,0.659 ± 0.069,0.661 ± 0.070,0.638 ± 0.057,,,0.662 ± 0.070,0.468 ± 0.085,0.634 ± 0.050,0.608 ± 0.056,0.548 ± 0.119,0.668 ± 0.073,0.413 ± 0.077,0.779 ± 0.049,0.467 ± 0.083,0.203 ± 0.106,0.197 ± 0.103
DSS,specific,Aggressive (Basal/HER2/CL),XGB-Cox,Clin+Genes,15,0.644 ± 0.024,0.638 ± 0.023,0.694 ± 0.045,0.693 ± 0.034,0.652 ± 0.034,0.194 ± 0.013,0.197 ± 0.015,0.694 ± 0.035,0.493 ± 0.078,0.695 ± 0.037,0.632 ± 0.045,0.483 ± 0.102,0.781 ± 0.055,0.485 ± 0.079,0.782 ± 0.032,0.481 ± 0.083,0.265 ± 0.089,0.264 ± 0.089
DSS,specific,LumB,CoxPH,Clinical,15,0.618 ± 0.044,0.617 ± 0.052,0.615 ± 0.106,0.640 ± 0.066,0.637 ± 0.071,0.150 ± 0.021,0.154 ± 0.017,0.641 ± 0.066,0.321 ± 0.086,0.629 ± 0.057,0.603 ± 0.072,0.568 ± 0.221,0.637 ± 0.106,0.275 ± 0.076,0.866 ± 0.042,0.365 ± 0.110,0.170 ± 0.116,0.143 ± 0.097
DSS,specific,LumB,CoxNet,Clinical,15,0.655 ± 0.043,0.657 ± 0.048,0.634 ± 0.105,0.700 ± 0.073,0.691 ± 0.054,0.143 ± 0.020,0.148 ± 0.020,0.700 ± 0.073,0.363 ± 0.089,0.688 ± 0.049,0.663 ± 0.067,0.623 ± 0.162,0.702 ± 0.076,0.341 ± 0.077,0.886 ± 0.039,0.435 ± 0.094,0.271 ± 0.109,0.245 ± 0.101
DSS,specific,LumB,RSF,Clinical,15,0.654 ± 0.041,0.655 ± 0.051,0.627 ± 0.085,0.699 ± 0.066,0.683 ± 0.066,0.139 ± 0.019,0.143 ± 0.018,0.700 ± 0.066,0.370 ± 0.089,0.668 ± 0.070,0.658 ± 0.070,0.647 ± 0.170,0.669 ± 0.106,0.329 ± 0.084,0.891 ± 0.038,0.430 ± 0.107,0.263 ± 0.122,0.232 ± 0.115
DSS,specific,LumB,ExtraSurvTrees,Clinical,15,0.620 ± 0.053,0.624 ± 0.058,0.591 ± 0.110,0.656 ± 0.069,0.646 ± 0.075,0.145 ± 0.020,0.149 ± 0.018,0.657 ± 0.069,0.333 ± 0.099,0.627 ± 0.071,0.626 ± 0.076,0.632 ± 0.179,0.620 ± 0.105,0.292 ± 0.080,0.878 ± 0.046,0.395 ± 0.107,0.207 ± 0.130,0.176 ± 0.115
DSS,specific,LumB,GBSA,Clinical,15,0.661 ± 0.037,0.662 ± 0.048,0.665 ± 0.085,0.705 ± 0.064,0.685 ± 0.064,0.140 ± 0.018,0.144 ± 0.018,0.706 ± 0.064,0.392 ± 0.095,0.695 ± 0.029,0.637 ± 0.065,0.543 ± 0.166,0.730 ± 0.054,0.328 ± 0.076,0.870 ± 0.041,0.404 ± 0.095,0.232 ± 0.107,0.215 ± 0.094
DSS,specific,LumB,CW-GBSA,Clinical,15,0.647 ± 0.043,0.650 ± 0.048,0.641 ± 0.102,0.683 ± 0.064,0.676 ± 0.064,0.144 ± 0.018,0.150 ± 0.018,0.684 ± 0.065,0.348 ± 0.091,0.666 ± 0.037,0.651 ± 0.062,0.632 ± 0.151,0.670 ± 0.060,0.320 ± 0.071,0.886 ± 0.035,0.423 ± 0.092,0.249 ± 0.104,0.220 ± 0.091
DSS,specific,LumB,SurvSVM,Clinical,15,0.616 ± 0.056,0.618 ± 0.064,0.604 ± 0.101,0.636 ± 0.082,0.634 ± 0.090,,,0.637 ± 0.082,0.331 ± 0.093,0.616 ± 0.073,0.595 ± 0.077,0.566 ± 0.198,0.624 ± 0.110,0.270 ± 0.079,0.859 ± 0.044,0.361 ± 0.109,0.157 ± 0.125,0.134 ± 0.106
DSS,specific,LumB,XGB-Cox,Clinical,15,0.638 ± 0.032,0.640 ± 0.048,0.664 ± 0.092,0.673 ± 0.054,0.654 ± 0.066,0.148 ± 0.019,0.151 ± 0.019,0.674 ± 0.053,0.358 ± 0.077,0.701 ± 0.044,0.614 ± 0.056,0.475 ± 0.151,0.752 ± 0.068,0.321 ± 0.076,0.857 ± 0.030,0.379 ± 0.097,0.201 ± 0.097,0.192 ± 0.091
DSS,specific,LumB,CoxPH,Clin+Genes,15,0.609 ± 0.051,0.603 ± 0.062,0.568 ± 0.112,0.657 ± 0.083,0.613 ± 0.073,0.160 ± 0.020,0.165 ± 0.020,0.658 ± 0.081,0.324 ± 0.079,0.654 ± 0.083,0.607 ± 0.070,0.532 ± 0.163,0.681 ± 0.120,0.300 ± 0.095,0.857 ± 0.037,0.375 ± 0.108,0.183 ± 0.123,0.168 ± 0.117
DSS,specific,LumB,CoxNet,Clin+Genes,15,0.656 ± 0.043,0.654 ± 0.052,0.606 ± 0.107,0.715 ± 0.058,0.681 ± 0.070,0.140 ± 0.018,0.146 ± 0.018,0.716 ± 0.056,0.384 ± 0.083,0.676 ± 0.040,0.645 ± 0.072,0.591 ± 0.209,0.698 ± 0.089,0.320 ± 0.074,0.878 ± 0.052,0.404 ± 0.103,0.238 ± 0.116,0.210 ± 0.100
DSS,specific,LumB,RSF,Clin+Genes,15,0.656 ± 0.041,0.656 ± 0.052,0.622 ± 0.090,0.719 ± 0.057,0.680 ± 0.073,0.140 ± 0.019,0.143 ± 0.018,0.719 ± 0.056,0.402 ± 0.090,0.698 ± 0.055,0.655 ± 0.079,0.585 ± 0.172,0.726 ± 0.071,0.342 ± 0.083,0.876 ± 0.052,0.425 ± 0.104,0.260 ± 0.132,0.240 ± 0.124
DSS,specific,LumB,ExtraSurvTrees,Clin+Genes,15,0.644 ± 0.050,0.645 ± 0.057,0.607 ± 0.105,0.701 ± 0.075,0.670 ± 0.084,0.144 ± 0.019,0.148 ± 0.018,0.701 ± 0.074,0.360 ± 0.103,0.690 ± 0.058,0.640 ± 0.071,0.562 ± 0.172,0.718 ± 0.090,0.334 ± 0.086,0.873 ± 0.042,0.412 ± 0.099,0.240 ± 0.118,0.221 ± 0.107
DSS,specific,LumB,GBSA,Clin+Genes,15,0.636 ± 0.039,0.636 ± 0.049,0.594 ± 0.115,0.693 ± 0.061,0.651 ± 0.082,0.148 ± 0.019,0.150 ± 0.019,0.693 ± 0.061,0.385 ± 0.077,0.744 ± 0.051,0.607 ± 0.062,0.379 ± 0.129,0.835 ± 0.070,0.368 ± 0.137,0.845 ± 0.037,0.362 ± 0.120,0.213 ± 0.132,0.209 ± 0.131
DSS,specific,LumB,CW-GBSA,Clin+Genes,15,0.653 ± 0.046,0.652 ± 0.054,0.595 ± 0.121,0.709 ± 0.069,0.678 ± 0.068,0.141 ± 0.018,0.148 ± 0.019,0.709 ± 0.068,0.367 ± 0.070,0.669 ± 0.059,0.634 ± 0.067,0.579 ± 0.199,0.690 ± 0.105,0.314 ± 0.077,0.875 ± 0.048,0.396 ± 0.104,0.224 ± 0.113,0.199 ± 0.101
DSS,specific,LumB,SurvSVM,Clin+Genes,15,0.601 ± 0.053,0.598 ± 0.065,0.558 ± 0.095,0.636 ± 0.083,0.607 ± 0.081,,,0.637 ± 0.080,0.314 ± 0.076,0.653 ± 0.069,0.578 ± 0.088,0.459 ± 0.180,0.698 ± 0.091,0.271 ± 0.114,0.842 ± 0.043,0.336 ± 0.138,0.133 ± 0.156,0.125 ± 0.150
DSS,specific,LumB,XGB-Cox,Clin+Genes,15,0.622 ± 0.038,0.623 ± 0.050,0.566 ± 0.128,0.674 ± 0.061,0.639 ± 0.080,0.157 ± 0.021,0.157 ± 0.021,0.674 ± 0.061,0.353 ± 0.075,0.755 ± 0.047,0.578 ± 0.060,0.283 ± 0.141,0.873 ± 0.064,0.354 ± 0.117,0.831 ± 0.040,0.300 ± 0.121,0.168 ± 0.122,0.163 ± 0.121
DSS,specific,LumA,CoxPH,Clinical,15,0.694 ± 0.062,0.704 ± 0.077,0.695 ± 0.190,0.746 ± 0.098,0.728 ± 0.082,0.069 ± 0.017,0.053 ± 0.015,0.746 ± 0.099,0.358 ± 0.144,0.785 ± 0.062,0.701 ± 0.080,0.600 ± 0.196,0.802 ± 0.077,0.196 ± 0.054,0.960 ± 0.025,0.282 ± 0.069,0.247 ± 0.084,0.197 ± 0.070
DSS,specific,LumA,CoxNet,Clinical,15,0.691 ± 0.061,0.696 ± 0.075,0.704 ± 0.161,0.746 ± 0.085,0.719 ± 0.080,0.069 ± 0.017,0.054 ± 0.016,0.746 ± 0.087,0.368 ± 0.135,0.736 ± 0.063,0.697 ± 0.078,0.649 ± 0.161,0.745 ± 0.069,0.172 ± 0.057,0.962 ± 0.025,0.265 ± 0.076,0.226 ± 0.090,0.170 ± 0.079
DSS,specific,LumA,RSF,Clinical,15,0.694 ± 0.059,0.697 ± 0.068,0.706 ± 0.145,0.753 ± 0.089,0.721 ± 0.079,0.071 ± 0.016,0.057 ± 0.015,0.753 ± 0.090,0.321 ± 0.097,0.819 ± 0.059,0.707 ± 0.065,0.574 ± 0.148,0.841 ± 0.070,0.231 ± 0.077,0.959 ± 0.022,0.316 ± 0.077,0.276 ± 0.082,0.238 ± 0.085
DSS,specific,LumA,ExtraSurvTrees,Clinical,15,0.673 ± 0.055,0.683 ± 0.068,0.667 ± 0.162,0.718 ± 0.095,0.704 ± 0.072,0.073 ± 0.016,0.059 ± 0.015,0.717 ± 0.096,0.264 ± 0.095,0.745 ± 0.049,0.645 ± 0.071,0.526 ± 0.180,0.764 ± 0.062,0.149 ± 0.044,0.952 ± 0.025,0.226 ± 0.062,0.169 ± 0.078,0.128 ± 0.058
DSS,specific,LumA,GBSA,Clinical,15,0.696 ± 0.058,0.704 ± 0.063,0.742 ± 0.121,0.763 ± 0.086,0.733 ± 0.069,0.070 ± 0.015,0.055 ± 0.015,0.763 ± 0.087,0.317 ± 0.109,0.816 ± 0.037,0.676 ± 0.096,0.509 ± 0.224,0.844 ± 0.054,0.190 ± 0.095,0.954 ± 0.028,0.268 ± 0.120,0.224 ± 0.132,0.190 ± 0.119
DSS,specific,LumA,CW-GBSA,Clinical,15,0.687 ± 0.062,0.694 ± 0.070,0.701 ± 0.174,0.749 ± 0.090,0.717 ± 0.075,0.070 ± 0.016,0.054 ± 0.015,0.749 ± 0.091,0.348 ± 0.109,0.760 ± 0.063,0.697 ± 0.080,0.622 ± 0.180,0.772 ± 0.073,0.178 ± 0.047,0.961 ± 0.023,0.270 ± 0.064,0.232 ± 0.084,0.178 ± 0.066
DSS,specific,LumA,SurvSVM,Clinical,15,0.678 ± 0.053,0.696 ± 0.067,0.674 ± 0.175,0.736 ± 0.088,0.721 ± 0.074,,,0.736 ± 0.089,0.316 ± 0.125,0.751 ± 0.064,0.660 ± 0.093,0.552 ± 0.201,0.768 ± 0.074,0.157 ± 0.068,0.954 ± 0.027,0.238 ± 0.091,0.186 ± 0.113,0.142 ± 0.098
DSS,specific,LumA,XGB-Cox,Clinical,15,0.688 ± 0.059,0.695 ± 0.062,0.696 ± 0.158,0.734 ± 0.091,0.722 ± 0.068,0.069 ± 0.016,0.056 ± 0.014,0.734 ± 0.093,0.304 ± 0.127,0.784 ± 0.078,0.694 ± 0.090,0.585 ± 0.212,0.802 ± 0.093,0.200 ± 0.089,0.959 ± 0.027,0.281 ± 0.089,0.242 ± 0.106,0.196 ± 0.099
DSS,specific,LumA,CoxPH,Clin+Genes,15,0.686 ± 0.054,0.696 ± 0.063,0.703 ± 0.138,0.708 ± 0.113,0.717 ± 0.067,0.077 ± 0.019,0.061 ± 0.017,0.708 ± 0.113,0.267 ± 0.131,0.743 ± 0.076,0.655 ± 0.110,0.545 ± 0.294,0.764 ± 0.103,0.154 ± 0.069,0.953 ± 0.034,0.220 ± 0.071,0.175 ± 0.106,0.127 ± 0.080
DSS,specific,LumA,CoxNet,Clin+Genes,15,0.683 ± 0.056,0.689 ± 0.067,0.718 ± 0.131,0.717 ± 0.107,0.708 ± 0.075,0.073 ± 0.017,0.057 ± 0.016,0.717 ± 0.107,0.287 ± 0.143,0.745 ± 0.078,0.665 ± 0.113,0.569 ± 0.257,0.762 ± 0.095,0.154 ± 0.054,0.955 ± 0.030,0.233 ± 0.084,0.187 ± 0.120,0.137 ± 0.091
DSS,specific,LumA,RSF,Clin+Genes,15,0.694 ± 0.060,0.702 ± 0.072,0.684 ± 0.143,0.727 ± 0.105,0.728 ± 0.082,0.073 ± 0.017,0.059 ± 0.016,0.726 ± 0.106,0.235 ± 0.093,0.783 ± 0.057,0.637 ± 0.109,0.461 ± 0.265,0.813 ± 0.076,0.158 ± 0.079,0.948 ± 0.032,0.219 ± 0.098,0.165 ± 0.127,0.131 ± 0.105
DSS,specific,LumA,ExtraSurvTrees,Clin+Genes,15,0.685 ± 0.056,0.699 ± 0.068,0.679 ± 0.156,0.713 ± 0.105,0.721 ± 0.074,0.073 ± 0.017,0.059 ± 0.016,0.713 ± 0.105,0.259 ± 0.110,0.767 ± 0.074,0.647 ± 0.081,0.505 ± 0.213,0.790 ± 0.091,0.160 ± 0.050,0.952 ± 0.028,0.233 ± 0.069,0.179 ± 0.092,0.141 ± 0.074
DSS,specific,LumA,GBSA,Clin+Genes,15,0.701 ± 0.052,0.708 ± 0.064,0.713 ± 0.141,0.735 ± 0.098,0.731 ± 0.072,0.073 ± 0.017,0.059 ± 0.017,0.735 ± 0.099,0.238 ± 0.097,0.835 ± 0.038,0.641 ± 0.107,0.410 ± 0.242,0.872 ± 0.047,0.182 ± 0.089,0.947 ± 0.029,0.243 ± 0.119,0.189 ± 0.140,0.165 ± 0.124
DSS,specific,LumA,CW-GBSA,Clin+Genes,15,0.696 ± 0.055,0.701 ± 0.065,0.726 ± 0.141,0.743 ± 0.100,0.723 ± 0.075,0.071 ± 0.016,0.056 ± 0.016,0.743 ± 0.101,0.322 ± 0.129,0.736 ± 0.078,0.682 ± 0.103,0.616 ± 0.203,0.749 ± 0.089,0.172 ± 0.073,0.959 ± 0.027,0.256 ± 0.085,0.214 ± 0.115,0.162 ± 0.091
DSS,specific,LumA,SurvSVM,Clin+Genes,15,0.665 ± 0.051,0.676 ± 0.063,0.682 ± 0.120,0.689 ± 0.088,0.706 ± 0.071,,,0.689 ± 0.088,0.241 ± 0.116,0.712 ± 0.056,0.620 ± 0.093,0.509 ± 0.201,0.731 ± 0.068,0.130 ± 0.055,0.947 ± 0.029,0.200 ± 0.078,0.133 ± 0.105,0.097 ± 0.084
DSS,specific,LumA,XGB-Cox,Clin+Genes,15,0.690 ± 0.053,0.699 ± 0.060,0.693 ± 0.123,0.711 ± 0.096,0.724 ± 0.065,0.075 ± 0.016,0.061 ± 0.017,0.711 ± 0.097,0.197 ± 0.069,0.846 ± 0.038,0.590 ± 0.084,0.288 ± 0.188,0.893 ± 0.046,0.153 ± 0.100,0.938 ± 0.027,0.193 ± 0.122,0.129 ± 0.132,0.120 ± 0.126
